"","1","2","3","4","5","6","7","8","9","10"
"2730",0.107142857142857,0.107142857142857,0.0892857142857143,0.0892857142857143,0.125,0.0892857142857143,0.0892857142857143,0.107142857142857,0.0892857142857143,0.107142857142857
"10558",0.103448275862069,0.103448275862069,0.0862068965517241,0.0862068965517241,0.103448275862069,0.120689655172414,0.103448275862069,0.120689655172414,0.0862068965517241,0.0862068965517241
"12074",0.0943396226415094,0.0943396226415094,0.113207547169811,0.0943396226415094,0.113207547169811,0.0943396226415094,0.0943396226415094,0.113207547169811,0.0943396226415094,0.0943396226415094
"13224",0.0925925925925926,0.111111111111111,0.0925925925925926,0.111111111111111,0.0925925925925926,0.0925925925925926,0.0925925925925926,0.0925925925925926,0.0925925925925926,0.12962962962963
"4580",0.0909090909090909,0.109090909090909,0.0909090909090909,0.127272727272727,0.0909090909090909,0.109090909090909,0.0909090909090909,0.0909090909090909,0.109090909090909,0.0909090909090909
"11117",0.127272727272727,0.109090909090909,0.0909090909090909,0.0909090909090909,0.109090909090909,0.0909090909090909,0.0909090909090909,0.109090909090909,0.0909090909090909,0.0909090909090909
"11587",0.0943396226415094,0.0943396226415094,0.113207547169811,0.113207547169811,0.0943396226415094,0.0943396226415094,0.113207547169811,0.0943396226415094,0.0943396226415094,0.0943396226415094
"13167",0.0961538461538462,0.0961538461538462,0.0961538461538462,0.0961538461538462,0.0961538461538462,0.0961538461538462,0.0961538461538462,0.134615384615385,0.0961538461538462,0.0961538461538462
"9821",0.103448275862069,0.103448275862069,0.103448275862069,0.137931034482759,0.0862068965517241,0.103448275862069,0.0862068965517241,0.0862068965517241,0.0862068965517241,0.103448275862069
"1091",0.0769230769230769,0.0923076923076923,0.0769230769230769,0.0769230769230769,0.107692307692308,0.138461538461538,0.0923076923076923,0.0923076923076923,0.107692307692308,0.138461538461538
"11269",0.103448275862069,0.0862068965517241,0.0862068965517241,0.120689655172414,0.103448275862069,0.0862068965517241,0.103448275862069,0.0862068965517241,0.103448275862069,0.120689655172414
"8302",0.109090909090909,0.0909090909090909,0.0909090909090909,0.109090909090909,0.0909090909090909,0.0909090909090909,0.127272727272727,0.0909090909090909,0.109090909090909,0.0909090909090909
"1357",0.0757575757575758,0.0909090909090909,0.0757575757575758,0.0757575757575758,0.106060606060606,0.106060606060606,0.106060606060606,0.121212121212121,0.0757575757575758,0.166666666666667
"5943",0.137931034482759,0.0862068965517241,0.103448275862069,0.0862068965517241,0.103448275862069,0.0862068965517241,0.0862068965517241,0.103448275862069,0.0862068965517241,0.120689655172414
"6215",0.0862068965517241,0.155172413793103,0.0862068965517241,0.103448275862069,0.0862068965517241,0.103448275862069,0.0862068965517241,0.0862068965517241,0.0862068965517241,0.120689655172414
"8762",0.0961538461538462,0.0961538461538462,0.115384615384615,0.115384615384615,0.0961538461538462,0.0961538461538462,0.0961538461538462,0.0961538461538462,0.0961538461538462,0.0961538461538462
"2329",0.0862068965517241,0.103448275862069,0.0862068965517241,0.0862068965517241,0.0862068965517241,0.0862068965517241,0.120689655172414,0.0862068965517241,0.120689655172414,0.137931034482759
"785",0.0923076923076923,0.0769230769230769,0.0769230769230769,0.0769230769230769,0.138461538461538,0.123076923076923,0.0923076923076923,0.0923076923076923,0.153846153846154,0.0769230769230769
"11584",0.145454545454545,0.109090909090909,0.0909090909090909,0.0909090909090909,0.0909090909090909,0.0909090909090909,0.109090909090909,0.0909090909090909,0.0909090909090909,0.0909090909090909
"488",0.0714285714285714,0.0857142857142857,0.0714285714285714,0.157142857142857,0.1,0.1,0.0714285714285714,0.128571428571429,0.114285714285714,0.1
"8139",0.078125,0.078125,0.09375,0.125,0.078125,0.09375,0.09375,0.15625,0.078125,0.125
"12176",0.0980392156862745,0.0980392156862745,0.0980392156862745,0.117647058823529,0.0980392156862745,0.0980392156862745,0.0980392156862745,0.0980392156862745,0.0980392156862745,0.0980392156862745
"11701",0.109090909090909,0.109090909090909,0.0909090909090909,0.109090909090909,0.0909090909090909,0.0909090909090909,0.0909090909090909,0.0909090909090909,0.127272727272727,0.0909090909090909
"4442",0.103448275862069,0.103448275862069,0.0862068965517241,0.137931034482759,0.0862068965517241,0.0862068965517241,0.137931034482759,0.0862068965517241,0.0862068965517241,0.0862068965517241
"10164",0.101694915254237,0.101694915254237,0.0847457627118644,0.101694915254237,0.101694915254237,0.101694915254237,0.0847457627118644,0.0847457627118644,0.11864406779661,0.11864406779661
"102",0.0886075949367089,0.10126582278481,0.10126582278481,0.113924050632911,0.0759493670886076,0.0886075949367089,0.0886075949367089,0.139240506329114,0.0886075949367089,0.113924050632911
"5219",0.115384615384615,0.115384615384615,0.0961538461538462,0.0961538461538462,0.0961538461538462,0.0961538461538462,0.0961538461538462,0.0961538461538462,0.0961538461538462,0.0961538461538462
"4364",0.0980392156862745,0.0980392156862745,0.0980392156862745,0.117647058823529,0.0980392156862745,0.0980392156862745,0.0980392156862745,0.0980392156862745,0.0980392156862745,0.0980392156862745
"7874",0.0869565217391304,0.072463768115942,0.0869565217391304,0.072463768115942,0.144927536231884,0.0869565217391304,0.0869565217391304,0.115942028985507,0.159420289855072,0.0869565217391304
"8607",0.087719298245614,0.087719298245614,0.087719298245614,0.087719298245614,0.12280701754386,0.087719298245614,0.087719298245614,0.087719298245614,0.087719298245614,0.175438596491228
"10620",0.115384615384615,0.0961538461538462,0.0961538461538462,0.0961538461538462,0.0961538461538462,0.0961538461538462,0.0961538461538462,0.115384615384615,0.0961538461538462,0.0961538461538462
"3920",0.0980392156862745,0.0980392156862745,0.0980392156862745,0.0980392156862745,0.117647058823529,0.0980392156862745,0.0980392156862745,0.0980392156862745,0.0980392156862745,0.0980392156862745
"1139",0.0983606557377049,0.0983606557377049,0.0819672131147541,0.163934426229508,0.0819672131147541,0.114754098360656,0.0819672131147541,0.0819672131147541,0.0819672131147541,0.114754098360656
"1694",0.0769230769230769,0.107692307692308,0.123076923076923,0.123076923076923,0.0923076923076923,0.123076923076923,0.0769230769230769,0.0769230769230769,0.107692307692308,0.0923076923076923
"2975",0.0961538461538462,0.0961538461538462,0.0961538461538462,0.0961538461538462,0.115384615384615,0.0961538461538462,0.0961538461538462,0.0961538461538462,0.115384615384615,0.0961538461538462
"923",0.114285714285714,0.0714285714285714,0.0857142857142857,0.0857142857142857,0.0714285714285714,0.157142857142857,0.0857142857142857,0.114285714285714,0.114285714285714,0.1
"5836",0.0985915492957746,0.112676056338028,0.112676056338028,0.0704225352112676,0.126760563380282,0.0704225352112676,0.0704225352112676,0.140845070422535,0.0985915492957746,0.0985915492957746
"13614",0.0961538461538462,0.0961538461538462,0.115384615384615,0.115384615384615,0.0961538461538462,0.0961538461538462,0.0961538461538462,0.0961538461538462,0.0961538461538462,0.0961538461538462
"3757",0.120689655172414,0.0862068965517241,0.103448275862069,0.103448275862069,0.120689655172414,0.0862068965517241,0.0862068965517241,0.103448275862069,0.103448275862069,0.0862068965517241
"6377",0.12280701754386,0.12280701754386,0.087719298245614,0.087719298245614,0.105263157894737,0.087719298245614,0.087719298245614,0.105263157894737,0.105263157894737,0.087719298245614
"12900",0.0961538461538462,0.115384615384615,0.0961538461538462,0.0961538461538462,0.0961538461538462,0.0961538461538462,0.0961538461538462,0.0961538461538462,0.115384615384615,0.0961538461538462
"11530",0.0980392156862745,0.0980392156862745,0.0980392156862745,0.117647058823529,0.0980392156862745,0.0980392156862745,0.0980392156862745,0.0980392156862745,0.0980392156862745,0.0980392156862745
"918",0.134328358208955,0.119402985074627,0.0746268656716418,0.104477611940299,0.134328358208955,0.0895522388059701,0.104477611940299,0.0895522388059701,0.0746268656716418,0.0746268656716418
"11946",0.0925925925925926,0.0925925925925926,0.111111111111111,0.0925925925925926,0.0925925925925926,0.0925925925925926,0.111111111111111,0.0925925925925926,0.0925925925925926,0.12962962962963
"10266",0.121212121212121,0.106060606060606,0.136363636363636,0.0909090909090909,0.0757575757575758,0.0757575757575758,0.136363636363636,0.106060606060606,0.0757575757575758,0.0757575757575758
"5712",0.0961538461538462,0.0961538461538462,0.0961538461538462,0.0961538461538462,0.115384615384615,0.0961538461538462,0.0961538461538462,0.115384615384615,0.0961538461538462,0.0961538461538462
"11148",0.109090909090909,0.109090909090909,0.109090909090909,0.0909090909090909,0.0909090909090909,0.0909090909090909,0.109090909090909,0.0909090909090909,0.109090909090909,0.0909090909090909
"3626",0.109090909090909,0.109090909090909,0.145454545454545,0.0909090909090909,0.0909090909090909,0.0909090909090909,0.0909090909090909,0.0909090909090909,0.0909090909090909,0.0909090909090909
"6486",0.0980392156862745,0.0980392156862745,0.0980392156862745,0.117647058823529,0.0980392156862745,0.0980392156862745,0.0980392156862745,0.0980392156862745,0.0980392156862745,0.0980392156862745
"6987",0.125,0.0892857142857143,0.0892857142857143,0.107142857142857,0.125,0.0892857142857143,0.0892857142857143,0.0892857142857143,0.0892857142857143,0.107142857142857
"5823",0.0983606557377049,0.0655737704918033,0.155737704918033,0.0737704918032787,0.0573770491803279,0.0901639344262295,0.040983606557377,0.286885245901639,0.0491803278688525,0.0819672131147541
"9358",0.0980392156862745,0.0980392156862745,0.0980392156862745,0.0980392156862745,0.0980392156862745,0.0980392156862745,0.0980392156862745,0.0980392156862745,0.117647058823529,0.0980392156862745
"3906",0.0847457627118644,0.0847457627118644,0.101694915254237,0.101694915254237,0.101694915254237,0.0847457627118644,0.0847457627118644,0.135593220338983,0.135593220338983,0.0847457627118644
"1053",0.114754098360656,0.0819672131147541,0.0983606557377049,0.114754098360656,0.0819672131147541,0.0983606557377049,0.0983606557377049,0.0819672131147541,0.131147540983607,0.0983606557377049
"4832",0.0980392156862745,0.0980392156862745,0.0980392156862745,0.0980392156862745,0.0980392156862745,0.0980392156862745,0.0980392156862745,0.0980392156862745,0.117647058823529,0.0980392156862745
"5461",0.104477611940299,0.104477611940299,0.104477611940299,0.104477611940299,0.0746268656716418,0.0895522388059701,0.134328358208955,0.0895522388059701,0.119402985074627,0.0746268656716418
"12968",0.0847457627118644,0.101694915254237,0.0847457627118644,0.11864406779661,0.101694915254237,0.135593220338983,0.101694915254237,0.0847457627118644,0.101694915254237,0.0847457627118644
"11287",0.140350877192982,0.087719298245614,0.087719298245614,0.105263157894737,0.087719298245614,0.105263157894737,0.12280701754386,0.087719298245614,0.087719298245614,0.087719298245614
"11797",0.1,0.0833333333333333,0.15,0.0833333333333333,0.116666666666667,0.1,0.1,0.0833333333333333,0.1,0.0833333333333333
"9313",0.132075471698113,0.0943396226415094,0.0943396226415094,0.113207547169811,0.0943396226415094,0.0943396226415094,0.0943396226415094,0.0943396226415094,0.0943396226415094,0.0943396226415094
"9164",0.0892857142857143,0.0892857142857143,0.0892857142857143,0.0892857142857143,0.107142857142857,0.107142857142857,0.0892857142857143,0.142857142857143,0.0892857142857143,0.107142857142857
"10135",0.078125,0.09375,0.109375,0.125,0.109375,0.125,0.09375,0.078125,0.078125,0.109375
"8691",0.105263157894737,0.087719298245614,0.105263157894737,0.12280701754386,0.087719298245614,0.105263157894737,0.105263157894737,0.087719298245614,0.105263157894737,0.087719298245614
"5226",0.0925925925925926,0.111111111111111,0.0925925925925926,0.111111111111111,0.0925925925925926,0.0925925925925926,0.111111111111111,0.111111111111111,0.0925925925925926,0.0925925925925926
"1986",0.0819672131147541,0.0983606557377049,0.0819672131147541,0.0983606557377049,0.0983606557377049,0.0819672131147541,0.0819672131147541,0.19672131147541,0.0819672131147541,0.0983606557377049
"7443",0.101449275362319,0.0869565217391304,0.101449275362319,0.101449275362319,0.115942028985507,0.0869565217391304,0.072463768115942,0.130434782608696,0.0869565217391304,0.115942028985507
"11564",0.103448275862069,0.103448275862069,0.0862068965517241,0.103448275862069,0.103448275862069,0.103448275862069,0.103448275862069,0.0862068965517241,0.0862068965517241,0.120689655172414
"4287",0.101694915254237,0.101694915254237,0.101694915254237,0.101694915254237,0.0847457627118644,0.0847457627118644,0.101694915254237,0.0847457627118644,0.135593220338983,0.101694915254237
"1664",0.111111111111111,0.111111111111111,0.0925925925925926,0.111111111111111,0.0925925925925926,0.0925925925925926,0.0925925925925926,0.111111111111111,0.0925925925925926,0.0925925925925926
"4686",0.0847457627118644,0.0847457627118644,0.0847457627118644,0.101694915254237,0.11864406779661,0.0847457627118644,0.0847457627118644,0.135593220338983,0.101694915254237,0.11864406779661
"6276",0.12280701754386,0.105263157894737,0.105263157894737,0.087719298245614,0.105263157894737,0.087719298245614,0.087719298245614,0.087719298245614,0.105263157894737,0.105263157894737
"8360",0.109090909090909,0.109090909090909,0.109090909090909,0.0909090909090909,0.0909090909090909,0.0909090909090909,0.109090909090909,0.0909090909090909,0.109090909090909,0.0909090909090909
"11092",0.113207547169811,0.0943396226415094,0.0943396226415094,0.0943396226415094,0.0943396226415094,0.132075471698113,0.0943396226415094,0.0943396226415094,0.0943396226415094,0.0943396226415094
"7047",0.0909090909090909,0.127272727272727,0.0909090909090909,0.109090909090909,0.0909090909090909,0.0909090909090909,0.109090909090909,0.0909090909090909,0.109090909090909,0.0909090909090909
"4571",0.0892857142857143,0.0892857142857143,0.0892857142857143,0.107142857142857,0.0892857142857143,0.0892857142857143,0.125,0.107142857142857,0.0892857142857143,0.125
"6781",0.0961538461538462,0.115384615384615,0.0961538461538462,0.0961538461538462,0.0961538461538462,0.115384615384615,0.0961538461538462,0.0961538461538462,0.0961538461538462,0.0961538461538462
"1251",0.0847457627118644,0.0847457627118644,0.11864406779661,0.0847457627118644,0.0847457627118644,0.0847457627118644,0.0847457627118644,0.152542372881356,0.11864406779661,0.101694915254237
"9563",0.0819672131147541,0.0819672131147541,0.0819672131147541,0.0983606557377049,0.131147540983607,0.0819672131147541,0.0819672131147541,0.131147540983607,0.0819672131147541,0.147540983606557
"466",0.0963855421686747,0.072289156626506,0.072289156626506,0.120481927710843,0.0843373493975904,0.132530120481928,0.0843373493975904,0.0963855421686747,0.072289156626506,0.168674698795181
"2368",0.0793650793650794,0.0952380952380952,0.142857142857143,0.111111111111111,0.0952380952380952,0.111111111111111,0.0952380952380952,0.0952380952380952,0.0793650793650794,0.0952380952380952
"13025",0.0925925925925926,0.0925925925925926,0.12962962962963,0.0925925925925926,0.0925925925925926,0.0925925925925926,0.0925925925925926,0.12962962962963,0.0925925925925926,0.0925925925925926
"13956",0.126760563380282,0.126760563380282,0.0985915492957746,0.0704225352112676,0.0845070422535211,0.126760563380282,0.0845070422535211,0.0704225352112676,0.0704225352112676,0.140845070422535
"7448",0.101449275362319,0.0869565217391304,0.072463768115942,0.115942028985507,0.159420289855072,0.0869565217391304,0.072463768115942,0.0869565217391304,0.101449275362319,0.115942028985507
"7500",0.0945945945945946,0.121621621621622,0.0675675675675676,0.0945945945945946,0.0945945945945946,0.108108108108108,0.0945945945945946,0.0675675675675676,0.0945945945945946,0.162162162162162
"8241",0.0806451612903226,0.0967741935483871,0.0806451612903226,0.0967741935483871,0.112903225806452,0.0967741935483871,0.112903225806452,0.0967741935483871,0.0967741935483871,0.129032258064516
"2030",0.109375,0.078125,0.125,0.125,0.078125,0.09375,0.140625,0.078125,0.09375,0.078125
"13417",0.0909090909090909,0.109090909090909,0.109090909090909,0.127272727272727,0.0909090909090909,0.0909090909090909,0.0909090909090909,0.109090909090909,0.0909090909090909,0.0909090909090909
"11394",0.115384615384615,0.0961538461538462,0.115384615384615,0.0961538461538462,0.0961538461538462,0.0961538461538462,0.0961538461538462,0.0961538461538462,0.0961538461538462,0.0961538461538462
"2583",0.0961538461538462,0.0961538461538462,0.0961538461538462,0.0961538461538462,0.0961538461538462,0.0961538461538462,0.0961538461538462,0.115384615384615,0.115384615384615,0.0961538461538462
"5675",0.0961538461538462,0.115384615384615,0.0961538461538462,0.115384615384615,0.0961538461538462,0.0961538461538462,0.0961538461538462,0.0961538461538462,0.0961538461538462,0.0961538461538462
"5168",0.0833333333333333,0.0694444444444444,0.0833333333333333,0.152777777777778,0.0972222222222222,0.125,0.0972222222222222,0.0972222222222222,0.125,0.0694444444444444
"13694",0.0980392156862745,0.0980392156862745,0.0980392156862745,0.0980392156862745,0.0980392156862745,0.0980392156862745,0.117647058823529,0.0980392156862745,0.0980392156862745,0.0980392156862745
"2867",0.0862068965517241,0.0862068965517241,0.120689655172414,0.0862068965517241,0.0862068965517241,0.0862068965517241,0.103448275862069,0.103448275862069,0.103448275862069,0.137931034482759
"12461",0.078125,0.109375,0.09375,0.140625,0.109375,0.078125,0.09375,0.109375,0.078125,0.109375
"9262",0.0961538461538462,0.0961538461538462,0.115384615384615,0.0961538461538462,0.0961538461538462,0.0961538461538462,0.0961538461538462,0.0961538461538462,0.115384615384615,0.0961538461538462
"10442",0.105263157894737,0.105263157894737,0.12280701754386,0.087719298245614,0.12280701754386,0.087719298245614,0.087719298245614,0.087719298245614,0.105263157894737,0.087719298245614
"3509",0.0943396226415094,0.0943396226415094,0.0943396226415094,0.0943396226415094,0.0943396226415094,0.0943396226415094,0.113207547169811,0.132075471698113,0.0943396226415094,0.0943396226415094
"3901",0.0961538461538462,0.0961538461538462,0.0961538461538462,0.0961538461538462,0.134615384615385,0.0961538461538462,0.0961538461538462,0.0961538461538462,0.0961538461538462,0.0961538461538462
"11307",0.0925925925925926,0.0925925925925926,0.0925925925925926,0.111111111111111,0.111111111111111,0.0925925925925926,0.111111111111111,0.0925925925925926,0.111111111111111,0.0925925925925926
"6107",0.0819672131147541,0.0983606557377049,0.0819672131147541,0.0819672131147541,0.114754098360656,0.114754098360656,0.0983606557377049,0.147540983606557,0.0819672131147541,0.0983606557377049
"2596",0.109090909090909,0.0909090909090909,0.127272727272727,0.0909090909090909,0.0909090909090909,0.109090909090909,0.0909090909090909,0.0909090909090909,0.109090909090909,0.0909090909090909
"11969",0.1,0.0833333333333333,0.1,0.116666666666667,0.0833333333333333,0.0833333333333333,0.116666666666667,0.1,0.133333333333333,0.0833333333333333
"2282",0.103448275862069,0.0862068965517241,0.137931034482759,0.0862068965517241,0.0862068965517241,0.0862068965517241,0.137931034482759,0.0862068965517241,0.0862068965517241,0.103448275862069
"1848",0.0967741935483871,0.0806451612903226,0.145161290322581,0.0967741935483871,0.129032258064516,0.0806451612903226,0.0806451612903226,0.0806451612903226,0.112903225806452,0.0967741935483871
"1087",0.0833333333333333,0.116666666666667,0.1,0.133333333333333,0.0833333333333333,0.0833333333333333,0.1,0.0833333333333333,0.133333333333333,0.0833333333333333
"10333",0.103448275862069,0.0862068965517241,0.0862068965517241,0.137931034482759,0.0862068965517241,0.103448275862069,0.137931034482759,0.0862068965517241,0.0862068965517241,0.0862068965517241
"6217",0.0961538461538462,0.0961538461538462,0.115384615384615,0.0961538461538462,0.115384615384615,0.0961538461538462,0.0961538461538462,0.0961538461538462,0.0961538461538462,0.0961538461538462
"3275",0.12280701754386,0.12280701754386,0.087719298245614,0.087719298245614,0.105263157894737,0.105263157894737,0.087719298245614,0.087719298245614,0.105263157894737,0.087719298245614
"13753",0.0961538461538462,0.0961538461538462,0.0961538461538462,0.0961538461538462,0.0961538461538462,0.134615384615385,0.0961538461538462,0.0961538461538462,0.0961538461538462,0.0961538461538462
"11300",0.0943396226415094,0.132075471698113,0.0943396226415094,0.0943396226415094,0.113207547169811,0.0943396226415094,0.0943396226415094,0.0943396226415094,0.0943396226415094,0.0943396226415094
"3808",0.155172413793103,0.0862068965517241,0.0862068965517241,0.0862068965517241,0.0862068965517241,0.0862068965517241,0.155172413793103,0.0862068965517241,0.0862068965517241,0.0862068965517241
"9987",0.087719298245614,0.087719298245614,0.087719298245614,0.157894736842105,0.087719298245614,0.087719298245614,0.105263157894737,0.105263157894737,0.105263157894737,0.087719298245614
"606",0.105263157894737,0.105263157894737,0.0789473684210526,0.0789473684210526,0.0921052631578947,0.0789473684210526,0.118421052631579,0.0921052631578947,0.105263157894737,0.144736842105263
"3101",0.0961538461538462,0.0961538461538462,0.115384615384615,0.0961538461538462,0.0961538461538462,0.0961538461538462,0.0961538461538462,0.0961538461538462,0.115384615384615,0.0961538461538462
"557",0.0735294117647059,0.0735294117647059,0.132352941176471,0.0735294117647059,0.0735294117647059,0.102941176470588,0.0735294117647059,0.220588235294118,0.0735294117647059,0.102941176470588
"13310",0.0961538461538462,0.0961538461538462,0.0961538461538462,0.0961538461538462,0.0961538461538462,0.0961538461538462,0.115384615384615,0.0961538461538462,0.115384615384615,0.0961538461538462
"6361",0.0892857142857143,0.0892857142857143,0.107142857142857,0.0892857142857143,0.107142857142857,0.142857142857143,0.0892857142857143,0.0892857142857143,0.0892857142857143,0.107142857142857
"4250",0.105263157894737,0.087719298245614,0.105263157894737,0.087719298245614,0.087719298245614,0.105263157894737,0.105263157894737,0.140350877192982,0.087719298245614,0.087719298245614
"7146",0.0980392156862745,0.0980392156862745,0.0980392156862745,0.0980392156862745,0.0980392156862745,0.0980392156862745,0.0980392156862745,0.0980392156862745,0.117647058823529,0.0980392156862745
"5116",0.111111111111111,0.0952380952380952,0.0952380952380952,0.142857142857143,0.0793650793650794,0.142857142857143,0.0793650793650794,0.0952380952380952,0.0793650793650794,0.0793650793650794
"1062",0.123076923076923,0.0923076923076923,0.138461538461538,0.0769230769230769,0.0769230769230769,0.138461538461538,0.0769230769230769,0.107692307692308,0.0769230769230769,0.0923076923076923
"13371",0.0943396226415094,0.0943396226415094,0.113207547169811,0.0943396226415094,0.113207547169811,0.0943396226415094,0.0943396226415094,0.0943396226415094,0.113207547169811,0.0943396226415094
"8330",0.0909090909090909,0.0909090909090909,0.109090909090909,0.109090909090909,0.0909090909090909,0.0909090909090909,0.109090909090909,0.0909090909090909,0.109090909090909,0.109090909090909
"12107",0.120689655172414,0.0862068965517241,0.0862068965517241,0.103448275862069,0.137931034482759,0.0862068965517241,0.103448275862069,0.103448275862069,0.0862068965517241,0.0862068965517241
"12121",0.0943396226415094,0.0943396226415094,0.0943396226415094,0.0943396226415094,0.0943396226415094,0.113207547169811,0.113207547169811,0.0943396226415094,0.113207547169811,0.0943396226415094
"13888",0.0961538461538462,0.0961538461538462,0.115384615384615,0.115384615384615,0.0961538461538462,0.0961538461538462,0.0961538461538462,0.0961538461538462,0.0961538461538462,0.0961538461538462
"6297",0.0847457627118644,0.101694915254237,0.101694915254237,0.101694915254237,0.0847457627118644,0.11864406779661,0.101694915254237,0.0847457627118644,0.135593220338983,0.0847457627118644
"3388",0.114754098360656,0.131147540983607,0.0983606557377049,0.0983606557377049,0.0819672131147541,0.0819672131147541,0.0819672131147541,0.0819672131147541,0.131147540983607,0.0983606557377049
"1647",0.0909090909090909,0.0909090909090909,0.109090909090909,0.127272727272727,0.0909090909090909,0.0909090909090909,0.0909090909090909,0.109090909090909,0.0909090909090909,0.109090909090909
"13508",0.107142857142857,0.0892857142857143,0.125,0.107142857142857,0.0892857142857143,0.0892857142857143,0.107142857142857,0.0892857142857143,0.107142857142857,0.0892857142857143
"6960",0.078125,0.09375,0.09375,0.078125,0.109375,0.109375,0.109375,0.125,0.109375,0.09375
"6357",0.0909090909090909,0.0909090909090909,0.0909090909090909,0.0909090909090909,0.127272727272727,0.127272727272727,0.0909090909090909,0.0909090909090909,0.0909090909090909,0.109090909090909
"4654",0.103448275862069,0.103448275862069,0.120689655172414,0.137931034482759,0.0862068965517241,0.0862068965517241,0.0862068965517241,0.0862068965517241,0.103448275862069,0.0862068965517241
"12609",0.0819672131147541,0.0983606557377049,0.0819672131147541,0.114754098360656,0.0819672131147541,0.0819672131147541,0.114754098360656,0.163934426229508,0.0819672131147541,0.0983606557377049
"6282",0.109090909090909,0.0909090909090909,0.0909090909090909,0.109090909090909,0.109090909090909,0.0909090909090909,0.0909090909090909,0.109090909090909,0.0909090909090909,0.109090909090909
"7226",0.0972222222222222,0.0694444444444444,0.111111111111111,0.0972222222222222,0.138888888888889,0.0833333333333333,0.0694444444444444,0.0833333333333333,0.125,0.125
"304",0.135593220338983,0.101694915254237,0.101694915254237,0.0847457627118644,0.0847457627118644,0.0847457627118644,0.101694915254237,0.101694915254237,0.101694915254237,0.101694915254237
"3726",0.0925925925925926,0.0925925925925926,0.111111111111111,0.0925925925925926,0.0925925925925926,0.12962962962963,0.111111111111111,0.0925925925925926,0.0925925925925926,0.0925925925925926
"1473",0.133333333333333,0.0833333333333333,0.1,0.0833333333333333,0.1,0.15,0.0833333333333333,0.0833333333333333,0.1,0.0833333333333333
"13058",0.0961538461538462,0.0961538461538462,0.115384615384615,0.0961538461538462,0.0961538461538462,0.0961538461538462,0.115384615384615,0.0961538461538462,0.0961538461538462,0.0961538461538462
"14116",0.0793650793650794,0.0793650793650794,0.0793650793650794,0.0793650793650794,0.0952380952380952,0.158730158730159,0.0793650793650794,0.126984126984127,0.142857142857143,0.0793650793650794
"8996",0.0925925925925926,0.0925925925925926,0.0925925925925926,0.0925925925925926,0.0925925925925926,0.0925925925925926,0.12962962962963,0.0925925925925926,0.0925925925925926,0.12962962962963
"12168",0.0961538461538462,0.0961538461538462,0.115384615384615,0.0961538461538462,0.0961538461538462,0.0961538461538462,0.0961538461538462,0.0961538461538462,0.115384615384615,0.0961538461538462
"6156",0.0943396226415094,0.0943396226415094,0.0943396226415094,0.0943396226415094,0.113207547169811,0.113207547169811,0.0943396226415094,0.0943396226415094,0.0943396226415094,0.113207547169811
"6036",0.0819672131147541,0.0819672131147541,0.0983606557377049,0.180327868852459,0.0819672131147541,0.0819672131147541,0.114754098360656,0.0819672131147541,0.0983606557377049,0.0983606557377049
"5499",0.107142857142857,0.0892857142857143,0.107142857142857,0.107142857142857,0.0892857142857143,0.0892857142857143,0.107142857142857,0.0892857142857143,0.125,0.0892857142857143
"13979",0.078125,0.09375,0.125,0.078125,0.09375,0.125,0.078125,0.140625,0.09375,0.09375
"12740",0.125,0.0892857142857143,0.107142857142857,0.0892857142857143,0.0892857142857143,0.107142857142857,0.0892857142857143,0.107142857142857,0.107142857142857,0.0892857142857143
"4272",0.117647058823529,0.0980392156862745,0.0980392156862745,0.0980392156862745,0.0980392156862745,0.0980392156862745,0.0980392156862745,0.0980392156862745,0.0980392156862745,0.0980392156862745
"1189",0.1,0.116666666666667,0.1,0.0833333333333333,0.0833333333333333,0.133333333333333,0.116666666666667,0.0833333333333333,0.0833333333333333,0.1
"3557",0.113207547169811,0.132075471698113,0.0943396226415094,0.0943396226415094,0.0943396226415094,0.0943396226415094,0.0943396226415094,0.0943396226415094,0.0943396226415094,0.0943396226415094
"706",0.107142857142857,0.0892857142857143,0.0892857142857143,0.142857142857143,0.0892857142857143,0.0892857142857143,0.0892857142857143,0.107142857142857,0.0892857142857143,0.107142857142857
"11841",0.138461538461538,0.107692307692308,0.0923076923076923,0.0923076923076923,0.138461538461538,0.0769230769230769,0.107692307692308,0.0769230769230769,0.0923076923076923,0.0769230769230769
"1022",0.0714285714285714,0.0714285714285714,0.0857142857142857,0.1,0.114285714285714,0.157142857142857,0.0714285714285714,0.128571428571429,0.0714285714285714,0.128571428571429
"10205",0.109090909090909,0.0909090909090909,0.109090909090909,0.0909090909090909,0.0909090909090909,0.0909090909090909,0.127272727272727,0.0909090909090909,0.109090909090909,0.0909090909090909
"5651",0.107142857142857,0.0892857142857143,0.0892857142857143,0.125,0.125,0.0892857142857143,0.0892857142857143,0.0892857142857143,0.0892857142857143,0.107142857142857
"5839",0.0816326530612245,0.112244897959184,0.0612244897959184,0.122448979591837,0.102040816326531,0.173469387755102,0.0612244897959184,0.122448979591837,0.0612244897959184,0.102040816326531
"11953",0.132075471698113,0.0943396226415094,0.113207547169811,0.0943396226415094,0.0943396226415094,0.0943396226415094,0.0943396226415094,0.0943396226415094,0.0943396226415094,0.0943396226415094
"13353",0.0909090909090909,0.109090909090909,0.0909090909090909,0.109090909090909,0.0909090909090909,0.0909090909090909,0.109090909090909,0.0909090909090909,0.127272727272727,0.0909090909090909
"3654",0.0909090909090909,0.0909090909090909,0.0909090909090909,0.109090909090909,0.0909090909090909,0.0909090909090909,0.0909090909090909,0.145454545454545,0.0909090909090909,0.109090909090909
"6898",0.0943396226415094,0.0943396226415094,0.0943396226415094,0.0943396226415094,0.0943396226415094,0.132075471698113,0.0943396226415094,0.0943396226415094,0.0943396226415094,0.113207547169811
"4806",0.105263157894737,0.087719298245614,0.140350877192982,0.087719298245614,0.087719298245614,0.087719298245614,0.105263157894737,0.105263157894737,0.087719298245614,0.105263157894737
"7205",0.152542372881356,0.0847457627118644,0.0847457627118644,0.0847457627118644,0.0847457627118644,0.101694915254237,0.101694915254237,0.101694915254237,0.101694915254237,0.101694915254237
"9218",0.0892857142857143,0.0892857142857143,0.107142857142857,0.107142857142857,0.0892857142857143,0.107142857142857,0.107142857142857,0.0892857142857143,0.107142857142857,0.107142857142857
"4673",0.0980392156862745,0.0980392156862745,0.0980392156862745,0.0980392156862745,0.117647058823529,0.0980392156862745,0.0980392156862745,0.0980392156862745,0.0980392156862745,0.0980392156862745
"1256",0.127272727272727,0.109090909090909,0.0909090909090909,0.0909090909090909,0.0909090909090909,0.109090909090909,0.109090909090909,0.0909090909090909,0.0909090909090909,0.0909090909090909
"12191",0.0704225352112676,0.112676056338028,0.112676056338028,0.0845070422535211,0.126760563380282,0.0985915492957746,0.0704225352112676,0.112676056338028,0.0985915492957746,0.112676056338028
"8572",0.09375,0.078125,0.09375,0.09375,0.140625,0.078125,0.109375,0.109375,0.09375,0.109375
"5087",0.0892857142857143,0.0892857142857143,0.107142857142857,0.0892857142857143,0.0892857142857143,0.0892857142857143,0.125,0.0892857142857143,0.0892857142857143,0.142857142857143
"3049",0.0909090909090909,0.127272727272727,0.0909090909090909,0.0909090909090909,0.0909090909090909,0.109090909090909,0.127272727272727,0.0909090909090909,0.0909090909090909,0.0909090909090909
"993",0.174603174603175,0.0793650793650794,0.0793650793650794,0.0952380952380952,0.0952380952380952,0.0793650793650794,0.0952380952380952,0.0952380952380952,0.111111111111111,0.0952380952380952
"10607",0.0952380952380952,0.0793650793650794,0.111111111111111,0.174603174603175,0.142857142857143,0.0793650793650794,0.0793650793650794,0.0793650793650794,0.0793650793650794,0.0793650793650794
"8754",0.125,0.078125,0.109375,0.109375,0.15625,0.078125,0.09375,0.078125,0.078125,0.09375
"4648",0.0909090909090909,0.145454545454545,0.0909090909090909,0.109090909090909,0.109090909090909,0.0909090909090909,0.0909090909090909,0.0909090909090909,0.0909090909090909,0.0909090909090909
"6184",0.120689655172414,0.103448275862069,0.120689655172414,0.103448275862069,0.0862068965517241,0.0862068965517241,0.0862068965517241,0.0862068965517241,0.120689655172414,0.0862068965517241
"4031",0.0980392156862745,0.0980392156862745,0.0980392156862745,0.117647058823529,0.0980392156862745,0.0980392156862745,0.0980392156862745,0.0980392156862745,0.0980392156862745,0.0980392156862745
"2061",0.0909090909090909,0.109090909090909,0.109090909090909,0.109090909090909,0.0909090909090909,0.0909090909090909,0.0909090909090909,0.0909090909090909,0.0909090909090909,0.127272727272727
"8832",0.1,0.0833333333333333,0.0833333333333333,0.166666666666667,0.0833333333333333,0.0833333333333333,0.133333333333333,0.0833333333333333,0.0833333333333333,0.1
"6252",0.0909090909090909,0.109090909090909,0.0909090909090909,0.109090909090909,0.127272727272727,0.0909090909090909,0.109090909090909,0.0909090909090909,0.0909090909090909,0.0909090909090909
"389",0.0952380952380952,0.0793650793650794,0.111111111111111,0.0793650793650794,0.0952380952380952,0.111111111111111,0.0952380952380952,0.142857142857143,0.111111111111111,0.0793650793650794
"11034",0.111111111111111,0.111111111111111,0.0925925925925926,0.0925925925925926,0.0925925925925926,0.0925925925925926,0.12962962962963,0.0925925925925926,0.0925925925925926,0.0925925925925926
"185",0.101449275362319,0.0869565217391304,0.0869565217391304,0.130434782608696,0.130434782608696,0.072463768115942,0.0869565217391304,0.101449275362319,0.0869565217391304,0.115942028985507
"981",0.103448275862069,0.103448275862069,0.0862068965517241,0.0862068965517241,0.120689655172414,0.137931034482759,0.0862068965517241,0.103448275862069,0.0862068965517241,0.0862068965517241
"1402",0.0819672131147541,0.0983606557377049,0.0819672131147541,0.0983606557377049,0.114754098360656,0.0983606557377049,0.163934426229508,0.0819672131147541,0.0819672131147541,0.0983606557377049
"7961",0.0967741935483871,0.0967741935483871,0.112903225806452,0.0967741935483871,0.112903225806452,0.0967741935483871,0.112903225806452,0.0967741935483871,0.0806451612903226,0.0967741935483871
"3646",0.105263157894737,0.087719298245614,0.105263157894737,0.105263157894737,0.087719298245614,0.105263157894737,0.087719298245614,0.12280701754386,0.087719298245614,0.105263157894737
"1075",0.0819672131147541,0.0819672131147541,0.0819672131147541,0.114754098360656,0.0983606557377049,0.114754098360656,0.0983606557377049,0.114754098360656,0.0983606557377049,0.114754098360656
"2299",0.107142857142857,0.0892857142857143,0.107142857142857,0.107142857142857,0.107142857142857,0.107142857142857,0.0892857142857143,0.0892857142857143,0.0892857142857143,0.107142857142857
"1677",0.0983606557377049,0.114754098360656,0.114754098360656,0.131147540983607,0.0819672131147541,0.0819672131147541,0.0983606557377049,0.0819672131147541,0.114754098360656,0.0819672131147541
"6607",0.0980392156862745,0.0980392156862745,0.0980392156862745,0.0980392156862745,0.0980392156862745,0.0980392156862745,0.117647058823529,0.0980392156862745,0.0980392156862745,0.0980392156862745
"10162",0.0909090909090909,0.127272727272727,0.109090909090909,0.0909090909090909,0.109090909090909,0.0909090909090909,0.109090909090909,0.0909090909090909,0.0909090909090909,0.0909090909090909
"2781",0.107142857142857,0.0892857142857143,0.107142857142857,0.0892857142857143,0.0892857142857143,0.0892857142857143,0.0892857142857143,0.0892857142857143,0.142857142857143,0.107142857142857
"1734",0.112903225806452,0.129032258064516,0.0967741935483871,0.112903225806452,0.0806451612903226,0.0806451612903226,0.0806451612903226,0.112903225806452,0.112903225806452,0.0806451612903226
"3030",0.0862068965517241,0.120689655172414,0.137931034482759,0.0862068965517241,0.103448275862069,0.0862068965517241,0.0862068965517241,0.120689655172414,0.0862068965517241,0.0862068965517241
"8037",0.0909090909090909,0.121212121212121,0.0757575757575758,0.0909090909090909,0.0757575757575758,0.0757575757575758,0.212121212121212,0.0757575757575758,0.0757575757575758,0.106060606060606
"7449",0.126984126984127,0.111111111111111,0.111111111111111,0.0793650793650794,0.111111111111111,0.0952380952380952,0.0793650793650794,0.0952380952380952,0.0952380952380952,0.0952380952380952
"8534",0.0769230769230769,0.0923076923076923,0.138461538461538,0.0923076923076923,0.0923076923076923,0.138461538461538,0.0923076923076923,0.0923076923076923,0.0923076923076923,0.0923076923076923
"7719",0.116666666666667,0.15,0.0833333333333333,0.116666666666667,0.0833333333333333,0.0833333333333333,0.1,0.0833333333333333,0.1,0.0833333333333333
"12591",0.0806451612903226,0.0967741935483871,0.112903225806452,0.129032258064516,0.0806451612903226,0.0806451612903226,0.129032258064516,0.112903225806452,0.0967741935483871,0.0806451612903226
"1838",0.136363636363636,0.0909090909090909,0.0757575757575758,0.0757575757575758,0.0757575757575758,0.0909090909090909,0.0909090909090909,0.106060606060606,0.0757575757575758,0.181818181818182
"1859",0.0961538461538462,0.115384615384615,0.115384615384615,0.0961538461538462,0.0961538461538462,0.0961538461538462,0.0961538461538462,0.0961538461538462,0.0961538461538462,0.0961538461538462
"11181",0.087719298245614,0.105263157894737,0.087719298245614,0.105263157894737,0.105263157894737,0.087719298245614,0.12280701754386,0.087719298245614,0.087719298245614,0.12280701754386
"6218",0.120689655172414,0.0862068965517241,0.0862068965517241,0.120689655172414,0.103448275862069,0.120689655172414,0.0862068965517241,0.0862068965517241,0.103448275862069,0.0862068965517241
"1925",0.107692307692308,0.0923076923076923,0.0923076923076923,0.107692307692308,0.0769230769230769,0.107692307692308,0.107692307692308,0.123076923076923,0.107692307692308,0.0769230769230769
"9879",0.0943396226415094,0.0943396226415094,0.0943396226415094,0.132075471698113,0.113207547169811,0.0943396226415094,0.0943396226415094,0.0943396226415094,0.0943396226415094,0.0943396226415094
"10088",0.0925925925925926,0.0925925925925926,0.111111111111111,0.0925925925925926,0.0925925925925926,0.0925925925925926,0.111111111111111,0.111111111111111,0.0925925925925926,0.111111111111111
"8201",0.141176470588235,0.0705882352941176,0.105882352941176,0.0588235294117647,0.0941176470588235,0.105882352941176,0.164705882352941,0.0588235294117647,0.0588235294117647,0.141176470588235
"10916",0.0943396226415094,0.113207547169811,0.0943396226415094,0.113207547169811,0.0943396226415094,0.0943396226415094,0.0943396226415094,0.0943396226415094,0.113207547169811,0.0943396226415094
"9910",0.103448275862069,0.103448275862069,0.103448275862069,0.103448275862069,0.120689655172414,0.0862068965517241,0.0862068965517241,0.103448275862069,0.0862068965517241,0.103448275862069
"11748",0.0943396226415094,0.113207547169811,0.0943396226415094,0.113207547169811,0.0943396226415094,0.0943396226415094,0.113207547169811,0.0943396226415094,0.0943396226415094,0.0943396226415094
"4706",0.0892857142857143,0.125,0.107142857142857,0.0892857142857143,0.107142857142857,0.0892857142857143,0.0892857142857143,0.0892857142857143,0.107142857142857,0.107142857142857
"9051",0.0961538461538462,0.0961538461538462,0.115384615384615,0.0961538461538462,0.0961538461538462,0.0961538461538462,0.0961538461538462,0.0961538461538462,0.0961538461538462,0.115384615384615
"12241",0.105263157894737,0.157894736842105,0.087719298245614,0.087719298245614,0.087719298245614,0.087719298245614,0.105263157894737,0.087719298245614,0.105263157894737,0.087719298245614
"9554",0.109090909090909,0.0909090909090909,0.109090909090909,0.127272727272727,0.0909090909090909,0.0909090909090909,0.0909090909090909,0.109090909090909,0.0909090909090909,0.0909090909090909
"11541",0.111111111111111,0.12962962962963,0.0925925925925926,0.111111111111111,0.0925925925925926,0.0925925925925926,0.0925925925925926,0.0925925925925926,0.0925925925925926,0.0925925925925926
"5167",0.0980392156862745,0.0980392156862745,0.0980392156862745,0.0980392156862745,0.117647058823529,0.0980392156862745,0.0980392156862745,0.0980392156862745,0.0980392156862745,0.0980392156862745
"14312",0.0961538461538462,0.0961538461538462,0.0961538461538462,0.134615384615385,0.0961538461538462,0.0961538461538462,0.0961538461538462,0.0961538461538462,0.0961538461538462,0.0961538461538462
"7564",0.0882352941176471,0.102941176470588,0.0735294117647059,0.102941176470588,0.0882352941176471,0.117647058823529,0.0882352941176471,0.161764705882353,0.0882352941176471,0.0882352941176471
"8648",0.0961538461538462,0.0961538461538462,0.0961538461538462,0.0961538461538462,0.0961538461538462,0.0961538461538462,0.134615384615385,0.0961538461538462,0.0961538461538462,0.0961538461538462
"7942",0.109090909090909,0.0909090909090909,0.0909090909090909,0.0909090909090909,0.0909090909090909,0.0909090909090909,0.109090909090909,0.127272727272727,0.0909090909090909,0.109090909090909
"1247",0.0909090909090909,0.121212121212121,0.0909090909090909,0.136363636363636,0.0909090909090909,0.0909090909090909,0.0757575757575758,0.0909090909090909,0.0757575757575758,0.136363636363636
"11195",0.0909090909090909,0.0909090909090909,0.0909090909090909,0.109090909090909,0.0909090909090909,0.0909090909090909,0.0909090909090909,0.145454545454545,0.0909090909090909,0.109090909090909
"10636",0.0961538461538462,0.0961538461538462,0.0961538461538462,0.115384615384615,0.0961538461538462,0.0961538461538462,0.0961538461538462,0.0961538461538462,0.0961538461538462,0.115384615384615
"4175",0.0961538461538462,0.0961538461538462,0.0961538461538462,0.115384615384615,0.0961538461538462,0.0961538461538462,0.0961538461538462,0.0961538461538462,0.0961538461538462,0.115384615384615
"11437",0.0980392156862745,0.0980392156862745,0.0980392156862745,0.117647058823529,0.0980392156862745,0.0980392156862745,0.0980392156862745,0.0980392156862745,0.0980392156862745,0.0980392156862745
"6183",0.120689655172414,0.0862068965517241,0.0862068965517241,0.103448275862069,0.103448275862069,0.0862068965517241,0.120689655172414,0.0862068965517241,0.103448275862069,0.103448275862069
"4984",0.087719298245614,0.105263157894737,0.087719298245614,0.140350877192982,0.087719298245614,0.087719298245614,0.087719298245614,0.087719298245614,0.140350877192982,0.087719298245614
"8290",0.1,0.116666666666667,0.0833333333333333,0.116666666666667,0.0833333333333333,0.0833333333333333,0.0833333333333333,0.1,0.1,0.133333333333333
"8188",0.0862068965517241,0.120689655172414,0.0862068965517241,0.137931034482759,0.103448275862069,0.0862068965517241,0.0862068965517241,0.0862068965517241,0.103448275862069,0.103448275862069
"9287",0.107142857142857,0.125,0.107142857142857,0.0892857142857143,0.107142857142857,0.0892857142857143,0.0892857142857143,0.107142857142857,0.0892857142857143,0.0892857142857143
"2376",0.103448275862069,0.0862068965517241,0.103448275862069,0.0862068965517241,0.0862068965517241,0.137931034482759,0.120689655172414,0.103448275862069,0.0862068965517241,0.0862068965517241
"33",0.0784313725490196,0.0980392156862745,0.065359477124183,0.0522875816993464,0.065359477124183,0.215686274509804,0.0457516339869281,0.137254901960784,0.150326797385621,0.0915032679738562
"11026",0.0943396226415094,0.113207547169811,0.0943396226415094,0.113207547169811,0.113207547169811,0.0943396226415094,0.0943396226415094,0.0943396226415094,0.0943396226415094,0.0943396226415094
"1324",0.0909090909090909,0.0909090909090909,0.106060606060606,0.0909090909090909,0.0757575757575758,0.106060606060606,0.106060606060606,0.106060606060606,0.151515151515152,0.0757575757575758
"10265",0.107692307692308,0.107692307692308,0.0769230769230769,0.0923076923076923,0.123076923076923,0.0769230769230769,0.123076923076923,0.0769230769230769,0.123076923076923,0.0923076923076923
"10825",0.0980392156862745,0.0980392156862745,0.0980392156862745,0.0980392156862745,0.0980392156862745,0.0980392156862745,0.117647058823529,0.0980392156862745,0.0980392156862745,0.0980392156862745
"9331",0.128571428571429,0.0857142857142857,0.0857142857142857,0.128571428571429,0.0714285714285714,0.0857142857142857,0.114285714285714,0.1,0.0857142857142857,0.114285714285714
"5225",0.107142857142857,0.0892857142857143,0.107142857142857,0.142857142857143,0.0892857142857143,0.0892857142857143,0.107142857142857,0.0892857142857143,0.0892857142857143,0.0892857142857143
"4388",0.0925925925925926,0.0925925925925926,0.111111111111111,0.0925925925925926,0.0925925925925926,0.0925925925925926,0.12962962962963,0.0925925925925926,0.0925925925925926,0.111111111111111
"9902",0.0961538461538462,0.0961538461538462,0.115384615384615,0.0961538461538462,0.115384615384615,0.0961538461538462,0.0961538461538462,0.0961538461538462,0.0961538461538462,0.0961538461538462
"3528",0.107142857142857,0.107142857142857,0.107142857142857,0.107142857142857,0.0892857142857143,0.0892857142857143,0.107142857142857,0.0892857142857143,0.107142857142857,0.0892857142857143
"8638",0.106060606060606,0.0909090909090909,0.106060606060606,0.121212121212121,0.106060606060606,0.0757575757575758,0.106060606060606,0.0757575757575758,0.0909090909090909,0.121212121212121
"11464",0.0925925925925926,0.0925925925925926,0.0925925925925926,0.0925925925925926,0.111111111111111,0.0925925925925926,0.0925925925925926,0.111111111111111,0.111111111111111,0.111111111111111
"3624",0.103448275862069,0.0862068965517241,0.103448275862069,0.0862068965517241,0.0862068965517241,0.103448275862069,0.0862068965517241,0.103448275862069,0.155172413793103,0.0862068965517241
"3188",0.0847457627118644,0.0847457627118644,0.11864406779661,0.11864406779661,0.135593220338983,0.101694915254237,0.101694915254237,0.0847457627118644,0.0847457627118644,0.0847457627118644
"4350",0.0943396226415094,0.0943396226415094,0.113207547169811,0.0943396226415094,0.0943396226415094,0.0943396226415094,0.0943396226415094,0.113207547169811,0.113207547169811,0.0943396226415094
"13368",0.0980392156862745,0.0980392156862745,0.0980392156862745,0.0980392156862745,0.0980392156862745,0.0980392156862745,0.117647058823529,0.0980392156862745,0.0980392156862745,0.0980392156862745
"9364",0.0923076923076923,0.107692307692308,0.107692307692308,0.169230769230769,0.123076923076923,0.0923076923076923,0.0769230769230769,0.0769230769230769,0.0769230769230769,0.0769230769230769
"13315",0.0943396226415094,0.0943396226415094,0.0943396226415094,0.0943396226415094,0.0943396226415094,0.0943396226415094,0.132075471698113,0.0943396226415094,0.0943396226415094,0.113207547169811
"6642",0.113207547169811,0.0943396226415094,0.0943396226415094,0.113207547169811,0.113207547169811,0.0943396226415094,0.0943396226415094,0.0943396226415094,0.0943396226415094,0.0943396226415094
"6601",0.0961538461538462,0.0961538461538462,0.115384615384615,0.0961538461538462,0.0961538461538462,0.0961538461538462,0.0961538461538462,0.115384615384615,0.0961538461538462,0.0961538461538462
"8710",0.105263157894737,0.105263157894737,0.105263157894737,0.105263157894737,0.105263157894737,0.105263157894737,0.105263157894737,0.087719298245614,0.087719298245614,0.087719298245614
"1274",0.111111111111111,0.0925925925925926,0.111111111111111,0.0925925925925926,0.0925925925925926,0.0925925925925926,0.0925925925925926,0.111111111111111,0.111111111111111,0.0925925925925926
"5381",0.0961538461538462,0.0961538461538462,0.115384615384615,0.115384615384615,0.0961538461538462,0.0961538461538462,0.0961538461538462,0.0961538461538462,0.0961538461538462,0.0961538461538462
"988",0.0845070422535211,0.0845070422535211,0.0845070422535211,0.0845070422535211,0.0985915492957746,0.112676056338028,0.112676056338028,0.0704225352112676,0.140845070422535,0.126760563380282
"472",0.0806451612903226,0.0806451612903226,0.0967741935483871,0.129032258064516,0.0967741935483871,0.0806451612903226,0.112903225806452,0.0806451612903226,0.145161290322581,0.0967741935483871
"6608",0.0943396226415094,0.0943396226415094,0.0943396226415094,0.113207547169811,0.0943396226415094,0.0943396226415094,0.0943396226415094,0.0943396226415094,0.132075471698113,0.0943396226415094
"7337",0.0909090909090909,0.181818181818182,0.0779220779220779,0.116883116883117,0.0909090909090909,0.0649350649350649,0.0649350649350649,0.0909090909090909,0.0909090909090909,0.12987012987013
"2721",0.103448275862069,0.0862068965517241,0.103448275862069,0.0862068965517241,0.137931034482759,0.0862068965517241,0.103448275862069,0.103448275862069,0.0862068965517241,0.103448275862069
"14111",0.101010101010101,0.0606060606060606,0.0707070707070707,0.0707070707070707,0.131313131313131,0.0707070707070707,0.141414141414141,0.101010101010101,0.0909090909090909,0.161616161616162
"12923",0.0892857142857143,0.0892857142857143,0.0892857142857143,0.107142857142857,0.0892857142857143,0.125,0.107142857142857,0.107142857142857,0.0892857142857143,0.107142857142857
"3450",0.111111111111111,0.0925925925925926,0.0925925925925926,0.12962962962963,0.0925925925925926,0.0925925925925926,0.111111111111111,0.0925925925925926,0.0925925925925926,0.0925925925925926
"10097",0.111111111111111,0.0925925925925926,0.0925925925925926,0.111111111111111,0.0925925925925926,0.0925925925925926,0.111111111111111,0.0925925925925926,0.111111111111111,0.0925925925925926
"1527",0.0925925925925926,0.0925925925925926,0.111111111111111,0.111111111111111,0.111111111111111,0.0925925925925926,0.0925925925925926,0.111111111111111,0.0925925925925926,0.0925925925925926
"8226",0.139240506329114,0.10126582278481,0.113924050632911,0.10126582278481,0.0632911392405063,0.113924050632911,0.10126582278481,0.10126582278481,0.0886075949367089,0.0759493670886076
"13260",0.0909090909090909,0.127272727272727,0.0909090909090909,0.0909090909090909,0.109090909090909,0.0909090909090909,0.109090909090909,0.109090909090909,0.0909090909090909,0.0909090909090909
"5045",0.087719298245614,0.12280701754386,0.087719298245614,0.087719298245614,0.087719298245614,0.105263157894737,0.087719298245614,0.105263157894737,0.087719298245614,0.140350877192982
"8611",0.0793650793650794,0.126984126984127,0.0793650793650794,0.0793650793650794,0.111111111111111,0.0952380952380952,0.0952380952380952,0.0793650793650794,0.0952380952380952,0.158730158730159
"7326",0.0759493670886076,0.0886075949367089,0.0632911392405063,0.0886075949367089,0.189873417721519,0.10126582278481,0.10126582278481,0.0632911392405063,0.0886075949367089,0.139240506329114
"9972",0.117647058823529,0.0980392156862745,0.0980392156862745,0.0980392156862745,0.0980392156862745,0.0980392156862745,0.0980392156862745,0.0980392156862745,0.0980392156862745,0.0980392156862745
"12202",0.111111111111111,0.0952380952380952,0.111111111111111,0.0793650793650794,0.0952380952380952,0.0952380952380952,0.0952380952380952,0.0793650793650794,0.0952380952380952,0.142857142857143
"7436",0.0704225352112676,0.0985915492957746,0.140845070422535,0.0704225352112676,0.0704225352112676,0.0845070422535211,0.0845070422535211,0.112676056338028,0.112676056338028,0.154929577464789
"14298",0.0980392156862745,0.0980392156862745,0.0980392156862745,0.0980392156862745,0.0980392156862745,0.0980392156862745,0.0980392156862745,0.117647058823529,0.0980392156862745,0.0980392156862745
"10370",0.0980392156862745,0.0980392156862745,0.0980392156862745,0.0980392156862745,0.0980392156862745,0.0980392156862745,0.0980392156862745,0.0980392156862745,0.117647058823529,0.0980392156862745
"2185",0.107142857142857,0.107142857142857,0.0892857142857143,0.0892857142857143,0.125,0.107142857142857,0.107142857142857,0.0892857142857143,0.0892857142857143,0.0892857142857143
"12148",0.103448275862069,0.0862068965517241,0.103448275862069,0.120689655172414,0.103448275862069,0.0862068965517241,0.103448275862069,0.0862068965517241,0.103448275862069,0.103448275862069
"11491",0.0943396226415094,0.0943396226415094,0.0943396226415094,0.0943396226415094,0.0943396226415094,0.0943396226415094,0.113207547169811,0.132075471698113,0.0943396226415094,0.0943396226415094
"13096",0.109090909090909,0.109090909090909,0.0909090909090909,0.127272727272727,0.0909090909090909,0.0909090909090909,0.0909090909090909,0.0909090909090909,0.109090909090909,0.0909090909090909
"7583",0.108108108108108,0.121621621621622,0.108108108108108,0.121621621621622,0.0675675675675676,0.121621621621622,0.0945945945945946,0.0810810810810811,0.0810810810810811,0.0945945945945946
"7948",0.0857142857142857,0.0857142857142857,0.0714285714285714,0.0714285714285714,0.128571428571429,0.0857142857142857,0.185714285714286,0.0857142857142857,0.0714285714285714,0.128571428571429
"4148",0.0980392156862745,0.0980392156862745,0.0980392156862745,0.0980392156862745,0.0980392156862745,0.0980392156862745,0.117647058823529,0.0980392156862745,0.0980392156862745,0.0980392156862745
"830",0.112676056338028,0.0985915492957746,0.112676056338028,0.0704225352112676,0.0704225352112676,0.0704225352112676,0.0845070422535211,0.0985915492957746,0.0704225352112676,0.211267605633803
"14006",0.0714285714285714,0.128571428571429,0.114285714285714,0.114285714285714,0.0714285714285714,0.0857142857142857,0.114285714285714,0.1,0.128571428571429,0.0714285714285714
"13196",0.087719298245614,0.087719298245614,0.087719298245614,0.12280701754386,0.087719298245614,0.087719298245614,0.087719298245614,0.087719298245614,0.175438596491228,0.087719298245614
"1481",0.103448275862069,0.0862068965517241,0.103448275862069,0.120689655172414,0.0862068965517241,0.103448275862069,0.120689655172414,0.0862068965517241,0.0862068965517241,0.103448275862069
"9758",0.107142857142857,0.125,0.107142857142857,0.107142857142857,0.0892857142857143,0.0892857142857143,0.0892857142857143,0.0892857142857143,0.107142857142857,0.0892857142857143
"11182",0.0983606557377049,0.114754098360656,0.0819672131147541,0.114754098360656,0.114754098360656,0.0819672131147541,0.131147540983607,0.0819672131147541,0.0819672131147541,0.0983606557377049
"2950",0.0806451612903226,0.112903225806452,0.0806451612903226,0.129032258064516,0.0806451612903226,0.0967741935483871,0.145161290322581,0.0806451612903226,0.112903225806452,0.0806451612903226
"10735",0.111111111111111,0.148148148148148,0.0925925925925926,0.0925925925925926,0.0925925925925926,0.0925925925925926,0.0925925925925926,0.0925925925925926,0.0925925925925926,0.0925925925925926
"694",0.0895522388059701,0.0895522388059701,0.0746268656716418,0.0895522388059701,0.0746268656716418,0.17910447761194,0.0746268656716418,0.0895522388059701,0.119402985074627,0.119402985074627
"1866",0.145161290322581,0.0967741935483871,0.0806451612903226,0.0967741935483871,0.0967741935483871,0.0967741935483871,0.112903225806452,0.0806451612903226,0.0806451612903226,0.112903225806452
"8255",0.0862068965517241,0.103448275862069,0.103448275862069,0.103448275862069,0.103448275862069,0.0862068965517241,0.137931034482759,0.0862068965517241,0.0862068965517241,0.103448275862069
"9231",0.0967741935483871,0.145161290322581,0.0806451612903226,0.0967741935483871,0.112903225806452,0.112903225806452,0.112903225806452,0.0806451612903226,0.0806451612903226,0.0806451612903226
"12759",0.0833333333333333,0.0833333333333333,0.1,0.0833333333333333,0.0833333333333333,0.133333333333333,0.0833333333333333,0.133333333333333,0.116666666666667,0.1
"2377",0.107142857142857,0.125,0.0892857142857143,0.0892857142857143,0.0892857142857143,0.0892857142857143,0.0892857142857143,0.0892857142857143,0.125,0.107142857142857
"14254",0.117647058823529,0.0980392156862745,0.0980392156862745,0.0980392156862745,0.0980392156862745,0.0980392156862745,0.0980392156862745,0.0980392156862745,0.0980392156862745,0.0980392156862745
"12688",0.0892857142857143,0.0892857142857143,0.107142857142857,0.0892857142857143,0.0892857142857143,0.107142857142857,0.0892857142857143,0.142857142857143,0.107142857142857,0.0892857142857143
"5194",0.107142857142857,0.0892857142857143,0.107142857142857,0.0892857142857143,0.107142857142857,0.0892857142857143,0.107142857142857,0.0892857142857143,0.107142857142857,0.107142857142857
"5095",0.0925925925925926,0.0925925925925926,0.0925925925925926,0.111111111111111,0.0925925925925926,0.111111111111111,0.0925925925925926,0.111111111111111,0.0925925925925926,0.111111111111111
"342",0.0941176470588235,0.0823529411764706,0.164705882352941,0.0823529411764706,0.0941176470588235,0.117647058823529,0.0823529411764706,0.0941176470588235,0.105882352941176,0.0823529411764706
"10932",0.109375,0.125,0.09375,0.125,0.078125,0.078125,0.078125,0.125,0.09375,0.09375
"13621",0.115384615384615,0.0961538461538462,0.115384615384615,0.0961538461538462,0.0961538461538462,0.0961538461538462,0.0961538461538462,0.0961538461538462,0.0961538461538462,0.0961538461538462
"4963",0.125,0.107142857142857,0.0892857142857143,0.142857142857143,0.0892857142857143,0.0892857142857143,0.0892857142857143,0.0892857142857143,0.0892857142857143,0.0892857142857143
"4794",0.0961538461538462,0.0961538461538462,0.0961538461538462,0.0961538461538462,0.0961538461538462,0.115384615384615,0.115384615384615,0.0961538461538462,0.0961538461538462,0.0961538461538462
"7529",0.078125,0.078125,0.125,0.078125,0.078125,0.078125,0.09375,0.125,0.109375,0.15625
"14080",0.0909090909090909,0.109090909090909,0.109090909090909,0.0909090909090909,0.0909090909090909,0.0909090909090909,0.0909090909090909,0.109090909090909,0.0909090909090909,0.127272727272727
"2191",0.0967741935483871,0.0967741935483871,0.0806451612903226,0.0806451612903226,0.0806451612903226,0.145161290322581,0.129032258064516,0.0806451612903226,0.0967741935483871,0.112903225806452
"11426",0.0980392156862745,0.0980392156862745,0.0980392156862745,0.117647058823529,0.0980392156862745,0.0980392156862745,0.0980392156862745,0.0980392156862745,0.0980392156862745,0.0980392156862745
"9657",0.0862068965517241,0.103448275862069,0.103448275862069,0.0862068965517241,0.120689655172414,0.103448275862069,0.0862068965517241,0.103448275862069,0.0862068965517241,0.120689655172414
"5204",0.101694915254237,0.0847457627118644,0.101694915254237,0.101694915254237,0.101694915254237,0.0847457627118644,0.101694915254237,0.101694915254237,0.11864406779661,0.101694915254237
"2567",0.12280701754386,0.12280701754386,0.087719298245614,0.12280701754386,0.087719298245614,0.087719298245614,0.087719298245614,0.087719298245614,0.105263157894737,0.087719298245614
"4327",0.0943396226415094,0.113207547169811,0.0943396226415094,0.0943396226415094,0.0943396226415094,0.0943396226415094,0.0943396226415094,0.132075471698113,0.0943396226415094,0.0943396226415094
"8496",0.109090909090909,0.109090909090909,0.0909090909090909,0.109090909090909,0.0909090909090909,0.0909090909090909,0.0909090909090909,0.0909090909090909,0.127272727272727,0.0909090909090909
"4791",0.0943396226415094,0.0943396226415094,0.0943396226415094,0.0943396226415094,0.132075471698113,0.0943396226415094,0.113207547169811,0.0943396226415094,0.0943396226415094,0.0943396226415094
"4715",0.0961538461538462,0.0961538461538462,0.115384615384615,0.115384615384615,0.0961538461538462,0.0961538461538462,0.0961538461538462,0.0961538461538462,0.0961538461538462,0.0961538461538462
"1923",0.127272727272727,0.0909090909090909,0.109090909090909,0.0909090909090909,0.109090909090909,0.0909090909090909,0.0909090909090909,0.0909090909090909,0.109090909090909,0.0909090909090909
"4286",0.0892857142857143,0.107142857142857,0.0892857142857143,0.0892857142857143,0.0892857142857143,0.107142857142857,0.142857142857143,0.107142857142857,0.0892857142857143,0.0892857142857143
"4259",0.0980392156862745,0.117647058823529,0.0980392156862745,0.0980392156862745,0.0980392156862745,0.0980392156862745,0.0980392156862745,0.0980392156862745,0.0980392156862745,0.0980392156862745
"2667",0.0943396226415094,0.0943396226415094,0.0943396226415094,0.0943396226415094,0.0943396226415094,0.113207547169811,0.0943396226415094,0.113207547169811,0.113207547169811,0.0943396226415094
"2072",0.0961538461538462,0.0961538461538462,0.115384615384615,0.115384615384615,0.0961538461538462,0.0961538461538462,0.0961538461538462,0.0961538461538462,0.0961538461538462,0.0961538461538462
"1904",0.105263157894737,0.105263157894737,0.105263157894737,0.105263157894737,0.105263157894737,0.12280701754386,0.087719298245614,0.087719298245614,0.087719298245614,0.087719298245614
"13175",0.0943396226415094,0.113207547169811,0.0943396226415094,0.0943396226415094,0.0943396226415094,0.0943396226415094,0.0943396226415094,0.132075471698113,0.0943396226415094,0.0943396226415094
"9170",0.112903225806452,0.112903225806452,0.112903225806452,0.0806451612903226,0.129032258064516,0.0806451612903226,0.112903225806452,0.0806451612903226,0.0967741935483871,0.0806451612903226
"12011",0.0980392156862745,0.0980392156862745,0.0980392156862745,0.117647058823529,0.0980392156862745,0.0980392156862745,0.0980392156862745,0.0980392156862745,0.0980392156862745,0.0980392156862745
"10059",0.109090909090909,0.0909090909090909,0.109090909090909,0.0909090909090909,0.109090909090909,0.0909090909090909,0.0909090909090909,0.109090909090909,0.0909090909090909,0.109090909090909
"7106",0.0980392156862745,0.0980392156862745,0.0980392156862745,0.0980392156862745,0.0980392156862745,0.0980392156862745,0.0980392156862745,0.0980392156862745,0.117647058823529,0.0980392156862745
"9467",0.0952380952380952,0.111111111111111,0.126984126984127,0.0793650793650794,0.142857142857143,0.0793650793650794,0.0952380952380952,0.0793650793650794,0.0952380952380952,0.0952380952380952
"7727",0.072463768115942,0.159420289855072,0.115942028985507,0.0869565217391304,0.173913043478261,0.072463768115942,0.072463768115942,0.072463768115942,0.0869565217391304,0.0869565217391304
"7712",0.0769230769230769,0.0923076923076923,0.0923076923076923,0.107692307692308,0.0923076923076923,0.0923076923076923,0.0769230769230769,0.107692307692308,0.123076923076923,0.138461538461538
"13773",0.0925925925925926,0.111111111111111,0.111111111111111,0.111111111111111,0.0925925925925926,0.0925925925925926,0.111111111111111,0.0925925925925926,0.0925925925925926,0.0925925925925926
"8237",0.109090909090909,0.145454545454545,0.0909090909090909,0.109090909090909,0.0909090909090909,0.0909090909090909,0.0909090909090909,0.0909090909090909,0.0909090909090909,0.0909090909090909
"8185",0.0909090909090909,0.109090909090909,0.0909090909090909,0.109090909090909,0.109090909090909,0.0909090909090909,0.109090909090909,0.109090909090909,0.0909090909090909,0.0909090909090909
"8007",0.087719298245614,0.105263157894737,0.105263157894737,0.087719298245614,0.12280701754386,0.105263157894737,0.105263157894737,0.087719298245614,0.105263157894737,0.087719298245614
"9499",0.0980392156862745,0.0980392156862745,0.0980392156862745,0.0980392156862745,0.0980392156862745,0.0980392156862745,0.0980392156862745,0.0980392156862745,0.117647058823529,0.0980392156862745
"13088",0.087719298245614,0.105263157894737,0.105263157894737,0.087719298245614,0.087719298245614,0.087719298245614,0.12280701754386,0.12280701754386,0.087719298245614,0.105263157894737
"2907",0.107142857142857,0.107142857142857,0.107142857142857,0.125,0.0892857142857143,0.0892857142857143,0.0892857142857143,0.0892857142857143,0.107142857142857,0.0892857142857143
"6885",0.0806451612903226,0.129032258064516,0.112903225806452,0.0967741935483871,0.0806451612903226,0.112903225806452,0.0806451612903226,0.0806451612903226,0.0806451612903226,0.145161290322581
"13034",0.0892857142857143,0.0892857142857143,0.0892857142857143,0.0892857142857143,0.0892857142857143,0.125,0.0892857142857143,0.107142857142857,0.125,0.107142857142857
"9445",0.0862068965517241,0.103448275862069,0.0862068965517241,0.120689655172414,0.103448275862069,0.103448275862069,0.120689655172414,0.0862068965517241,0.103448275862069,0.0862068965517241
"8458",0.107142857142857,0.107142857142857,0.0892857142857143,0.0892857142857143,0.0892857142857143,0.0892857142857143,0.0892857142857143,0.142857142857143,0.107142857142857,0.0892857142857143
"11873",0.0943396226415094,0.0943396226415094,0.0943396226415094,0.0943396226415094,0.0943396226415094,0.0943396226415094,0.0943396226415094,0.0943396226415094,0.113207547169811,0.132075471698113
"612",0.108108108108108,0.0810810810810811,0.0945945945945946,0.121621621621622,0.0810810810810811,0.0810810810810811,0.0945945945945946,0.108108108108108,0.135135135135135,0.0945945945945946
"2068",0.0806451612903226,0.129032258064516,0.0806451612903226,0.129032258064516,0.0806451612903226,0.112903225806452,0.0967741935483871,0.0967741935483871,0.0967741935483871,0.0967741935483871
"11890",0.113207547169811,0.0943396226415094,0.0943396226415094,0.113207547169811,0.0943396226415094,0.0943396226415094,0.113207547169811,0.0943396226415094,0.0943396226415094,0.0943396226415094
"4977",0.0909090909090909,0.0909090909090909,0.127272727272727,0.0909090909090909,0.0909090909090909,0.0909090909090909,0.0909090909090909,0.145454545454545,0.0909090909090909,0.0909090909090909
"5411",0.115384615384615,0.0961538461538462,0.0961538461538462,0.0961538461538462,0.0961538461538462,0.0961538461538462,0.0961538461538462,0.0961538461538462,0.115384615384615,0.0961538461538462
"1609",0.0967741935483871,0.0806451612903226,0.112903225806452,0.0967741935483871,0.0806451612903226,0.112903225806452,0.0806451612903226,0.112903225806452,0.145161290322581,0.0806451612903226
"4772",0.0892857142857143,0.0892857142857143,0.0892857142857143,0.0892857142857143,0.107142857142857,0.107142857142857,0.107142857142857,0.107142857142857,0.0892857142857143,0.125
"5834",0.102272727272727,0.0568181818181818,0.0681818181818182,0.0795454545454545,0.125,0.0909090909090909,0.113636363636364,0.102272727272727,0.0795454545454545,0.181818181818182
"1112",0.0882352941176471,0.117647058823529,0.0882352941176471,0.102941176470588,0.102941176470588,0.147058823529412,0.0735294117647059,0.0735294117647059,0.102941176470588,0.102941176470588
"8075",0.112903225806452,0.112903225806452,0.0806451612903226,0.129032258064516,0.0967741935483871,0.112903225806452,0.0806451612903226,0.0806451612903226,0.112903225806452,0.0806451612903226
"7690",0.0806451612903226,0.0967741935483871,0.0967741935483871,0.0806451612903226,0.0806451612903226,0.112903225806452,0.0967741935483871,0.0967741935483871,0.112903225806452,0.145161290322581
"8329",0.107692307692308,0.107692307692308,0.0769230769230769,0.0769230769230769,0.0769230769230769,0.138461538461538,0.123076923076923,0.123076923076923,0.0769230769230769,0.0923076923076923
"10949",0.09375,0.125,0.078125,0.078125,0.09375,0.078125,0.140625,0.078125,0.078125,0.15625
"9628",0.120689655172414,0.120689655172414,0.0862068965517241,0.0862068965517241,0.120689655172414,0.0862068965517241,0.103448275862069,0.0862068965517241,0.0862068965517241,0.103448275862069
"6603",0.0925925925925926,0.0925925925925926,0.0925925925925926,0.0925925925925926,0.111111111111111,0.0925925925925926,0.0925925925925926,0.111111111111111,0.12962962962963,0.0925925925925926
"7499",0.0793650793650794,0.111111111111111,0.126984126984127,0.0793650793650794,0.158730158730159,0.0793650793650794,0.0793650793650794,0.0793650793650794,0.0952380952380952,0.111111111111111
"6331",0.0909090909090909,0.0909090909090909,0.109090909090909,0.0909090909090909,0.0909090909090909,0.127272727272727,0.109090909090909,0.0909090909090909,0.109090909090909,0.0909090909090909
"7730",0.0895522388059701,0.0895522388059701,0.104477611940299,0.119402985074627,0.0895522388059701,0.0895522388059701,0.104477611940299,0.119402985074627,0.0746268656716418,0.119402985074627
"8958",0.107142857142857,0.0892857142857143,0.0892857142857143,0.107142857142857,0.107142857142857,0.0892857142857143,0.107142857142857,0.0892857142857143,0.125,0.0892857142857143
"6188",0.0892857142857143,0.107142857142857,0.0892857142857143,0.0892857142857143,0.107142857142857,0.0892857142857143,0.0892857142857143,0.142857142857143,0.107142857142857,0.0892857142857143
"4456",0.0980392156862745,0.0980392156862745,0.0980392156862745,0.0980392156862745,0.0980392156862745,0.0980392156862745,0.0980392156862745,0.117647058823529,0.0980392156862745,0.0980392156862745
"5996",0.111111111111111,0.126984126984127,0.0952380952380952,0.0952380952380952,0.0952380952380952,0.0793650793650794,0.0952380952380952,0.0952380952380952,0.126984126984127,0.0793650793650794
"9670",0.113207547169811,0.0943396226415094,0.0943396226415094,0.0943396226415094,0.113207547169811,0.113207547169811,0.0943396226415094,0.0943396226415094,0.0943396226415094,0.0943396226415094
"9620",0.0961538461538462,0.115384615384615,0.0961538461538462,0.0961538461538462,0.0961538461538462,0.0961538461538462,0.0961538461538462,0.115384615384615,0.0961538461538462,0.0961538461538462
"13017",0.111111111111111,0.0925925925925926,0.0925925925925926,0.111111111111111,0.111111111111111,0.0925925925925926,0.111111111111111,0.0925925925925926,0.0925925925925926,0.0925925925925926
"2929",0.1,0.0833333333333333,0.133333333333333,0.1,0.0833333333333333,0.0833333333333333,0.0833333333333333,0.15,0.0833333333333333,0.1
"14081",0.0980392156862745,0.0980392156862745,0.0980392156862745,0.117647058823529,0.0980392156862745,0.0980392156862745,0.0980392156862745,0.0980392156862745,0.0980392156862745,0.0980392156862745
"8627",0.101694915254237,0.0847457627118644,0.101694915254237,0.101694915254237,0.11864406779661,0.0847457627118644,0.135593220338983,0.0847457627118644,0.101694915254237,0.0847457627118644
"12938",0.0980392156862745,0.0980392156862745,0.0980392156862745,0.117647058823529,0.0980392156862745,0.0980392156862745,0.0980392156862745,0.0980392156862745,0.0980392156862745,0.0980392156862745
"12993",0.12962962962963,0.0925925925925926,0.0925925925925926,0.0925925925925926,0.0925925925925926,0.0925925925925926,0.111111111111111,0.0925925925925926,0.0925925925925926,0.111111111111111
"8426",0.1,0.0833333333333333,0.1,0.1,0.116666666666667,0.116666666666667,0.0833333333333333,0.1,0.1,0.1
"3245",0.0925925925925926,0.0925925925925926,0.0925925925925926,0.0925925925925926,0.0925925925925926,0.12962962962963,0.0925925925925926,0.0925925925925926,0.12962962962963,0.0925925925925926
"2343",0.0892857142857143,0.0892857142857143,0.125,0.0892857142857143,0.0892857142857143,0.0892857142857143,0.0892857142857143,0.107142857142857,0.0892857142857143,0.142857142857143
"13720",0.0980392156862745,0.0980392156862745,0.0980392156862745,0.0980392156862745,0.0980392156862745,0.0980392156862745,0.0980392156862745,0.0980392156862745,0.0980392156862745,0.117647058823529
"5035",0.101694915254237,0.101694915254237,0.0847457627118644,0.135593220338983,0.101694915254237,0.135593220338983,0.0847457627118644,0.0847457627118644,0.0847457627118644,0.0847457627118644
"2978",0.0862068965517241,0.0862068965517241,0.103448275862069,0.0862068965517241,0.120689655172414,0.137931034482759,0.0862068965517241,0.0862068965517241,0.120689655172414,0.0862068965517241
"12036",0.0925925925925926,0.0925925925925926,0.111111111111111,0.0925925925925926,0.12962962962963,0.0925925925925926,0.0925925925925926,0.0925925925925926,0.111111111111111,0.0925925925925926
"4507",0.0892857142857143,0.107142857142857,0.107142857142857,0.125,0.107142857142857,0.0892857142857143,0.107142857142857,0.0892857142857143,0.0892857142857143,0.0892857142857143
"1301",0.0806451612903226,0.112903225806452,0.0967741935483871,0.0967741935483871,0.112903225806452,0.145161290322581,0.0806451612903226,0.0967741935483871,0.0967741935483871,0.0806451612903226
"8942",0.0892857142857143,0.0892857142857143,0.0892857142857143,0.0892857142857143,0.107142857142857,0.0892857142857143,0.142857142857143,0.107142857142857,0.0892857142857143,0.107142857142857
"12331",0.12962962962963,0.0925925925925926,0.0925925925925926,0.0925925925925926,0.111111111111111,0.0925925925925926,0.111111111111111,0.0925925925925926,0.0925925925925926,0.0925925925925926
"3567",0.105263157894737,0.087719298245614,0.087719298245614,0.087719298245614,0.12280701754386,0.087719298245614,0.105263157894737,0.087719298245614,0.140350877192982,0.087719298245614
"6801",0.0980392156862745,0.117647058823529,0.0980392156862745,0.0980392156862745,0.0980392156862745,0.0980392156862745,0.0980392156862745,0.0980392156862745,0.0980392156862745,0.0980392156862745
"3704",0.0909090909090909,0.109090909090909,0.0909090909090909,0.127272727272727,0.109090909090909,0.0909090909090909,0.0909090909090909,0.0909090909090909,0.0909090909090909,0.109090909090909
"439",0.1,0.142857142857143,0.0714285714285714,0.1,0.142857142857143,0.0857142857142857,0.1,0.0714285714285714,0.1,0.0857142857142857
"8518",0.0882352941176471,0.117647058823529,0.0882352941176471,0.132352941176471,0.0882352941176471,0.0735294117647059,0.117647058823529,0.132352941176471,0.0882352941176471,0.0735294117647059
"7325",0.12987012987013,0.116883116883117,0.0909090909090909,0.0909090909090909,0.0909090909090909,0.103896103896104,0.103896103896104,0.0909090909090909,0.103896103896104,0.0779220779220779
"6654",0.0980392156862745,0.0980392156862745,0.0980392156862745,0.117647058823529,0.0980392156862745,0.0980392156862745,0.0980392156862745,0.0980392156862745,0.0980392156862745,0.0980392156862745
"1634",0.09375,0.140625,0.078125,0.078125,0.09375,0.109375,0.078125,0.09375,0.140625,0.09375
"12080",0.0909090909090909,0.0909090909090909,0.0909090909090909,0.109090909090909,0.109090909090909,0.109090909090909,0.127272727272727,0.0909090909090909,0.0909090909090909,0.0909090909090909
"2603",0.11864406779661,0.11864406779661,0.101694915254237,0.0847457627118644,0.0847457627118644,0.0847457627118644,0.0847457627118644,0.0847457627118644,0.135593220338983,0.101694915254237
"7889",0.109375,0.09375,0.109375,0.140625,0.109375,0.09375,0.09375,0.078125,0.09375,0.078125
"1118",0.105263157894737,0.087719298245614,0.087719298245614,0.12280701754386,0.087719298245614,0.087719298245614,0.087719298245614,0.105263157894737,0.087719298245614,0.140350877192982
"6691",0.0961538461538462,0.0961538461538462,0.115384615384615,0.0961538461538462,0.0961538461538462,0.0961538461538462,0.0961538461538462,0.115384615384615,0.0961538461538462,0.0961538461538462
"9778",0.0961538461538462,0.0961538461538462,0.115384615384615,0.115384615384615,0.0961538461538462,0.0961538461538462,0.0961538461538462,0.0961538461538462,0.0961538461538462,0.0961538461538462
"1882",0.0847457627118644,0.0847457627118644,0.101694915254237,0.0847457627118644,0.101694915254237,0.0847457627118644,0.101694915254237,0.11864406779661,0.152542372881356,0.0847457627118644
"10992",0.0961538461538462,0.0961538461538462,0.0961538461538462,0.0961538461538462,0.0961538461538462,0.0961538461538462,0.115384615384615,0.0961538461538462,0.0961538461538462,0.115384615384615
"2850",0.0833333333333333,0.1,0.0833333333333333,0.133333333333333,0.1,0.1,0.0833333333333333,0.1,0.133333333333333,0.0833333333333333
"8543",0.102941176470588,0.0882352941176471,0.117647058823529,0.132352941176471,0.102941176470588,0.0882352941176471,0.117647058823529,0.0882352941176471,0.0735294117647059,0.0882352941176471
"7658",0.107692307692308,0.0769230769230769,0.0923076923076923,0.153846153846154,0.0923076923076923,0.0769230769230769,0.123076923076923,0.0769230769230769,0.0769230769230769,0.123076923076923
"10863",0.0980392156862745,0.0980392156862745,0.0980392156862745,0.0980392156862745,0.0980392156862745,0.0980392156862745,0.117647058823529,0.0980392156862745,0.0980392156862745,0.0980392156862745
"6475",0.0980392156862745,0.117647058823529,0.0980392156862745,0.0980392156862745,0.0980392156862745,0.0980392156862745,0.0980392156862745,0.0980392156862745,0.0980392156862745,0.0980392156862745
"9536",0.0909090909090909,0.0909090909090909,0.0909090909090909,0.0909090909090909,0.109090909090909,0.109090909090909,0.0909090909090909,0.145454545454545,0.0909090909090909,0.0909090909090909
"10089",0.0909090909090909,0.0909090909090909,0.0909090909090909,0.127272727272727,0.127272727272727,0.0909090909090909,0.0909090909090909,0.0909090909090909,0.109090909090909,0.0909090909090909
"5761",0.0961538461538462,0.0961538461538462,0.115384615384615,0.0961538461538462,0.115384615384615,0.0961538461538462,0.0961538461538462,0.0961538461538462,0.0961538461538462,0.0961538461538462
"13242",0.127272727272727,0.0909090909090909,0.0909090909090909,0.109090909090909,0.109090909090909,0.109090909090909,0.0909090909090909,0.0909090909090909,0.0909090909090909,0.0909090909090909
"7439",0.0806451612903226,0.0967741935483871,0.129032258064516,0.0967741935483871,0.0967741935483871,0.0806451612903226,0.0806451612903226,0.145161290322581,0.0806451612903226,0.112903225806452
"12680",0.0983606557377049,0.0983606557377049,0.0819672131147541,0.0819672131147541,0.0819672131147541,0.147540983606557,0.0983606557377049,0.114754098360656,0.0983606557377049,0.0983606557377049
"5265",0.0379746835443038,0.0632911392405063,0.132911392405063,0.0632911392405063,0.424050632911392,0.0759493670886076,0.0759493670886076,0.0506329113924051,0.0379746835443038,0.0379746835443038
"13127",0.12962962962963,0.0925925925925926,0.0925925925925926,0.111111111111111,0.0925925925925926,0.111111111111111,0.0925925925925926,0.0925925925925926,0.0925925925925926,0.0925925925925926
"12094",0.0961538461538462,0.0961538461538462,0.115384615384615,0.0961538461538462,0.0961538461538462,0.0961538461538462,0.115384615384615,0.0961538461538462,0.0961538461538462,0.0961538461538462
"8584",0.0862068965517241,0.0862068965517241,0.120689655172414,0.0862068965517241,0.137931034482759,0.103448275862069,0.0862068965517241,0.103448275862069,0.0862068965517241,0.103448275862069
"10737",0.087719298245614,0.105263157894737,0.105263157894737,0.105263157894737,0.087719298245614,0.087719298245614,0.157894736842105,0.087719298245614,0.087719298245614,0.087719298245614
"11965",0.0909090909090909,0.127272727272727,0.0909090909090909,0.109090909090909,0.109090909090909,0.0909090909090909,0.0909090909090909,0.109090909090909,0.0909090909090909,0.0909090909090909
"2766",0.0862068965517241,0.0862068965517241,0.0862068965517241,0.0862068965517241,0.103448275862069,0.0862068965517241,0.0862068965517241,0.172413793103448,0.103448275862069,0.103448275862069
"6668",0.115384615384615,0.0961538461538462,0.115384615384615,0.0961538461538462,0.0961538461538462,0.0961538461538462,0.0961538461538462,0.0961538461538462,0.0961538461538462,0.0961538461538462
"13385",0.117647058823529,0.0980392156862745,0.0980392156862745,0.0980392156862745,0.0980392156862745,0.0980392156862745,0.0980392156862745,0.0980392156862745,0.0980392156862745,0.0980392156862745
"13225",0.0909090909090909,0.127272727272727,0.0909090909090909,0.0909090909090909,0.0909090909090909,0.0909090909090909,0.109090909090909,0.0909090909090909,0.0909090909090909,0.127272727272727
"11765",0.105263157894737,0.087719298245614,0.087719298245614,0.12280701754386,0.105263157894737,0.105263157894737,0.087719298245614,0.087719298245614,0.105263157894737,0.105263157894737
"1969",0.106060606060606,0.0757575757575758,0.0909090909090909,0.166666666666667,0.0909090909090909,0.106060606060606,0.0757575757575758,0.0757575757575758,0.121212121212121,0.0909090909090909
"3964",0.0961538461538462,0.0961538461538462,0.115384615384615,0.0961538461538462,0.0961538461538462,0.0961538461538462,0.0961538461538462,0.0961538461538462,0.0961538461538462,0.115384615384615
"12471",0.072463768115942,0.072463768115942,0.101449275362319,0.0869565217391304,0.0869565217391304,0.231884057971014,0.072463768115942,0.0869565217391304,0.0869565217391304,0.101449275362319
"10768",0.0892857142857143,0.107142857142857,0.0892857142857143,0.0892857142857143,0.107142857142857,0.125,0.0892857142857143,0.0892857142857143,0.0892857142857143,0.125
"2268",0.0952380952380952,0.111111111111111,0.0952380952380952,0.0793650793650794,0.0952380952380952,0.0952380952380952,0.142857142857143,0.0793650793650794,0.0952380952380952,0.111111111111111
"11213",0.0961538461538462,0.0961538461538462,0.0961538461538462,0.0961538461538462,0.115384615384615,0.0961538461538462,0.0961538461538462,0.0961538461538462,0.0961538461538462,0.115384615384615
"8217",0.107142857142857,0.125,0.0892857142857143,0.125,0.0892857142857143,0.107142857142857,0.0892857142857143,0.0892857142857143,0.0892857142857143,0.0892857142857143
"6425",0.0925925925925926,0.111111111111111,0.0925925925925926,0.111111111111111,0.111111111111111,0.0925925925925926,0.0925925925925926,0.111111111111111,0.0925925925925926,0.0925925925925926
"6103",0.103448275862069,0.120689655172414,0.120689655172414,0.0862068965517241,0.103448275862069,0.0862068965517241,0.0862068965517241,0.103448275862069,0.0862068965517241,0.103448275862069
"9743",0.111111111111111,0.111111111111111,0.0925925925925926,0.0925925925925926,0.0925925925925926,0.0925925925925926,0.12962962962963,0.0925925925925926,0.0925925925925926,0.0925925925925926
"10678",0.0980392156862745,0.0980392156862745,0.0980392156862745,0.0980392156862745,0.0980392156862745,0.0980392156862745,0.0980392156862745,0.0980392156862745,0.117647058823529,0.0980392156862745
"12222",0.140625,0.078125,0.078125,0.078125,0.078125,0.140625,0.078125,0.125,0.078125,0.125
"10925",0.0943396226415094,0.0943396226415094,0.113207547169811,0.0943396226415094,0.0943396226415094,0.0943396226415094,0.113207547169811,0.113207547169811,0.0943396226415094,0.0943396226415094
"5848",0.0833333333333333,0.125,0.0833333333333333,0.0833333333333333,0.0972222222222222,0.0972222222222222,0.0972222222222222,0.152777777777778,0.0972222222222222,0.0833333333333333
"169",0.123287671232877,0.0958904109589041,0.0958904109589041,0.0821917808219178,0.123287671232877,0.0821917808219178,0.0958904109589041,0.0958904109589041,0.10958904109589,0.0958904109589041
"12069",0.0980392156862745,0.0980392156862745,0.0980392156862745,0.0980392156862745,0.0980392156862745,0.0980392156862745,0.117647058823529,0.0980392156862745,0.0980392156862745,0.0980392156862745
"9337",0.087719298245614,0.140350877192982,0.140350877192982,0.087719298245614,0.087719298245614,0.087719298245614,0.087719298245614,0.105263157894737,0.087719298245614,0.087719298245614
"1295",0.0923076923076923,0.0769230769230769,0.107692307692308,0.0923076923076923,0.0923076923076923,0.153846153846154,0.0923076923076923,0.107692307692308,0.0923076923076923,0.0923076923076923
"4337",0.087719298245614,0.105263157894737,0.087719298245614,0.105263157894737,0.12280701754386,0.087719298245614,0.105263157894737,0.105263157894737,0.105263157894737,0.087719298245614
"2524",0.0862068965517241,0.120689655172414,0.103448275862069,0.103448275862069,0.0862068965517241,0.0862068965517241,0.103448275862069,0.0862068965517241,0.137931034482759,0.0862068965517241
"8753",0.0857142857142857,0.114285714285714,0.0714285714285714,0.0714285714285714,0.0714285714285714,0.0857142857142857,0.1,0.171428571428571,0.0714285714285714,0.157142857142857
"12129",0.0943396226415094,0.132075471698113,0.0943396226415094,0.0943396226415094,0.0943396226415094,0.0943396226415094,0.0943396226415094,0.113207547169811,0.0943396226415094,0.0943396226415094
"10323",0.109090909090909,0.109090909090909,0.0909090909090909,0.0909090909090909,0.109090909090909,0.0909090909090909,0.109090909090909,0.0909090909090909,0.0909090909090909,0.109090909090909
"13105",0.0909090909090909,0.0909090909090909,0.109090909090909,0.127272727272727,0.109090909090909,0.0909090909090909,0.0909090909090909,0.0909090909090909,0.109090909090909,0.0909090909090909
"11232",0.0961538461538462,0.0961538461538462,0.115384615384615,0.0961538461538462,0.115384615384615,0.0961538461538462,0.0961538461538462,0.0961538461538462,0.0961538461538462,0.0961538461538462
"4046",0.0980392156862745,0.117647058823529,0.0980392156862745,0.0980392156862745,0.0980392156862745,0.0980392156862745,0.0980392156862745,0.0980392156862745,0.0980392156862745,0.0980392156862745
"10732",0.0980392156862745,0.0980392156862745,0.0980392156862745,0.0980392156862745,0.0980392156862745,0.0980392156862745,0.117647058823529,0.0980392156862745,0.0980392156862745,0.0980392156862745
"2566",0.1,0.1,0.116666666666667,0.1,0.1,0.1,0.0833333333333333,0.1,0.116666666666667,0.0833333333333333
"1259",0.104477611940299,0.104477611940299,0.17910447761194,0.0895522388059701,0.0895522388059701,0.0895522388059701,0.0895522388059701,0.0746268656716418,0.0746268656716418,0.104477611940299
"57",0.0684931506849315,0.0821917808219178,0.10958904109589,0.0958904109589041,0.0821917808219178,0.0958904109589041,0.178082191780822,0.10958904109589,0.0821917808219178,0.0958904109589041
"12449",0.0714285714285714,0.1,0.128571428571429,0.0857142857142857,0.1,0.0714285714285714,0.0857142857142857,0.2,0.0857142857142857,0.0714285714285714
"11663",0.0925925925925926,0.111111111111111,0.111111111111111,0.0925925925925926,0.0925925925925926,0.0925925925925926,0.111111111111111,0.0925925925925926,0.111111111111111,0.0925925925925926
"1948",0.0925925925925926,0.0925925925925926,0.0925925925925926,0.0925925925925926,0.0925925925925926,0.111111111111111,0.0925925925925926,0.12962962962963,0.0925925925925926,0.111111111111111
"2960",0.0892857142857143,0.125,0.125,0.0892857142857143,0.0892857142857143,0.0892857142857143,0.125,0.0892857142857143,0.0892857142857143,0.0892857142857143
"7251",0.0583333333333333,0.0583333333333333,0.075,0.108333333333333,0.108333333333333,0.05,0.0916666666666667,0.05,0.1,0.3
"4601",0.0980392156862745,0.0980392156862745,0.0980392156862745,0.0980392156862745,0.0980392156862745,0.0980392156862745,0.0980392156862745,0.117647058823529,0.0980392156862745,0.0980392156862745
"2228",0.0980392156862745,0.0980392156862745,0.0980392156862745,0.0980392156862745,0.0980392156862745,0.117647058823529,0.0980392156862745,0.0980392156862745,0.0980392156862745,0.0980392156862745
"497",0.0943396226415094,0.0943396226415094,0.113207547169811,0.113207547169811,0.0943396226415094,0.0943396226415094,0.0943396226415094,0.113207547169811,0.0943396226415094,0.0943396226415094
"10283",0.125,0.125,0.107142857142857,0.0892857142857143,0.0892857142857143,0.0892857142857143,0.107142857142857,0.0892857142857143,0.0892857142857143,0.0892857142857143
"12465",0.0757575757575758,0.121212121212121,0.0909090909090909,0.106060606060606,0.0909090909090909,0.0757575757575758,0.0757575757575758,0.166666666666667,0.106060606060606,0.0909090909090909
"266",0.0731707317073171,0.0975609756097561,0.121951219512195,0.0731707317073171,0.121951219512195,0.0609756097560976,0.0853658536585366,0.170731707317073,0.0975609756097561,0.0975609756097561
"13638",0.115384615384615,0.0961538461538462,0.115384615384615,0.0961538461538462,0.0961538461538462,0.0961538461538462,0.0961538461538462,0.0961538461538462,0.0961538461538462,0.0961538461538462
"12907",0.0862068965517241,0.103448275862069,0.0862068965517241,0.103448275862069,0.0862068965517241,0.0862068965517241,0.0862068965517241,0.155172413793103,0.0862068965517241,0.120689655172414
"11345",0.107142857142857,0.0892857142857143,0.0892857142857143,0.0892857142857143,0.107142857142857,0.0892857142857143,0.107142857142857,0.142857142857143,0.0892857142857143,0.0892857142857143
"3887",0.125,0.125,0.107142857142857,0.107142857142857,0.0892857142857143,0.0892857142857143,0.0892857142857143,0.0892857142857143,0.0892857142857143,0.0892857142857143
"813",0.104477611940299,0.0895522388059701,0.0895522388059701,0.104477611940299,0.119402985074627,0.104477611940299,0.104477611940299,0.0895522388059701,0.0746268656716418,0.119402985074627
"10096",0.109090909090909,0.145454545454545,0.0909090909090909,0.0909090909090909,0.0909090909090909,0.109090909090909,0.0909090909090909,0.0909090909090909,0.0909090909090909,0.0909090909090909
"6449",0.0943396226415094,0.0943396226415094,0.0943396226415094,0.132075471698113,0.0943396226415094,0.0943396226415094,0.0943396226415094,0.113207547169811,0.0943396226415094,0.0943396226415094
"853",0.129032258064516,0.0967741935483871,0.0967741935483871,0.0967741935483871,0.0806451612903226,0.0967741935483871,0.0967741935483871,0.0806451612903226,0.0967741935483871,0.129032258064516
"8736",0.112903225806452,0.112903225806452,0.112903225806452,0.112903225806452,0.0806451612903226,0.112903225806452,0.0967741935483871,0.0806451612903226,0.0967741935483871,0.0806451612903226
"8781",0.116666666666667,0.1,0.0833333333333333,0.0833333333333333,0.1,0.0833333333333333,0.116666666666667,0.1,0.1,0.116666666666667
"5569",0.0869565217391304,0.0869565217391304,0.072463768115942,0.115942028985507,0.101449275362319,0.101449275362319,0.115942028985507,0.0869565217391304,0.144927536231884,0.0869565217391304
"3504",0.0909090909090909,0.109090909090909,0.0909090909090909,0.0909090909090909,0.0909090909090909,0.0909090909090909,0.0909090909090909,0.0909090909090909,0.163636363636364,0.0909090909090909
"2988",0.0892857142857143,0.125,0.0892857142857143,0.0892857142857143,0.107142857142857,0.0892857142857143,0.0892857142857143,0.125,0.0892857142857143,0.107142857142857
"3686",0.112903225806452,0.112903225806452,0.0967741935483871,0.112903225806452,0.0967741935483871,0.0806451612903226,0.0806451612903226,0.0967741935483871,0.0806451612903226,0.129032258064516
"1224",0.105263157894737,0.105263157894737,0.140350877192982,0.087719298245614,0.087719298245614,0.087719298245614,0.087719298245614,0.087719298245614,0.087719298245614,0.12280701754386
"1708",0.106060606060606,0.106060606060606,0.106060606060606,0.106060606060606,0.0757575757575758,0.0757575757575758,0.0909090909090909,0.0757575757575758,0.136363636363636,0.121212121212121
"10606",0.0952380952380952,0.0952380952380952,0.0952380952380952,0.126984126984127,0.142857142857143,0.0793650793650794,0.0793650793650794,0.0952380952380952,0.111111111111111,0.0793650793650794
"9771",0.0961538461538462,0.134615384615385,0.0961538461538462,0.0961538461538462,0.0961538461538462,0.0961538461538462,0.0961538461538462,0.0961538461538462,0.0961538461538462,0.0961538461538462
"4079",0.0980392156862745,0.0980392156862745,0.0980392156862745,0.117647058823529,0.0980392156862745,0.0980392156862745,0.0980392156862745,0.0980392156862745,0.0980392156862745,0.0980392156862745
"11257",0.0980392156862745,0.0980392156862745,0.0980392156862745,0.0980392156862745,0.0980392156862745,0.0980392156862745,0.0980392156862745,0.0980392156862745,0.117647058823529,0.0980392156862745
"7067",0.0897435897435897,0.128205128205128,0.0769230769230769,0.0897435897435897,0.141025641025641,0.115384615384615,0.0641025641025641,0.102564102564103,0.115384615384615,0.0769230769230769
"4359",0.0961538461538462,0.0961538461538462,0.0961538461538462,0.0961538461538462,0.0961538461538462,0.0961538461538462,0.0961538461538462,0.134615384615385,0.0961538461538462,0.0961538461538462
"10927",0.0909090909090909,0.0909090909090909,0.0909090909090909,0.109090909090909,0.109090909090909,0.109090909090909,0.109090909090909,0.109090909090909,0.0909090909090909,0.0909090909090909
"12954",0.0943396226415094,0.0943396226415094,0.0943396226415094,0.0943396226415094,0.0943396226415094,0.0943396226415094,0.0943396226415094,0.132075471698113,0.113207547169811,0.0943396226415094
"7865",0.0909090909090909,0.0909090909090909,0.136363636363636,0.0757575757575758,0.151515151515152,0.0909090909090909,0.0757575757575758,0.106060606060606,0.0757575757575758,0.106060606060606
"2127",0.12280701754386,0.105263157894737,0.105263157894737,0.12280701754386,0.087719298245614,0.087719298245614,0.105263157894737,0.087719298245614,0.087719298245614,0.087719298245614
"4294",0.0925925925925926,0.0925925925925926,0.0925925925925926,0.111111111111111,0.0925925925925926,0.148148148148148,0.0925925925925926,0.0925925925925926,0.0925925925925926,0.0925925925925926
"11647",0.0980392156862745,0.0980392156862745,0.0980392156862745,0.117647058823529,0.0980392156862745,0.0980392156862745,0.0980392156862745,0.0980392156862745,0.0980392156862745,0.0980392156862745
"296",0.0983606557377049,0.0819672131147541,0.114754098360656,0.0983606557377049,0.0983606557377049,0.0983606557377049,0.0819672131147541,0.163934426229508,0.0819672131147541,0.0819672131147541
"7750",0.117647058823529,0.102941176470588,0.0735294117647059,0.102941176470588,0.0735294117647059,0.0735294117647059,0.147058823529412,0.0735294117647059,0.0882352941176471,0.147058823529412
"1285",0.0746268656716418,0.119402985074627,0.0746268656716418,0.0895522388059701,0.17910447761194,0.104477611940299,0.0895522388059701,0.0746268656716418,0.0895522388059701,0.104477611940299
"1302",0.0895522388059701,0.104477611940299,0.0895522388059701,0.0895522388059701,0.0895522388059701,0.119402985074627,0.104477611940299,0.0746268656716418,0.119402985074627,0.119402985074627
"14050",0.0833333333333333,0.0833333333333333,0.0833333333333333,0.1,0.1,0.0833333333333333,0.1,0.166666666666667,0.1,0.1
"177",0.0851063829787234,0.159574468085106,0.074468085106383,0.0851063829787234,0.0851063829787234,0.074468085106383,0.0851063829787234,0.074468085106383,0.170212765957447,0.106382978723404
"6690",0.0961538461538462,0.0961538461538462,0.0961538461538462,0.115384615384615,0.0961538461538462,0.0961538461538462,0.0961538461538462,0.0961538461538462,0.115384615384615,0.0961538461538462
"5152",0.0892857142857143,0.0892857142857143,0.107142857142857,0.0892857142857143,0.0892857142857143,0.160714285714286,0.0892857142857143,0.0892857142857143,0.107142857142857,0.0892857142857143
"3320",0.117647058823529,0.0980392156862745,0.0980392156862745,0.0980392156862745,0.0980392156862745,0.0980392156862745,0.0980392156862745,0.0980392156862745,0.0980392156862745,0.0980392156862745
"10050",0.0943396226415094,0.0943396226415094,0.0943396226415094,0.0943396226415094,0.0943396226415094,0.0943396226415094,0.113207547169811,0.113207547169811,0.113207547169811,0.0943396226415094
"5347",0.0980392156862745,0.0980392156862745,0.0980392156862745,0.0980392156862745,0.117647058823529,0.0980392156862745,0.0980392156862745,0.0980392156862745,0.0980392156862745,0.0980392156862745
"12055",0.101694915254237,0.11864406779661,0.101694915254237,0.0847457627118644,0.101694915254237,0.0847457627118644,0.0847457627118644,0.11864406779661,0.101694915254237,0.101694915254237
"10894",0.0943396226415094,0.0943396226415094,0.0943396226415094,0.0943396226415094,0.0943396226415094,0.132075471698113,0.0943396226415094,0.0943396226415094,0.113207547169811,0.0943396226415094
"5125",0.0862068965517241,0.103448275862069,0.103448275862069,0.103448275862069,0.0862068965517241,0.103448275862069,0.120689655172414,0.0862068965517241,0.120689655172414,0.0862068965517241
"11449",0.105263157894737,0.105263157894737,0.087719298245614,0.087719298245614,0.087719298245614,0.087719298245614,0.087719298245614,0.087719298245614,0.12280701754386,0.140350877192982
"8737",0.0806451612903226,0.112903225806452,0.0806451612903226,0.129032258064516,0.0806451612903226,0.0967741935483871,0.129032258064516,0.0806451612903226,0.112903225806452,0.0967741935483871
"11254",0.111111111111111,0.0925925925925926,0.0925925925925926,0.111111111111111,0.111111111111111,0.0925925925925926,0.0925925925925926,0.0925925925925926,0.111111111111111,0.0925925925925926
"8729",0.0952380952380952,0.158730158730159,0.0793650793650794,0.0793650793650794,0.0952380952380952,0.111111111111111,0.0952380952380952,0.0952380952380952,0.0952380952380952,0.0952380952380952
"9622",0.0983606557377049,0.0819672131147541,0.114754098360656,0.114754098360656,0.0819672131147541,0.0983606557377049,0.131147540983607,0.114754098360656,0.0819672131147541,0.0819672131147541
"4717",0.0980392156862745,0.117647058823529,0.0980392156862745,0.0980392156862745,0.0980392156862745,0.0980392156862745,0.0980392156862745,0.0980392156862745,0.0980392156862745,0.0980392156862745
"3448",0.105263157894737,0.087719298245614,0.105263157894737,0.12280701754386,0.105263157894737,0.087719298245614,0.105263157894737,0.087719298245614,0.087719298245614,0.105263157894737
"11736",0.0980392156862745,0.0980392156862745,0.0980392156862745,0.0980392156862745,0.0980392156862745,0.0980392156862745,0.0980392156862745,0.0980392156862745,0.117647058823529,0.0980392156862745
"12311",0.111111111111111,0.0925925925925926,0.111111111111111,0.111111111111111,0.0925925925925926,0.0925925925925926,0.0925925925925926,0.0925925925925926,0.111111111111111,0.0925925925925926
"9595",0.0892857142857143,0.107142857142857,0.125,0.125,0.0892857142857143,0.0892857142857143,0.0892857142857143,0.107142857142857,0.0892857142857143,0.0892857142857143
"2503",0.0892857142857143,0.142857142857143,0.0892857142857143,0.0892857142857143,0.0892857142857143,0.125,0.107142857142857,0.0892857142857143,0.0892857142857143,0.0892857142857143
"2110",0.0952380952380952,0.0952380952380952,0.142857142857143,0.0952380952380952,0.0793650793650794,0.0952380952380952,0.0793650793650794,0.142857142857143,0.0952380952380952,0.0793650793650794
"7626",0.0746268656716418,0.0746268656716418,0.0895522388059701,0.119402985074627,0.0746268656716418,0.0746268656716418,0.149253731343284,0.104477611940299,0.119402985074627,0.119402985074627
"9215",0.0892857142857143,0.107142857142857,0.107142857142857,0.0892857142857143,0.0892857142857143,0.107142857142857,0.107142857142857,0.0892857142857143,0.107142857142857,0.107142857142857
"4903",0.0961538461538462,0.0961538461538462,0.115384615384615,0.115384615384615,0.0961538461538462,0.0961538461538462,0.0961538461538462,0.0961538461538462,0.0961538461538462,0.0961538461538462
"7168",0.078125,0.09375,0.109375,0.078125,0.09375,0.09375,0.078125,0.140625,0.125,0.109375
"5742",0.0980392156862745,0.117647058823529,0.0980392156862745,0.0980392156862745,0.0980392156862745,0.0980392156862745,0.0980392156862745,0.0980392156862745,0.0980392156862745,0.0980392156862745
"11626",0.0943396226415094,0.0943396226415094,0.0943396226415094,0.113207547169811,0.0943396226415094,0.0943396226415094,0.132075471698113,0.0943396226415094,0.0943396226415094,0.0943396226415094
"3752",0.11864406779661,0.0847457627118644,0.11864406779661,0.0847457627118644,0.0847457627118644,0.101694915254237,0.0847457627118644,0.135593220338983,0.0847457627118644,0.101694915254237
"2543",0.101694915254237,0.0847457627118644,0.101694915254237,0.101694915254237,0.101694915254237,0.0847457627118644,0.101694915254237,0.0847457627118644,0.135593220338983,0.101694915254237
"1681",0.0967741935483871,0.112903225806452,0.0967741935483871,0.112903225806452,0.0806451612903226,0.0806451612903226,0.129032258064516,0.112903225806452,0.0806451612903226,0.0967741935483871
"4851",0.107142857142857,0.0892857142857143,0.0892857142857143,0.142857142857143,0.0892857142857143,0.0892857142857143,0.0892857142857143,0.125,0.0892857142857143,0.0892857142857143
"9819",0.087719298245614,0.105263157894737,0.105263157894737,0.087719298245614,0.12280701754386,0.087719298245614,0.12280701754386,0.087719298245614,0.105263157894737,0.087719298245614
"14305",0.0925925925925926,0.111111111111111,0.0925925925925926,0.0925925925925926,0.0925925925925926,0.12962962962963,0.0925925925925926,0.0925925925925926,0.111111111111111,0.0925925925925926
"6435",0.0943396226415094,0.0943396226415094,0.0943396226415094,0.113207547169811,0.132075471698113,0.0943396226415094,0.0943396226415094,0.0943396226415094,0.0943396226415094,0.0943396226415094
"4080",0.0967741935483871,0.0806451612903226,0.0806451612903226,0.0967741935483871,0.0806451612903226,0.0967741935483871,0.112903225806452,0.0806451612903226,0.129032258064516,0.145161290322581
"5906",0.121212121212121,0.0909090909090909,0.0909090909090909,0.0757575757575758,0.0909090909090909,0.121212121212121,0.0757575757575758,0.0909090909090909,0.121212121212121,0.121212121212121
"12856",0.12280701754386,0.087719298245614,0.105263157894737,0.105263157894737,0.105263157894737,0.105263157894737,0.087719298245614,0.087719298245614,0.105263157894737,0.087719298245614
"13986",0.0819672131147541,0.0983606557377049,0.0819672131147541,0.0983606557377049,0.0983606557377049,0.114754098360656,0.0819672131147541,0.131147540983607,0.0983606557377049,0.114754098360656
"65",0.0657894736842105,0.105263157894737,0.0657894736842105,0.105263157894737,0.0789473684210526,0.0657894736842105,0.118421052631579,0.118421052631579,0.197368421052632,0.0789473684210526
"9326",0.136363636363636,0.0757575757575758,0.0909090909090909,0.0909090909090909,0.121212121212121,0.0757575757575758,0.151515151515152,0.0909090909090909,0.0757575757575758,0.0909090909090909
"9569",0.101694915254237,0.11864406779661,0.11864406779661,0.101694915254237,0.0847457627118644,0.0847457627118644,0.0847457627118644,0.11864406779661,0.101694915254237,0.0847457627118644
"4145",0.0909090909090909,0.0909090909090909,0.0909090909090909,0.0909090909090909,0.109090909090909,0.0909090909090909,0.0909090909090909,0.0909090909090909,0.145454545454545,0.109090909090909
"5334",0.1,0.1,0.1,0.1,0.1,0.116666666666667,0.0833333333333333,0.0833333333333333,0.116666666666667,0.1
"13678",0.0980392156862745,0.0980392156862745,0.0980392156862745,0.0980392156862745,0.0980392156862745,0.0980392156862745,0.0980392156862745,0.0980392156862745,0.117647058823529,0.0980392156862745
"3542",0.0961538461538462,0.0961538461538462,0.115384615384615,0.115384615384615,0.0961538461538462,0.0961538461538462,0.0961538461538462,0.0961538461538462,0.0961538461538462,0.0961538461538462
"7966",0.105263157894737,0.087719298245614,0.087719298245614,0.12280701754386,0.12280701754386,0.087719298245614,0.105263157894737,0.087719298245614,0.105263157894737,0.087719298245614
"6899",0.0961538461538462,0.0961538461538462,0.115384615384615,0.0961538461538462,0.0961538461538462,0.115384615384615,0.0961538461538462,0.0961538461538462,0.0961538461538462,0.0961538461538462
"4619",0.0925925925925926,0.111111111111111,0.0925925925925926,0.111111111111111,0.111111111111111,0.0925925925925926,0.0925925925925926,0.0925925925925926,0.0925925925925926,0.111111111111111
"4397",0.0961538461538462,0.0961538461538462,0.0961538461538462,0.115384615384615,0.0961538461538462,0.115384615384615,0.0961538461538462,0.0961538461538462,0.0961538461538462,0.0961538461538462
"10412",0.111111111111111,0.111111111111111,0.0925925925925926,0.0925925925925926,0.0925925925925926,0.12962962962963,0.0925925925925926,0.0925925925925926,0.0925925925925926,0.0925925925925926
"4288",0.0909090909090909,0.145454545454545,0.0909090909090909,0.0909090909090909,0.0909090909090909,0.0909090909090909,0.109090909090909,0.0909090909090909,0.109090909090909,0.0909090909090909
"7540",0.147058823529412,0.0882352941176471,0.117647058823529,0.117647058823529,0.0882352941176471,0.117647058823529,0.0882352941176471,0.0735294117647059,0.0882352941176471,0.0735294117647059
"12330",0.0943396226415094,0.132075471698113,0.113207547169811,0.0943396226415094,0.0943396226415094,0.0943396226415094,0.0943396226415094,0.0943396226415094,0.0943396226415094,0.0943396226415094
"2966",0.0925925925925926,0.111111111111111,0.0925925925925926,0.0925925925925926,0.0925925925925926,0.0925925925925926,0.0925925925925926,0.111111111111111,0.111111111111111,0.111111111111111
"6769",0.0961538461538462,0.0961538461538462,0.0961538461538462,0.0961538461538462,0.115384615384615,0.0961538461538462,0.0961538461538462,0.0961538461538462,0.0961538461538462,0.115384615384615
"8305",0.140350877192982,0.12280701754386,0.087719298245614,0.12280701754386,0.087719298245614,0.087719298245614,0.087719298245614,0.087719298245614,0.087719298245614,0.087719298245614
"9274",0.107142857142857,0.125,0.0892857142857143,0.142857142857143,0.0892857142857143,0.0892857142857143,0.0892857142857143,0.0892857142857143,0.0892857142857143,0.0892857142857143
"4005",0.0909090909090909,0.109090909090909,0.109090909090909,0.109090909090909,0.0909090909090909,0.0909090909090909,0.109090909090909,0.0909090909090909,0.109090909090909,0.0909090909090909
"5507",0.0980392156862745,0.0980392156862745,0.0980392156862745,0.117647058823529,0.0980392156862745,0.0980392156862745,0.0980392156862745,0.0980392156862745,0.0980392156862745,0.0980392156862745
"137",0.106666666666667,0.12,0.12,0.0933333333333333,0.12,0.106666666666667,0.0666666666666667,0.0933333333333333,0.08,0.0933333333333333
"11958",0.115384615384615,0.0961538461538462,0.0961538461538462,0.0961538461538462,0.0961538461538462,0.0961538461538462,0.0961538461538462,0.0961538461538462,0.0961538461538462,0.115384615384615
"10410",0.115384615384615,0.0961538461538462,0.0961538461538462,0.0961538461538462,0.0961538461538462,0.0961538461538462,0.115384615384615,0.0961538461538462,0.0961538461538462,0.0961538461538462
"757",0.101449275362319,0.101449275362319,0.115942028985507,0.173913043478261,0.115942028985507,0.072463768115942,0.0869565217391304,0.072463768115942,0.0869565217391304,0.072463768115942
"12994",0.0943396226415094,0.0943396226415094,0.0943396226415094,0.0943396226415094,0.132075471698113,0.0943396226415094,0.0943396226415094,0.0943396226415094,0.0943396226415094,0.113207547169811
"387",0.0963855421686747,0.072289156626506,0.108433734939759,0.072289156626506,0.072289156626506,0.144578313253012,0.108433734939759,0.0963855421686747,0.0843373493975904,0.144578313253012
"12021",0.0983606557377049,0.0983606557377049,0.114754098360656,0.0819672131147541,0.0819672131147541,0.0819672131147541,0.180327868852459,0.0819672131147541,0.0819672131147541,0.0983606557377049
"10755",0.0961538461538462,0.0961538461538462,0.115384615384615,0.0961538461538462,0.0961538461538462,0.0961538461538462,0.0961538461538462,0.0961538461538462,0.115384615384615,0.0961538461538462
"3987",0.113207547169811,0.113207547169811,0.0943396226415094,0.0943396226415094,0.0943396226415094,0.0943396226415094,0.0943396226415094,0.0943396226415094,0.113207547169811,0.0943396226415094
"7275",0.078125,0.125,0.09375,0.078125,0.078125,0.109375,0.078125,0.1875,0.078125,0.09375
"2471",0.0819672131147541,0.0983606557377049,0.0819672131147541,0.0819672131147541,0.114754098360656,0.114754098360656,0.0819672131147541,0.131147540983607,0.0983606557377049,0.114754098360656
"1102",0.0735294117647059,0.0735294117647059,0.102941176470588,0.0735294117647059,0.191176470588235,0.102941176470588,0.0882352941176471,0.0882352941176471,0.132352941176471,0.0735294117647059
"10957",0.0967741935483871,0.0967741935483871,0.0806451612903226,0.0967741935483871,0.0806451612903226,0.112903225806452,0.17741935483871,0.0806451612903226,0.0967741935483871,0.0806451612903226
"13885",0.0980392156862745,0.0980392156862745,0.0980392156862745,0.0980392156862745,0.0980392156862745,0.0980392156862745,0.0980392156862745,0.0980392156862745,0.117647058823529,0.0980392156862745
"9125",0.078125,0.09375,0.109375,0.078125,0.125,0.09375,0.09375,0.140625,0.078125,0.109375
"11656",0.107142857142857,0.107142857142857,0.125,0.0892857142857143,0.125,0.0892857142857143,0.0892857142857143,0.0892857142857143,0.0892857142857143,0.0892857142857143
"8792",0.0909090909090909,0.0757575757575758,0.121212121212121,0.0757575757575758,0.0909090909090909,0.0757575757575758,0.151515151515152,0.121212121212121,0.0757575757575758,0.121212121212121
"8116",0.125,0.140625,0.09375,0.078125,0.125,0.078125,0.09375,0.078125,0.09375,0.09375
"9048",0.109090909090909,0.109090909090909,0.109090909090909,0.0909090909090909,0.0909090909090909,0.0909090909090909,0.109090909090909,0.0909090909090909,0.0909090909090909,0.109090909090909
"461",0.0810810810810811,0.0675675675675676,0.0945945945945946,0.0810810810810811,0.0945945945945946,0.0810810810810811,0.0810810810810811,0.189189189189189,0.0675675675675676,0.162162162162162
"10873",0.145454545454545,0.0909090909090909,0.127272727272727,0.0909090909090909,0.0909090909090909,0.0909090909090909,0.0909090909090909,0.0909090909090909,0.0909090909090909,0.0909090909090909
"7502",0.102941176470588,0.132352941176471,0.0882352941176471,0.102941176470588,0.0735294117647059,0.0882352941176471,0.102941176470588,0.0735294117647059,0.0882352941176471,0.147058823529412
"3740",0.0980392156862745,0.0980392156862745,0.0980392156862745,0.117647058823529,0.0980392156862745,0.0980392156862745,0.0980392156862745,0.0980392156862745,0.0980392156862745,0.0980392156862745
"14051",0.0925925925925926,0.111111111111111,0.0925925925925926,0.0925925925925926,0.0925925925925926,0.111111111111111,0.0925925925925926,0.0925925925925926,0.111111111111111,0.111111111111111
"1521",0.111111111111111,0.0952380952380952,0.0952380952380952,0.111111111111111,0.0793650793650794,0.0952380952380952,0.111111111111111,0.0793650793650794,0.0952380952380952,0.126984126984127
"2833",0.120689655172414,0.103448275862069,0.0862068965517241,0.0862068965517241,0.103448275862069,0.0862068965517241,0.137931034482759,0.103448275862069,0.0862068965517241,0.0862068965517241
"8403",0.123076923076923,0.138461538461538,0.107692307692308,0.0769230769230769,0.0923076923076923,0.0923076923076923,0.0769230769230769,0.123076923076923,0.0923076923076923,0.0769230769230769
"12774",0.101694915254237,0.101694915254237,0.101694915254237,0.101694915254237,0.101694915254237,0.0847457627118644,0.0847457627118644,0.11864406779661,0.11864406779661,0.0847457627118644
"13571",0.0980392156862745,0.0980392156862745,0.0980392156862745,0.0980392156862745,0.0980392156862745,0.0980392156862745,0.117647058823529,0.0980392156862745,0.0980392156862745,0.0980392156862745
"14192",0.0967741935483871,0.0806451612903226,0.112903225806452,0.0967741935483871,0.0806451612903226,0.129032258064516,0.0967741935483871,0.0806451612903226,0.112903225806452,0.112903225806452
"9493",0.158730158730159,0.126984126984127,0.0793650793650794,0.0793650793650794,0.126984126984127,0.0793650793650794,0.111111111111111,0.0793650793650794,0.0793650793650794,0.0793650793650794
"5795",0.0676691729323308,0.0526315789473684,0.0601503759398496,0.0601503759398496,0.075187969924812,0.195488721804511,0.112781954887218,0.105263157894737,0.105263157894737,0.165413533834586
"3256",0.0980392156862745,0.0980392156862745,0.0980392156862745,0.0980392156862745,0.0980392156862745,0.0980392156862745,0.0980392156862745,0.0980392156862745,0.117647058823529,0.0980392156862745
"9486",0.087719298245614,0.105263157894737,0.087719298245614,0.087719298245614,0.140350877192982,0.087719298245614,0.12280701754386,0.087719298245614,0.105263157894737,0.087719298245614
"9355",0.107142857142857,0.107142857142857,0.0892857142857143,0.107142857142857,0.0892857142857143,0.0892857142857143,0.125,0.0892857142857143,0.0892857142857143,0.107142857142857
"2306",0.0909090909090909,0.0909090909090909,0.0909090909090909,0.181818181818182,0.0909090909090909,0.0909090909090909,0.0909090909090909,0.0909090909090909,0.0909090909090909,0.0909090909090909
"13630",0.0980392156862745,0.0980392156862745,0.0980392156862745,0.0980392156862745,0.117647058823529,0.0980392156862745,0.0980392156862745,0.0980392156862745,0.0980392156862745,0.0980392156862745
"12815",0.0943396226415094,0.132075471698113,0.113207547169811,0.0943396226415094,0.0943396226415094,0.0943396226415094,0.0943396226415094,0.0943396226415094,0.0943396226415094,0.0943396226415094
"13711",0.0961538461538462,0.0961538461538462,0.0961538461538462,0.115384615384615,0.0961538461538462,0.0961538461538462,0.0961538461538462,0.0961538461538462,0.115384615384615,0.0961538461538462
"3165",0.0862068965517241,0.0862068965517241,0.0862068965517241,0.103448275862069,0.0862068965517241,0.0862068965517241,0.103448275862069,0.155172413793103,0.103448275862069,0.103448275862069
"189",0.0843373493975904,0.0602409638554217,0.0963855421686747,0.168674698795181,0.0963855421686747,0.144578313253012,0.0843373493975904,0.0843373493975904,0.072289156626506,0.108433734939759
"5481",0.0961538461538462,0.0961538461538462,0.115384615384615,0.0961538461538462,0.0961538461538462,0.0961538461538462,0.115384615384615,0.0961538461538462,0.0961538461538462,0.0961538461538462
"2902",0.111111111111111,0.0925925925925926,0.0925925925925926,0.111111111111111,0.0925925925925926,0.0925925925925926,0.111111111111111,0.0925925925925926,0.111111111111111,0.0925925925925926
"13884",0.0980392156862745,0.0980392156862745,0.0980392156862745,0.0980392156862745,0.117647058823529,0.0980392156862745,0.0980392156862745,0.0980392156862745,0.0980392156862745,0.0980392156862745
"8577",0.0847457627118644,0.0847457627118644,0.101694915254237,0.101694915254237,0.11864406779661,0.0847457627118644,0.101694915254237,0.135593220338983,0.0847457627118644,0.101694915254237
"3114",0.107142857142857,0.107142857142857,0.107142857142857,0.0892857142857143,0.0892857142857143,0.0892857142857143,0.0892857142857143,0.0892857142857143,0.0892857142857143,0.142857142857143
"11842",0.0961538461538462,0.0961538461538462,0.0961538461538462,0.0961538461538462,0.0961538461538462,0.0961538461538462,0.0961538461538462,0.115384615384615,0.115384615384615,0.0961538461538462
"5211",0.105263157894737,0.12280701754386,0.105263157894737,0.087719298245614,0.087719298245614,0.087719298245614,0.12280701754386,0.087719298245614,0.105263157894737,0.087719298245614
"11546",0.0943396226415094,0.113207547169811,0.0943396226415094,0.113207547169811,0.0943396226415094,0.0943396226415094,0.0943396226415094,0.0943396226415094,0.0943396226415094,0.113207547169811
"12608",0.087719298245614,0.087719298245614,0.087719298245614,0.087719298245614,0.087719298245614,0.087719298245614,0.087719298245614,0.192982456140351,0.087719298245614,0.105263157894737
"12674",0.0833333333333333,0.1,0.0833333333333333,0.1,0.116666666666667,0.1,0.0833333333333333,0.116666666666667,0.116666666666667,0.1
"13866",0.0961538461538462,0.0961538461538462,0.0961538461538462,0.0961538461538462,0.0961538461538462,0.0961538461538462,0.115384615384615,0.115384615384615,0.0961538461538462,0.0961538461538462
"8985",0.0943396226415094,0.0943396226415094,0.113207547169811,0.0943396226415094,0.0943396226415094,0.0943396226415094,0.0943396226415094,0.0943396226415094,0.0943396226415094,0.132075471698113
"10163",0.0862068965517241,0.137931034482759,0.0862068965517241,0.103448275862069,0.120689655172414,0.0862068965517241,0.103448275862069,0.0862068965517241,0.0862068965517241,0.103448275862069
"8073",0.0895522388059701,0.0746268656716418,0.104477611940299,0.0895522388059701,0.119402985074627,0.0895522388059701,0.0895522388059701,0.149253731343284,0.0895522388059701,0.104477611940299
"13740",0.0980392156862745,0.0980392156862745,0.0980392156862745,0.0980392156862745,0.0980392156862745,0.0980392156862745,0.0980392156862745,0.0980392156862745,0.0980392156862745,0.117647058823529
"1894",0.1,0.0833333333333333,0.133333333333333,0.116666666666667,0.0833333333333333,0.1,0.1,0.0833333333333333,0.1,0.1
"11743",0.0943396226415094,0.150943396226415,0.0943396226415094,0.0943396226415094,0.0943396226415094,0.0943396226415094,0.0943396226415094,0.0943396226415094,0.0943396226415094,0.0943396226415094
"4659",0.0909090909090909,0.0909090909090909,0.0909090909090909,0.109090909090909,0.127272727272727,0.109090909090909,0.109090909090909,0.0909090909090909,0.0909090909090909,0.0909090909090909
"1435",0.101694915254237,0.101694915254237,0.0847457627118644,0.0847457627118644,0.0847457627118644,0.135593220338983,0.0847457627118644,0.152542372881356,0.0847457627118644,0.0847457627118644
"10298",0.142857142857143,0.107142857142857,0.0892857142857143,0.0892857142857143,0.0892857142857143,0.0892857142857143,0.107142857142857,0.0892857142857143,0.107142857142857,0.0892857142857143
"3316",0.109090909090909,0.109090909090909,0.0909090909090909,0.0909090909090909,0.0909090909090909,0.145454545454545,0.0909090909090909,0.0909090909090909,0.0909090909090909,0.0909090909090909
"12925",0.0925925925925926,0.0925925925925926,0.12962962962963,0.0925925925925926,0.0925925925925926,0.0925925925925926,0.0925925925925926,0.0925925925925926,0.12962962962963,0.0925925925925926
"4152",0.11864406779661,0.101694915254237,0.101694915254237,0.0847457627118644,0.101694915254237,0.101694915254237,0.0847457627118644,0.11864406779661,0.101694915254237,0.0847457627118644
"10908",0.087719298245614,0.105263157894737,0.105263157894737,0.087719298245614,0.087719298245614,0.087719298245614,0.140350877192982,0.087719298245614,0.105263157894737,0.105263157894737
"6126",0.101694915254237,0.0847457627118644,0.11864406779661,0.101694915254237,0.0847457627118644,0.135593220338983,0.0847457627118644,0.0847457627118644,0.11864406779661,0.0847457627118644
"9230",0.101694915254237,0.135593220338983,0.11864406779661,0.0847457627118644,0.0847457627118644,0.101694915254237,0.0847457627118644,0.0847457627118644,0.0847457627118644,0.11864406779661
"9887",0.0819672131147541,0.131147540983607,0.0983606557377049,0.180327868852459,0.0983606557377049,0.0819672131147541,0.0819672131147541,0.0819672131147541,0.0819672131147541,0.0819672131147541
"8706",0.109090909090909,0.109090909090909,0.0909090909090909,0.0909090909090909,0.0909090909090909,0.0909090909090909,0.0909090909090909,0.0909090909090909,0.127272727272727,0.109090909090909
"4124",0.0892857142857143,0.107142857142857,0.0892857142857143,0.0892857142857143,0.0892857142857143,0.0892857142857143,0.160714285714286,0.0892857142857143,0.107142857142857,0.0892857142857143
"1972",0.120689655172414,0.103448275862069,0.0862068965517241,0.0862068965517241,0.0862068965517241,0.120689655172414,0.0862068965517241,0.0862068965517241,0.137931034482759,0.0862068965517241
"8120",0.12,0.0933333333333333,0.08,0.0666666666666667,0.146666666666667,0.08,0.16,0.08,0.0666666666666667,0.106666666666667
"1178",0.0972222222222222,0.152777777777778,0.111111111111111,0.0972222222222222,0.0833333333333333,0.0694444444444444,0.0694444444444444,0.125,0.0972222222222222,0.0972222222222222
"5240",0.101694915254237,0.0847457627118644,0.135593220338983,0.0847457627118644,0.101694915254237,0.101694915254237,0.101694915254237,0.101694915254237,0.101694915254237,0.0847457627118644
"13861",0.0980392156862745,0.0980392156862745,0.0980392156862745,0.0980392156862745,0.0980392156862745,0.0980392156862745,0.117647058823529,0.0980392156862745,0.0980392156862745,0.0980392156862745
"9357",0.0892857142857143,0.125,0.125,0.107142857142857,0.0892857142857143,0.0892857142857143,0.0892857142857143,0.107142857142857,0.0892857142857143,0.0892857142857143
"13388",0.0925925925925926,0.0925925925925926,0.111111111111111,0.0925925925925926,0.0925925925925926,0.0925925925925926,0.12962962962963,0.0925925925925926,0.111111111111111,0.0925925925925926
"4183",0.1,0.116666666666667,0.1,0.116666666666667,0.0833333333333333,0.116666666666667,0.0833333333333333,0.0833333333333333,0.1,0.1
"11411",0.0892857142857143,0.125,0.107142857142857,0.0892857142857143,0.0892857142857143,0.0892857142857143,0.0892857142857143,0.142857142857143,0.0892857142857143,0.0892857142857143
"5666",0.0925925925925926,0.111111111111111,0.111111111111111,0.111111111111111,0.0925925925925926,0.0925925925925926,0.111111111111111,0.0925925925925926,0.0925925925925926,0.0925925925925926
"2854",0.0862068965517241,0.0862068965517241,0.0862068965517241,0.103448275862069,0.103448275862069,0.0862068965517241,0.103448275862069,0.172413793103448,0.0862068965517241,0.0862068965517241
"1048",0.114754098360656,0.0983606557377049,0.0983606557377049,0.131147540983607,0.0983606557377049,0.0819672131147541,0.114754098360656,0.0983606557377049,0.0819672131147541,0.0819672131147541
"8601",0.107142857142857,0.107142857142857,0.107142857142857,0.0892857142857143,0.0892857142857143,0.0892857142857143,0.125,0.107142857142857,0.0892857142857143,0.0892857142857143
"5740",0.0980392156862745,0.0980392156862745,0.0980392156862745,0.0980392156862745,0.0980392156862745,0.0980392156862745,0.0980392156862745,0.0980392156862745,0.117647058823529,0.0980392156862745
"12130",0.0961538461538462,0.0961538461538462,0.0961538461538462,0.0961538461538462,0.0961538461538462,0.115384615384615,0.115384615384615,0.0961538461538462,0.0961538461538462,0.0961538461538462
"1073",0.104477611940299,0.0746268656716418,0.0746268656716418,0.0746268656716418,0.0746268656716418,0.149253731343284,0.0746268656716418,0.194029850746269,0.0895522388059701,0.0895522388059701
"3302",0.11864406779661,0.0847457627118644,0.0847457627118644,0.101694915254237,0.101694915254237,0.0847457627118644,0.0847457627118644,0.0847457627118644,0.135593220338983,0.11864406779661
"7952",0.09375,0.078125,0.125,0.09375,0.09375,0.078125,0.078125,0.078125,0.125,0.15625
"7822",0.0923076923076923,0.0923076923076923,0.0769230769230769,0.107692307692308,0.107692307692308,0.0769230769230769,0.153846153846154,0.0769230769230769,0.0923076923076923,0.123076923076923
"2319",0.112903225806452,0.0967741935483871,0.0806451612903226,0.0967741935483871,0.112903225806452,0.0806451612903226,0.0967741935483871,0.112903225806452,0.0967741935483871,0.112903225806452
"463",0.0625,0.0625,0.1,0.075,0.15,0.1625,0.075,0.1,0.1,0.1125
"30",0.0961538461538462,0.115384615384615,0.0961538461538462,0.0961538461538462,0.0961538461538462,0.0961538461538462,0.0961538461538462,0.0961538461538462,0.115384615384615,0.0961538461538462
"951",0.0967741935483871,0.145161290322581,0.129032258064516,0.0806451612903226,0.112903225806452,0.0806451612903226,0.112903225806452,0.0806451612903226,0.0806451612903226,0.0806451612903226
"8864",0.0925925925925926,0.0925925925925926,0.111111111111111,0.0925925925925926,0.12962962962963,0.0925925925925926,0.0925925925925926,0.0925925925925926,0.111111111111111,0.0925925925925926
"1814",0.0892857142857143,0.0892857142857143,0.0892857142857143,0.107142857142857,0.107142857142857,0.125,0.0892857142857143,0.0892857142857143,0.125,0.0892857142857143
"1129",0.0967741935483871,0.0967741935483871,0.0967741935483871,0.0967741935483871,0.0806451612903226,0.0967741935483871,0.0967741935483871,0.0806451612903226,0.17741935483871,0.0806451612903226
"14334",0.0925925925925926,0.0925925925925926,0.111111111111111,0.0925925925925926,0.111111111111111,0.0925925925925926,0.111111111111111,0.111111111111111,0.0925925925925926,0.0925925925925926
"11670",0.0847457627118644,0.101694915254237,0.0847457627118644,0.0847457627118644,0.135593220338983,0.0847457627118644,0.152542372881356,0.0847457627118644,0.0847457627118644,0.101694915254237
"4769",0.0961538461538462,0.115384615384615,0.0961538461538462,0.115384615384615,0.0961538461538462,0.0961538461538462,0.0961538461538462,0.0961538461538462,0.0961538461538462,0.0961538461538462
"6785",0.0980392156862745,0.0980392156862745,0.0980392156862745,0.0980392156862745,0.0980392156862745,0.0980392156862745,0.0980392156862745,0.0980392156862745,0.117647058823529,0.0980392156862745
"6053",0.120689655172414,0.0862068965517241,0.103448275862069,0.103448275862069,0.0862068965517241,0.103448275862069,0.0862068965517241,0.103448275862069,0.0862068965517241,0.120689655172414
"1051",0.0909090909090909,0.0757575757575758,0.121212121212121,0.0757575757575758,0.0909090909090909,0.166666666666667,0.121212121212121,0.0757575757575758,0.0909090909090909,0.0909090909090909
"5920",0.0847457627118644,0.101694915254237,0.101694915254237,0.0847457627118644,0.0847457627118644,0.11864406779661,0.101694915254237,0.135593220338983,0.101694915254237,0.0847457627118644
"315",0.0675675675675676,0.0675675675675676,0.108108108108108,0.0675675675675676,0.0810810810810811,0.0945945945945946,0.0675675675675676,0.243243243243243,0.121621621621622,0.0810810810810811
"5346",0.1,0.133333333333333,0.116666666666667,0.116666666666667,0.1,0.0833333333333333,0.0833333333333333,0.1,0.0833333333333333,0.0833333333333333
"11633",0.0943396226415094,0.0943396226415094,0.0943396226415094,0.0943396226415094,0.0943396226415094,0.0943396226415094,0.0943396226415094,0.0943396226415094,0.113207547169811,0.132075471698113
"6286",0.0925925925925926,0.111111111111111,0.0925925925925926,0.12962962962963,0.0925925925925926,0.0925925925925926,0.0925925925925926,0.0925925925925926,0.111111111111111,0.0925925925925926
"13523",0.0980392156862745,0.0980392156862745,0.0980392156862745,0.0980392156862745,0.117647058823529,0.0980392156862745,0.0980392156862745,0.0980392156862745,0.0980392156862745,0.0980392156862745
"4846",0.0925925925925926,0.0925925925925926,0.111111111111111,0.0925925925925926,0.148148148148148,0.0925925925925926,0.0925925925925926,0.0925925925925926,0.0925925925925926,0.0925925925925926
"8001",0.129032258064516,0.112903225806452,0.112903225806452,0.0806451612903226,0.0806451612903226,0.0967741935483871,0.0806451612903226,0.0806451612903226,0.112903225806452,0.112903225806452
"13551",0.0961538461538462,0.0961538461538462,0.115384615384615,0.0961538461538462,0.0961538461538462,0.0961538461538462,0.0961538461538462,0.115384615384615,0.0961538461538462,0.0961538461538462
"14291",0.1,0.0857142857142857,0.114285714285714,0.0714285714285714,0.1,0.114285714285714,0.1,0.128571428571429,0.114285714285714,0.0714285714285714
"5935",0.0735294117647059,0.102941176470588,0.235294117647059,0.0735294117647059,0.0882352941176471,0.0735294117647059,0.0735294117647059,0.117647058823529,0.0882352941176471,0.0735294117647059
"3054",0.127272727272727,0.0909090909090909,0.109090909090909,0.109090909090909,0.0909090909090909,0.0909090909090909,0.0909090909090909,0.109090909090909,0.0909090909090909,0.0909090909090909
"1140",0.129032258064516,0.0806451612903226,0.129032258064516,0.0806451612903226,0.112903225806452,0.112903225806452,0.0806451612903226,0.0806451612903226,0.0967741935483871,0.0967741935483871
"3492",0.0806451612903226,0.129032258064516,0.0967741935483871,0.0967741935483871,0.0806451612903226,0.129032258064516,0.0806451612903226,0.0806451612903226,0.145161290322581,0.0806451612903226
"13062",0.111111111111111,0.0925925925925926,0.111111111111111,0.111111111111111,0.0925925925925926,0.0925925925925926,0.0925925925925926,0.0925925925925926,0.111111111111111,0.0925925925925926
"13558",0.0961538461538462,0.0961538461538462,0.0961538461538462,0.115384615384615,0.0961538461538462,0.0961538461538462,0.115384615384615,0.0961538461538462,0.0961538461538462,0.0961538461538462
"3505",0.0909090909090909,0.0909090909090909,0.0909090909090909,0.0909090909090909,0.109090909090909,0.0909090909090909,0.0909090909090909,0.145454545454545,0.0909090909090909,0.109090909090909
"6037",0.125,0.0892857142857143,0.107142857142857,0.0892857142857143,0.0892857142857143,0.107142857142857,0.0892857142857143,0.107142857142857,0.0892857142857143,0.107142857142857
"10233",0.109090909090909,0.0909090909090909,0.0909090909090909,0.109090909090909,0.145454545454545,0.0909090909090909,0.0909090909090909,0.0909090909090909,0.0909090909090909,0.0909090909090909
"4518",0.0925925925925926,0.111111111111111,0.111111111111111,0.111111111111111,0.0925925925925926,0.0925925925925926,0.0925925925925926,0.111111111111111,0.0925925925925926,0.0925925925925926
"6090",0.078125,0.109375,0.09375,0.125,0.09375,0.078125,0.09375,0.078125,0.15625,0.09375
"6174",0.103448275862069,0.0862068965517241,0.103448275862069,0.137931034482759,0.0862068965517241,0.0862068965517241,0.0862068965517241,0.0862068965517241,0.0862068965517241,0.137931034482759
"10515",0.0980392156862745,0.117647058823529,0.0980392156862745,0.0980392156862745,0.0980392156862745,0.0980392156862745,0.0980392156862745,0.0980392156862745,0.0980392156862745,0.0980392156862745
"7998",0.078125,0.15625,0.078125,0.078125,0.09375,0.09375,0.140625,0.09375,0.09375,0.09375
"2590",0.135593220338983,0.101694915254237,0.0847457627118644,0.0847457627118644,0.0847457627118644,0.152542372881356,0.0847457627118644,0.101694915254237,0.0847457627118644,0.0847457627118644
"2914",0.105263157894737,0.105263157894737,0.12280701754386,0.12280701754386,0.087719298245614,0.087719298245614,0.105263157894737,0.087719298245614,0.087719298245614,0.087719298245614
"4886",0.117647058823529,0.0980392156862745,0.0980392156862745,0.0980392156862745,0.0980392156862745,0.0980392156862745,0.0980392156862745,0.0980392156862745,0.0980392156862745,0.0980392156862745
"12444",0.0909090909090909,0.0909090909090909,0.0757575757575758,0.0757575757575758,0.0909090909090909,0.106060606060606,0.136363636363636,0.106060606060606,0.0909090909090909,0.136363636363636
"2786",0.0983606557377049,0.0983606557377049,0.0819672131147541,0.0819672131147541,0.0819672131147541,0.180327868852459,0.0983606557377049,0.0819672131147541,0.0983606557377049,0.0983606557377049
"11472",0.142857142857143,0.0892857142857143,0.107142857142857,0.0892857142857143,0.0892857142857143,0.0892857142857143,0.107142857142857,0.0892857142857143,0.107142857142857,0.0892857142857143
"11537",0.157894736842105,0.105263157894737,0.087719298245614,0.087719298245614,0.087719298245614,0.087719298245614,0.087719298245614,0.087719298245614,0.087719298245614,0.12280701754386
"489",0.0704225352112676,0.0845070422535211,0.0845070422535211,0.0985915492957746,0.0845070422535211,0.126760563380282,0.0704225352112676,0.126760563380282,0.0985915492957746,0.154929577464789
"2145",0.132075471698113,0.113207547169811,0.0943396226415094,0.0943396226415094,0.0943396226415094,0.0943396226415094,0.0943396226415094,0.0943396226415094,0.0943396226415094,0.0943396226415094
"12062",0.0980392156862745,0.0980392156862745,0.0980392156862745,0.0980392156862745,0.117647058823529,0.0980392156862745,0.0980392156862745,0.0980392156862745,0.0980392156862745,0.0980392156862745
"7738",0.135802469135802,0.0987654320987654,0.0740740740740741,0.0864197530864197,0.123456790123457,0.0864197530864197,0.185185185185185,0.0740740740740741,0.0740740740740741,0.0617283950617284
"138",0.0843373493975904,0.0843373493975904,0.072289156626506,0.132530120481928,0.108433734939759,0.120481927710843,0.0963855421686747,0.0963855421686747,0.108433734939759,0.0963855421686747
"1553",0.0895522388059701,0.0895522388059701,0.104477611940299,0.119402985074627,0.0746268656716418,0.17910447761194,0.0746268656716418,0.0746268656716418,0.104477611940299,0.0895522388059701
"398",0.107692307692308,0.0769230769230769,0.0769230769230769,0.0923076923076923,0.0923076923076923,0.0769230769230769,0.138461538461538,0.0769230769230769,0.123076923076923,0.138461538461538
"10309",0.0909090909090909,0.109090909090909,0.0909090909090909,0.0909090909090909,0.0909090909090909,0.109090909090909,0.0909090909090909,0.127272727272727,0.0909090909090909,0.109090909090909
"9158",0.113207547169811,0.113207547169811,0.0943396226415094,0.0943396226415094,0.0943396226415094,0.0943396226415094,0.0943396226415094,0.0943396226415094,0.0943396226415094,0.113207547169811
"13777",0.0980392156862745,0.0980392156862745,0.0980392156862745,0.0980392156862745,0.0980392156862745,0.0980392156862745,0.0980392156862745,0.0980392156862745,0.117647058823529,0.0980392156862745
"8211",0.0862068965517241,0.103448275862069,0.103448275862069,0.103448275862069,0.103448275862069,0.0862068965517241,0.0862068965517241,0.103448275862069,0.0862068965517241,0.137931034482759
"6717",0.115384615384615,0.0961538461538462,0.0961538461538462,0.115384615384615,0.0961538461538462,0.0961538461538462,0.0961538461538462,0.0961538461538462,0.0961538461538462,0.0961538461538462
"14251",0.0943396226415094,0.0943396226415094,0.113207547169811,0.0943396226415094,0.0943396226415094,0.113207547169811,0.0943396226415094,0.113207547169811,0.0943396226415094,0.0943396226415094
"9303",0.0980392156862745,0.0980392156862745,0.0980392156862745,0.0980392156862745,0.0980392156862745,0.0980392156862745,0.117647058823529,0.0980392156862745,0.0980392156862745,0.0980392156862745
"12086",0.0943396226415094,0.113207547169811,0.0943396226415094,0.113207547169811,0.0943396226415094,0.113207547169811,0.0943396226415094,0.0943396226415094,0.0943396226415094,0.0943396226415094
"938",0.0967741935483871,0.112903225806452,0.112903225806452,0.129032258064516,0.0806451612903226,0.0967741935483871,0.0806451612903226,0.112903225806452,0.0806451612903226,0.0967741935483871
"9859",0.0980392156862745,0.0980392156862745,0.0980392156862745,0.0980392156862745,0.0980392156862745,0.0980392156862745,0.0980392156862745,0.117647058823529,0.0980392156862745,0.0980392156862745
"3520",0.0980392156862745,0.0980392156862745,0.0980392156862745,0.117647058823529,0.0980392156862745,0.0980392156862745,0.0980392156862745,0.0980392156862745,0.0980392156862745,0.0980392156862745
"9653",0.0806451612903226,0.129032258064516,0.112903225806452,0.0806451612903226,0.112903225806452,0.0806451612903226,0.0806451612903226,0.0967741935483871,0.112903225806452,0.112903225806452
"8929",0.0925925925925926,0.0925925925925926,0.0925925925925926,0.111111111111111,0.12962962962963,0.0925925925925926,0.111111111111111,0.0925925925925926,0.0925925925925926,0.0925925925925926
"9206",0.105263157894737,0.087719298245614,0.105263157894737,0.087719298245614,0.087719298245614,0.087719298245614,0.087719298245614,0.157894736842105,0.087719298245614,0.105263157894737
"5015",0.123076923076923,0.0923076923076923,0.0769230769230769,0.107692307692308,0.107692307692308,0.0923076923076923,0.107692307692308,0.0769230769230769,0.107692307692308,0.107692307692308
"11096",0.142857142857143,0.125,0.0892857142857143,0.0892857142857143,0.0892857142857143,0.0892857142857143,0.107142857142857,0.0892857142857143,0.0892857142857143,0.0892857142857143
"2295",0.0862068965517241,0.137931034482759,0.0862068965517241,0.103448275862069,0.103448275862069,0.0862068965517241,0.0862068965517241,0.120689655172414,0.103448275862069,0.0862068965517241
"9407",0.103448275862069,0.0862068965517241,0.120689655172414,0.0862068965517241,0.0862068965517241,0.103448275862069,0.0862068965517241,0.155172413793103,0.0862068965517241,0.0862068965517241
"8353",0.0892857142857143,0.107142857142857,0.0892857142857143,0.107142857142857,0.107142857142857,0.107142857142857,0.0892857142857143,0.107142857142857,0.107142857142857,0.0892857142857143
"8711",0.103448275862069,0.103448275862069,0.0862068965517241,0.103448275862069,0.0862068965517241,0.0862068965517241,0.137931034482759,0.0862068965517241,0.0862068965517241,0.120689655172414
"10430",0.121212121212121,0.106060606060606,0.0909090909090909,0.106060606060606,0.0757575757575758,0.0909090909090909,0.121212121212121,0.0909090909090909,0.0757575757575758,0.121212121212121
"1877",0.103448275862069,0.0862068965517241,0.0862068965517241,0.120689655172414,0.137931034482759,0.103448275862069,0.0862068965517241,0.0862068965517241,0.0862068965517241,0.103448275862069
"1666",0.115384615384615,0.115384615384615,0.0961538461538462,0.0961538461538462,0.0961538461538462,0.0961538461538462,0.0961538461538462,0.0961538461538462,0.0961538461538462,0.0961538461538462
"1627",0.0943396226415094,0.0943396226415094,0.113207547169811,0.0943396226415094,0.113207547169811,0.0943396226415094,0.0943396226415094,0.0943396226415094,0.0943396226415094,0.113207547169811
"7735",0.11864406779661,0.11864406779661,0.101694915254237,0.0847457627118644,0.101694915254237,0.0847457627118644,0.11864406779661,0.0847457627118644,0.101694915254237,0.0847457627118644
"11214",0.116666666666667,0.0833333333333333,0.0833333333333333,0.0833333333333333,0.1,0.0833333333333333,0.15,0.1,0.0833333333333333,0.116666666666667
"5031",0.120689655172414,0.0862068965517241,0.0862068965517241,0.103448275862069,0.0862068965517241,0.103448275862069,0.120689655172414,0.0862068965517241,0.120689655172414,0.0862068965517241
"3353",0.107142857142857,0.0892857142857143,0.0892857142857143,0.107142857142857,0.0892857142857143,0.0892857142857143,0.0892857142857143,0.107142857142857,0.125,0.107142857142857
"2747",0.103448275862069,0.103448275862069,0.103448275862069,0.103448275862069,0.0862068965517241,0.0862068965517241,0.0862068965517241,0.137931034482759,0.103448275862069,0.0862068965517241
"3735",0.0961538461538462,0.0961538461538462,0.115384615384615,0.115384615384615,0.0961538461538462,0.0961538461538462,0.0961538461538462,0.0961538461538462,0.0961538461538462,0.0961538461538462
"3192",0.0980392156862745,0.0980392156862745,0.0980392156862745,0.0980392156862745,0.0980392156862745,0.0980392156862745,0.0980392156862745,0.117647058823529,0.0980392156862745,0.0980392156862745
"1722",0.0847457627118644,0.0847457627118644,0.101694915254237,0.0847457627118644,0.0847457627118644,0.0847457627118644,0.11864406779661,0.169491525423729,0.101694915254237,0.0847457627118644
"4149",0.0862068965517241,0.0862068965517241,0.137931034482759,0.0862068965517241,0.0862068965517241,0.0862068965517241,0.0862068965517241,0.155172413793103,0.103448275862069,0.0862068965517241
"9269",0.11864406779661,0.135593220338983,0.0847457627118644,0.101694915254237,0.0847457627118644,0.0847457627118644,0.0847457627118644,0.101694915254237,0.0847457627118644,0.11864406779661
"1604",0.123076923076923,0.107692307692308,0.0769230769230769,0.153846153846154,0.0769230769230769,0.0769230769230769,0.0923076923076923,0.0923076923076923,0.0923076923076923,0.107692307692308
"1548",0.0967741935483871,0.0806451612903226,0.0967741935483871,0.0806451612903226,0.0806451612903226,0.129032258064516,0.0967741935483871,0.112903225806452,0.145161290322581,0.0806451612903226
"5436",0.0869565217391304,0.072463768115942,0.0869565217391304,0.115942028985507,0.0869565217391304,0.115942028985507,0.115942028985507,0.072463768115942,0.130434782608696,0.115942028985507
"14194",0.121212121212121,0.0909090909090909,0.0909090909090909,0.0909090909090909,0.0909090909090909,0.0757575757575758,0.151515151515152,0.0757575757575758,0.106060606060606,0.106060606060606
"7336",0.09375,0.09375,0.09375,0.125,0.109375,0.078125,0.125,0.078125,0.09375,0.109375
"6278",0.0980392156862745,0.0980392156862745,0.0980392156862745,0.0980392156862745,0.0980392156862745,0.0980392156862745,0.0980392156862745,0.0980392156862745,0.117647058823529,0.0980392156862745
"5080",0.0961538461538462,0.0961538461538462,0.0961538461538462,0.115384615384615,0.115384615384615,0.0961538461538462,0.0961538461538462,0.0961538461538462,0.0961538461538462,0.0961538461538462
"13469",0.0943396226415094,0.0943396226415094,0.0943396226415094,0.0943396226415094,0.0943396226415094,0.0943396226415094,0.0943396226415094,0.0943396226415094,0.150943396226415,0.0943396226415094
"11279",0.111111111111111,0.12962962962963,0.0925925925925926,0.0925925925925926,0.0925925925925926,0.0925925925925926,0.0925925925925926,0.0925925925925926,0.111111111111111,0.0925925925925926
"7851",0.0810810810810811,0.0675675675675676,0.135135135135135,0.0810810810810811,0.121621621621622,0.108108108108108,0.0675675675675676,0.148648648648649,0.0675675675675676,0.121621621621622
"11556",0.0980392156862745,0.0980392156862745,0.0980392156862745,0.117647058823529,0.0980392156862745,0.0980392156862745,0.0980392156862745,0.0980392156862745,0.0980392156862745,0.0980392156862745
"2327",0.115384615384615,0.0961538461538462,0.0961538461538462,0.0961538461538462,0.115384615384615,0.0961538461538462,0.0961538461538462,0.0961538461538462,0.0961538461538462,0.0961538461538462
"3994",0.087719298245614,0.105263157894737,0.087719298245614,0.12280701754386,0.087719298245614,0.105263157894737,0.105263157894737,0.087719298245614,0.105263157894737,0.105263157894737
"12260",0.111111111111111,0.111111111111111,0.111111111111111,0.0925925925925926,0.0925925925925926,0.0925925925925926,0.0925925925925926,0.0925925925925926,0.0925925925925926,0.111111111111111
"3097",0.0892857142857143,0.0892857142857143,0.0892857142857143,0.0892857142857143,0.107142857142857,0.0892857142857143,0.107142857142857,0.0892857142857143,0.0892857142857143,0.160714285714286
"11854",0.109090909090909,0.109090909090909,0.109090909090909,0.109090909090909,0.0909090909090909,0.0909090909090909,0.0909090909090909,0.0909090909090909,0.0909090909090909,0.109090909090909
"7615",0.114754098360656,0.147540983606557,0.0983606557377049,0.114754098360656,0.0983606557377049,0.0819672131147541,0.0983606557377049,0.0819672131147541,0.0819672131147541,0.0819672131147541
"6561",0.0943396226415094,0.113207547169811,0.0943396226415094,0.0943396226415094,0.113207547169811,0.0943396226415094,0.113207547169811,0.0943396226415094,0.0943396226415094,0.0943396226415094
"3249",0.0819672131147541,0.147540983606557,0.0819672131147541,0.114754098360656,0.0819672131147541,0.0819672131147541,0.114754098360656,0.0819672131147541,0.114754098360656,0.0983606557377049
"4775",0.101694915254237,0.0847457627118644,0.11864406779661,0.101694915254237,0.0847457627118644,0.101694915254237,0.101694915254237,0.101694915254237,0.101694915254237,0.101694915254237
"11974",0.109090909090909,0.109090909090909,0.109090909090909,0.109090909090909,0.0909090909090909,0.0909090909090909,0.109090909090909,0.0909090909090909,0.0909090909090909,0.0909090909090909
"8258",0.0882352941176471,0.0882352941176471,0.102941176470588,0.102941176470588,0.117647058823529,0.102941176470588,0.132352941176471,0.102941176470588,0.0882352941176471,0.0735294117647059
"3045",0.116666666666667,0.0833333333333333,0.1,0.0833333333333333,0.133333333333333,0.0833333333333333,0.133333333333333,0.0833333333333333,0.1,0.0833333333333333
"13756",0.0961538461538462,0.115384615384615,0.0961538461538462,0.115384615384615,0.0961538461538462,0.0961538461538462,0.0961538461538462,0.0961538461538462,0.0961538461538462,0.0961538461538462
"53",0.147727272727273,0.0681818181818182,0.0681818181818182,0.0568181818181818,0.215909090909091,0.102272727272727,0.0795454545454545,0.0909090909090909,0.0909090909090909,0.0795454545454545
"11100",0.087719298245614,0.105263157894737,0.087719298245614,0.12280701754386,0.105263157894737,0.087719298245614,0.12280701754386,0.087719298245614,0.087719298245614,0.105263157894737
"8399",0.111111111111111,0.12962962962963,0.0925925925925926,0.0925925925925926,0.0925925925925926,0.0925925925925926,0.0925925925925926,0.0925925925925926,0.0925925925925926,0.111111111111111
"8131",0.112903225806452,0.112903225806452,0.0806451612903226,0.161290322580645,0.0967741935483871,0.0967741935483871,0.0806451612903226,0.0967741935483871,0.0806451612903226,0.0806451612903226
"10508",0.127272727272727,0.0909090909090909,0.109090909090909,0.109090909090909,0.0909090909090909,0.0909090909090909,0.109090909090909,0.0909090909090909,0.0909090909090909,0.0909090909090909
"4398",0.0909090909090909,0.163636363636364,0.0909090909090909,0.0909090909090909,0.109090909090909,0.0909090909090909,0.0909090909090909,0.0909090909090909,0.0909090909090909,0.0909090909090909
"12427",0.0833333333333333,0.0972222222222222,0.0694444444444444,0.166666666666667,0.0833333333333333,0.0972222222222222,0.0972222222222222,0.111111111111111,0.0833333333333333,0.111111111111111
"6271",0.087719298245614,0.105263157894737,0.087719298245614,0.105263157894737,0.087719298245614,0.140350877192982,0.105263157894737,0.087719298245614,0.105263157894737,0.087719298245614
"9256",0.0952380952380952,0.126984126984127,0.111111111111111,0.0793650793650794,0.0793650793650794,0.0793650793650794,0.0952380952380952,0.142857142857143,0.0952380952380952,0.0952380952380952
"4360",0.0892857142857143,0.107142857142857,0.125,0.107142857142857,0.0892857142857143,0.0892857142857143,0.107142857142857,0.0892857142857143,0.0892857142857143,0.107142857142857
"5683",0.0961538461538462,0.0961538461538462,0.0961538461538462,0.0961538461538462,0.0961538461538462,0.0961538461538462,0.0961538461538462,0.115384615384615,0.115384615384615,0.0961538461538462
"8146",0.109375,0.109375,0.078125,0.078125,0.109375,0.15625,0.09375,0.078125,0.09375,0.09375
"10501",0.0833333333333333,0.1,0.0833333333333333,0.1,0.1,0.0833333333333333,0.133333333333333,0.0833333333333333,0.0833333333333333,0.15
"14054",0.0895522388059701,0.0895522388059701,0.104477611940299,0.119402985074627,0.0895522388059701,0.0895522388059701,0.0895522388059701,0.104477611940299,0.104477611940299,0.119402985074627
"12840",0.107142857142857,0.107142857142857,0.0892857142857143,0.0892857142857143,0.0892857142857143,0.0892857142857143,0.107142857142857,0.0892857142857143,0.142857142857143,0.0892857142857143
"11669",0.132075471698113,0.0943396226415094,0.0943396226415094,0.113207547169811,0.0943396226415094,0.0943396226415094,0.0943396226415094,0.0943396226415094,0.0943396226415094,0.0943396226415094
"8903",0.101694915254237,0.101694915254237,0.11864406779661,0.0847457627118644,0.101694915254237,0.101694915254237,0.101694915254237,0.0847457627118644,0.101694915254237,0.101694915254237
"5610",0.0943396226415094,0.0943396226415094,0.113207547169811,0.0943396226415094,0.0943396226415094,0.0943396226415094,0.0943396226415094,0.0943396226415094,0.132075471698113,0.0943396226415094
"8745",0.0895522388059701,0.119402985074627,0.104477611940299,0.0895522388059701,0.104477611940299,0.119402985074627,0.104477611940299,0.0895522388059701,0.0746268656716418,0.104477611940299
"410",0.123456790123457,0.123456790123457,0.0740740740740741,0.0987654320987654,0.0740740740740741,0.123456790123457,0.0864197530864197,0.0864197530864197,0.0864197530864197,0.123456790123457
"616",0.0684931506849315,0.10958904109589,0.0958904109589041,0.123287671232877,0.0684931506849315,0.0958904109589041,0.0958904109589041,0.0958904109589041,0.123287671232877,0.123287671232877
"6129",0.12280701754386,0.087719298245614,0.087719298245614,0.087719298245614,0.105263157894737,0.105263157894737,0.140350877192982,0.087719298245614,0.087719298245614,0.087719298245614
"1170",0.0952380952380952,0.111111111111111,0.0952380952380952,0.111111111111111,0.0793650793650794,0.126984126984127,0.0793650793650794,0.0793650793650794,0.111111111111111,0.111111111111111
"5278",0.15,0.125,0.0625,0.075,0.1,0.15,0.075,0.1125,0.075,0.075
"5760",0.11864406779661,0.101694915254237,0.0847457627118644,0.0847457627118644,0.0847457627118644,0.101694915254237,0.0847457627118644,0.101694915254237,0.135593220338983,0.101694915254237
"11608",0.0980392156862745,0.117647058823529,0.0980392156862745,0.0980392156862745,0.0980392156862745,0.0980392156862745,0.0980392156862745,0.0980392156862745,0.0980392156862745,0.0980392156862745
"7745",0.0967741935483871,0.0967741935483871,0.112903225806452,0.145161290322581,0.0806451612903226,0.0806451612903226,0.129032258064516,0.0806451612903226,0.0806451612903226,0.0967741935483871
"13051",0.0980392156862745,0.0980392156862745,0.0980392156862745,0.0980392156862745,0.0980392156862745,0.0980392156862745,0.0980392156862745,0.0980392156862745,0.117647058823529,0.0980392156862745
"123",0.0875,0.075,0.0875,0.0875,0.1,0.2125,0.0625,0.15,0.0625,0.075
"10862",0.0925925925925926,0.148148148148148,0.0925925925925926,0.0925925925925926,0.0925925925925926,0.0925925925925926,0.111111111111111,0.0925925925925926,0.0925925925925926,0.0925925925925926
"13482",0.0925925925925926,0.111111111111111,0.111111111111111,0.0925925925925926,0.0925925925925926,0.12962962962963,0.0925925925925926,0.0925925925925926,0.0925925925925926,0.0925925925925926
"521",0.078125,0.078125,0.078125,0.09375,0.09375,0.21875,0.09375,0.078125,0.09375,0.09375
"10375",0.0961538461538462,0.0961538461538462,0.115384615384615,0.115384615384615,0.0961538461538462,0.0961538461538462,0.0961538461538462,0.0961538461538462,0.0961538461538462,0.0961538461538462
"3632",0.137931034482759,0.0862068965517241,0.103448275862069,0.120689655172414,0.0862068965517241,0.103448275862069,0.0862068965517241,0.0862068965517241,0.103448275862069,0.0862068965517241
"4071",0.133333333333333,0.116666666666667,0.0833333333333333,0.0833333333333333,0.0833333333333333,0.0833333333333333,0.0833333333333333,0.1,0.15,0.0833333333333333
"1676",0.0952380952380952,0.0952380952380952,0.0952380952380952,0.111111111111111,0.111111111111111,0.111111111111111,0.111111111111111,0.0952380952380952,0.0952380952380952,0.0793650793650794
"10497",0.111111111111111,0.0925925925925926,0.0925925925925926,0.12962962962963,0.0925925925925926,0.0925925925925926,0.111111111111111,0.0925925925925926,0.0925925925925926,0.0925925925925926
"7872",0.132352941176471,0.102941176470588,0.0882352941176471,0.0882352941176471,0.0735294117647059,0.0735294117647059,0.147058823529412,0.102941176470588,0.0882352941176471,0.102941176470588
"5084",0.109090909090909,0.109090909090909,0.0909090909090909,0.0909090909090909,0.109090909090909,0.0909090909090909,0.0909090909090909,0.0909090909090909,0.109090909090909,0.109090909090909
"8915",0.0892857142857143,0.160714285714286,0.0892857142857143,0.0892857142857143,0.0892857142857143,0.107142857142857,0.107142857142857,0.0892857142857143,0.0892857142857143,0.0892857142857143
"13022",0.12962962962963,0.111111111111111,0.0925925925925926,0.111111111111111,0.0925925925925926,0.0925925925925926,0.0925925925925926,0.0925925925925926,0.0925925925925926,0.0925925925925926
"6366",0.105263157894737,0.087719298245614,0.12280701754386,0.087719298245614,0.105263157894737,0.12280701754386,0.087719298245614,0.087719298245614,0.105263157894737,0.087719298245614
"13608",0.0943396226415094,0.0943396226415094,0.0943396226415094,0.0943396226415094,0.0943396226415094,0.132075471698113,0.113207547169811,0.0943396226415094,0.0943396226415094,0.0943396226415094
"8828",0.0961538461538462,0.0961538461538462,0.0961538461538462,0.115384615384615,0.115384615384615,0.0961538461538462,0.0961538461538462,0.0961538461538462,0.0961538461538462,0.0961538461538462
"12065",0.114754098360656,0.0983606557377049,0.114754098360656,0.114754098360656,0.0819672131147541,0.0819672131147541,0.0983606557377049,0.0819672131147541,0.114754098360656,0.0983606557377049
"10433",0.0980392156862745,0.0980392156862745,0.0980392156862745,0.0980392156862745,0.0980392156862745,0.0980392156862745,0.0980392156862745,0.117647058823529,0.0980392156862745,0.0980392156862745
"4119",0.101694915254237,0.135593220338983,0.0847457627118644,0.0847457627118644,0.0847457627118644,0.101694915254237,0.0847457627118644,0.101694915254237,0.101694915254237,0.11864406779661
"2017",0.147540983606557,0.114754098360656,0.0983606557377049,0.0819672131147541,0.0983606557377049,0.0819672131147541,0.0983606557377049,0.0819672131147541,0.0819672131147541,0.114754098360656
"4915",0.0862068965517241,0.103448275862069,0.103448275862069,0.120689655172414,0.120689655172414,0.0862068965517241,0.0862068965517241,0.0862068965517241,0.120689655172414,0.0862068965517241
"10845",0.112903225806452,0.112903225806452,0.0806451612903226,0.0967741935483871,0.0806451612903226,0.0967741935483871,0.0806451612903226,0.145161290322581,0.0967741935483871,0.0967741935483871
"4802",0.0909090909090909,0.0909090909090909,0.109090909090909,0.0909090909090909,0.109090909090909,0.0909090909090909,0.0909090909090909,0.109090909090909,0.109090909090909,0.109090909090909
"10048",0.0980392156862745,0.0980392156862745,0.0980392156862745,0.117647058823529,0.0980392156862745,0.0980392156862745,0.0980392156862745,0.0980392156862745,0.0980392156862745,0.0980392156862745
"13395",0.0925925925925926,0.0925925925925926,0.111111111111111,0.111111111111111,0.111111111111111,0.0925925925925926,0.111111111111111,0.0925925925925926,0.0925925925925926,0.0925925925925926
"7178",0.125,0.125,0.0833333333333333,0.0972222222222222,0.0833333333333333,0.0694444444444444,0.152777777777778,0.0694444444444444,0.0694444444444444,0.125
"10199",0.163934426229508,0.114754098360656,0.114754098360656,0.0819672131147541,0.0819672131147541,0.0819672131147541,0.0819672131147541,0.0819672131147541,0.114754098360656,0.0819672131147541
"11121",0.103448275862069,0.103448275862069,0.0862068965517241,0.0862068965517241,0.103448275862069,0.103448275862069,0.120689655172414,0.0862068965517241,0.103448275862069,0.103448275862069
"5336",0.0923076923076923,0.0923076923076923,0.107692307692308,0.0923076923076923,0.123076923076923,0.107692307692308,0.0923076923076923,0.0769230769230769,0.138461538461538,0.0769230769230769
"14002",0.1,0.116666666666667,0.1,0.1,0.116666666666667,0.0833333333333333,0.1,0.116666666666667,0.0833333333333333,0.0833333333333333
"8576",0.0847457627118644,0.101694915254237,0.0847457627118644,0.0847457627118644,0.11864406779661,0.101694915254237,0.101694915254237,0.135593220338983,0.0847457627118644,0.101694915254237
"10015",0.0961538461538462,0.0961538461538462,0.0961538461538462,0.0961538461538462,0.0961538461538462,0.0961538461538462,0.115384615384615,0.0961538461538462,0.0961538461538462,0.115384615384615
"2261",0.0862068965517241,0.103448275862069,0.103448275862069,0.103448275862069,0.0862068965517241,0.0862068965517241,0.0862068965517241,0.120689655172414,0.137931034482759,0.0862068965517241
"1704",0.0967741935483871,0.112903225806452,0.0806451612903226,0.0967741935483871,0.0967741935483871,0.129032258064516,0.0967741935483871,0.0967741935483871,0.112903225806452,0.0806451612903226
"14154",0.0882352941176471,0.102941176470588,0.147058823529412,0.102941176470588,0.0735294117647059,0.102941176470588,0.0882352941176471,0.132352941176471,0.0735294117647059,0.0882352941176471
"4012",0.105263157894737,0.105263157894737,0.087719298245614,0.087719298245614,0.105263157894737,0.087719298245614,0.105263157894737,0.087719298245614,0.12280701754386,0.105263157894737
"8473",0.0909090909090909,0.109090909090909,0.0909090909090909,0.0909090909090909,0.0909090909090909,0.0909090909090909,0.145454545454545,0.109090909090909,0.0909090909090909,0.0909090909090909
"8210",0.164179104477612,0.0895522388059701,0.0746268656716418,0.0746268656716418,0.0746268656716418,0.0746268656716418,0.134328358208955,0.0895522388059701,0.0895522388059701,0.134328358208955
"9533",0.103448275862069,0.120689655172414,0.103448275862069,0.0862068965517241,0.103448275862069,0.103448275862069,0.0862068965517241,0.103448275862069,0.103448275862069,0.0862068965517241
"3551",0.103448275862069,0.0862068965517241,0.120689655172414,0.120689655172414,0.0862068965517241,0.137931034482759,0.0862068965517241,0.0862068965517241,0.0862068965517241,0.0862068965517241
"1911",0.0961538461538462,0.0961538461538462,0.115384615384615,0.0961538461538462,0.0961538461538462,0.0961538461538462,0.0961538461538462,0.0961538461538462,0.115384615384615,0.0961538461538462
"6886",0.147540983606557,0.147540983606557,0.0983606557377049,0.0819672131147541,0.0819672131147541,0.0983606557377049,0.0819672131147541,0.0819672131147541,0.0983606557377049,0.0819672131147541
"4244",0.115384615384615,0.0961538461538462,0.115384615384615,0.0961538461538462,0.0961538461538462,0.0961538461538462,0.0961538461538462,0.0961538461538462,0.0961538461538462,0.0961538461538462
"2391",0.0862068965517241,0.0862068965517241,0.120689655172414,0.103448275862069,0.0862068965517241,0.0862068965517241,0.0862068965517241,0.155172413793103,0.103448275862069,0.0862068965517241
"9760",0.125,0.125,0.078125,0.09375,0.09375,0.09375,0.109375,0.078125,0.09375,0.109375
"5793",0.132530120481928,0.072289156626506,0.0843373493975904,0.0963855421686747,0.072289156626506,0.228915662650602,0.0843373493975904,0.072289156626506,0.072289156626506,0.0843373493975904
"6026",0.11864406779661,0.0847457627118644,0.101694915254237,0.101694915254237,0.101694915254237,0.0847457627118644,0.0847457627118644,0.101694915254237,0.101694915254237,0.11864406779661
"176",0.106666666666667,0.08,0.146666666666667,0.0933333333333333,0.08,0.0933333333333333,0.0933333333333333,0.133333333333333,0.0666666666666667,0.106666666666667
"11791",0.115384615384615,0.0961538461538462,0.0961538461538462,0.0961538461538462,0.0961538461538462,0.0961538461538462,0.0961538461538462,0.115384615384615,0.0961538461538462,0.0961538461538462
"10025",0.0925925925925926,0.12962962962963,0.0925925925925926,0.0925925925925926,0.111111111111111,0.0925925925925926,0.111111111111111,0.0925925925925926,0.0925925925925926,0.0925925925925926
"10116",0.111111111111111,0.0925925925925926,0.12962962962963,0.0925925925925926,0.0925925925925926,0.0925925925925926,0.0925925925925926,0.0925925925925926,0.0925925925925926,0.111111111111111
"1267",0.119402985074627,0.0746268656716418,0.0895522388059701,0.0746268656716418,0.119402985074627,0.149253731343284,0.0895522388059701,0.0895522388059701,0.0895522388059701,0.104477611940299
"12364",0.123076923076923,0.0923076923076923,0.107692307692308,0.107692307692308,0.0769230769230769,0.0923076923076923,0.0769230769230769,0.169230769230769,0.0769230769230769,0.0769230769230769
"6360",0.107142857142857,0.0892857142857143,0.107142857142857,0.0892857142857143,0.107142857142857,0.125,0.0892857142857143,0.107142857142857,0.0892857142857143,0.0892857142857143
"3889",0.0862068965517241,0.120689655172414,0.137931034482759,0.103448275862069,0.103448275862069,0.103448275862069,0.0862068965517241,0.0862068965517241,0.0862068965517241,0.0862068965517241
"4092",0.111111111111111,0.0925925925925926,0.0925925925925926,0.0925925925925926,0.0925925925925926,0.148148148148148,0.0925925925925926,0.0925925925925926,0.0925925925925926,0.0925925925925926
"9844",0.113207547169811,0.0943396226415094,0.0943396226415094,0.0943396226415094,0.0943396226415094,0.0943396226415094,0.0943396226415094,0.132075471698113,0.0943396226415094,0.0943396226415094
"5244",0.09375,0.109375,0.109375,0.09375,0.078125,0.09375,0.109375,0.125,0.078125,0.109375
"3944",0.0819672131147541,0.0983606557377049,0.0819672131147541,0.147540983606557,0.0983606557377049,0.114754098360656,0.0819672131147541,0.0819672131147541,0.114754098360656,0.0983606557377049
"8467",0.072463768115942,0.101449275362319,0.0869565217391304,0.0869565217391304,0.101449275362319,0.101449275362319,0.115942028985507,0.159420289855072,0.072463768115942,0.101449275362319
"2919",0.1,0.1,0.133333333333333,0.116666666666667,0.0833333333333333,0.0833333333333333,0.1,0.1,0.0833333333333333,0.1
"4525",0.0909090909090909,0.109090909090909,0.0909090909090909,0.127272727272727,0.0909090909090909,0.109090909090909,0.0909090909090909,0.0909090909090909,0.0909090909090909,0.109090909090909
"12484",0.116666666666667,0.116666666666667,0.1,0.0833333333333333,0.116666666666667,0.0833333333333333,0.0833333333333333,0.0833333333333333,0.133333333333333,0.0833333333333333
"7486",0.10126582278481,0.113924050632911,0.0632911392405063,0.151898734177215,0.0759493670886076,0.0759493670886076,0.139240506329114,0.0632911392405063,0.0759493670886076,0.139240506329114
"13323",0.0943396226415094,0.0943396226415094,0.113207547169811,0.113207547169811,0.113207547169811,0.0943396226415094,0.0943396226415094,0.0943396226415094,0.0943396226415094,0.0943396226415094
"4474",0.0943396226415094,0.132075471698113,0.0943396226415094,0.0943396226415094,0.0943396226415094,0.0943396226415094,0.0943396226415094,0.0943396226415094,0.113207547169811,0.0943396226415094
"13906",0.0961538461538462,0.0961538461538462,0.115384615384615,0.0961538461538462,0.0961538461538462,0.0961538461538462,0.0961538461538462,0.0961538461538462,0.115384615384615,0.0961538461538462
"4424",0.0862068965517241,0.103448275862069,0.0862068965517241,0.103448275862069,0.0862068965517241,0.103448275862069,0.137931034482759,0.0862068965517241,0.103448275862069,0.103448275862069
"6520",0.0943396226415094,0.0943396226415094,0.132075471698113,0.0943396226415094,0.0943396226415094,0.0943396226415094,0.0943396226415094,0.0943396226415094,0.0943396226415094,0.113207547169811
"1643",0.0806451612903226,0.0806451612903226,0.0806451612903226,0.129032258064516,0.0967741935483871,0.0806451612903226,0.0967741935483871,0.145161290322581,0.112903225806452,0.0967741935483871
"3536",0.0847457627118644,0.0847457627118644,0.11864406779661,0.0847457627118644,0.0847457627118644,0.11864406779661,0.0847457627118644,0.11864406779661,0.11864406779661,0.101694915254237
"5630",0.137931034482759,0.120689655172414,0.0862068965517241,0.103448275862069,0.0862068965517241,0.103448275862069,0.0862068965517241,0.0862068965517241,0.103448275862069,0.0862068965517241
"12430",0.0857142857142857,0.0714285714285714,0.0714285714285714,0.128571428571429,0.0857142857142857,0.0714285714285714,0.114285714285714,0.128571428571429,0.1,0.142857142857143
"3214",0.103448275862069,0.0862068965517241,0.0862068965517241,0.0862068965517241,0.103448275862069,0.103448275862069,0.0862068965517241,0.103448275862069,0.103448275862069,0.137931034482759
"7358",0.0759493670886076,0.10126582278481,0.0632911392405063,0.0759493670886076,0.0886075949367089,0.0886075949367089,0.151898734177215,0.0759493670886076,0.113924050632911,0.164556962025316
"367",0.115384615384615,0.0897435897435897,0.128205128205128,0.115384615384615,0.0769230769230769,0.0769230769230769,0.102564102564103,0.0769230769230769,0.128205128205128,0.0897435897435897
"6082",0.0925925925925926,0.0925925925925926,0.111111111111111,0.0925925925925926,0.111111111111111,0.0925925925925926,0.111111111111111,0.111111111111111,0.0925925925925926,0.0925925925925926
"10694",0.1,0.133333333333333,0.0833333333333333,0.1,0.116666666666667,0.0833333333333333,0.116666666666667,0.0833333333333333,0.1,0.0833333333333333
"9656",0.147540983606557,0.0819672131147541,0.0819672131147541,0.131147540983607,0.0983606557377049,0.0819672131147541,0.0819672131147541,0.0983606557377049,0.0819672131147541,0.114754098360656
"13802",0.0961538461538462,0.0961538461538462,0.115384615384615,0.0961538461538462,0.0961538461538462,0.0961538461538462,0.0961538461538462,0.0961538461538462,0.115384615384615,0.0961538461538462
"9443",0.111111111111111,0.0925925925925926,0.0925925925925926,0.0925925925925926,0.0925925925925926,0.111111111111111,0.12962962962963,0.0925925925925926,0.0925925925925926,0.0925925925925926
"11522",0.0909090909090909,0.163636363636364,0.0909090909090909,0.0909090909090909,0.0909090909090909,0.109090909090909,0.0909090909090909,0.0909090909090909,0.0909090909090909,0.0909090909090909
"5266",0.1,0.133333333333333,0.1,0.0833333333333333,0.1,0.0833333333333333,0.15,0.0833333333333333,0.0833333333333333,0.0833333333333333
"11778",0.0943396226415094,0.0943396226415094,0.0943396226415094,0.0943396226415094,0.0943396226415094,0.0943396226415094,0.113207547169811,0.0943396226415094,0.113207547169811,0.113207547169811
"14250",0.0909090909090909,0.0909090909090909,0.0909090909090909,0.127272727272727,0.0909090909090909,0.0909090909090909,0.109090909090909,0.109090909090909,0.0909090909090909,0.109090909090909
"7299",0.1125,0.0625,0.075,0.0875,0.125,0.075,0.1625,0.125,0.0625,0.1125
"13204",0.0961538461538462,0.0961538461538462,0.115384615384615,0.115384615384615,0.0961538461538462,0.0961538461538462,0.0961538461538462,0.0961538461538462,0.0961538461538462,0.0961538461538462
"6337",0.0909090909090909,0.109090909090909,0.109090909090909,0.109090909090909,0.0909090909090909,0.109090909090909,0.0909090909090909,0.109090909090909,0.0909090909090909,0.0909090909090909
"13505",0.132075471698113,0.113207547169811,0.0943396226415094,0.0943396226415094,0.0943396226415094,0.0943396226415094,0.0943396226415094,0.0943396226415094,0.0943396226415094,0.0943396226415094
"2619",0.0862068965517241,0.0862068965517241,0.137931034482759,0.0862068965517241,0.0862068965517241,0.103448275862069,0.0862068965517241,0.120689655172414,0.103448275862069,0.103448275862069
"2392",0.1,0.116666666666667,0.1,0.116666666666667,0.1,0.1,0.1,0.0833333333333333,0.0833333333333333,0.1
"8911",0.114754098360656,0.114754098360656,0.0819672131147541,0.0983606557377049,0.114754098360656,0.0819672131147541,0.0983606557377049,0.114754098360656,0.0983606557377049,0.0819672131147541
"11562",0.12962962962963,0.0925925925925926,0.0925925925925926,0.0925925925925926,0.111111111111111,0.0925925925925926,0.111111111111111,0.0925925925925926,0.0925925925925926,0.0925925925925926
"506",0.0952380952380952,0.0793650793650794,0.0793650793650794,0.126984126984127,0.111111111111111,0.111111111111111,0.0952380952380952,0.111111111111111,0.0952380952380952,0.0952380952380952
"13572",0.109090909090909,0.127272727272727,0.109090909090909,0.0909090909090909,0.0909090909090909,0.0909090909090909,0.0909090909090909,0.0909090909090909,0.109090909090909,0.0909090909090909
"5927",0.125,0.078125,0.078125,0.09375,0.109375,0.09375,0.078125,0.140625,0.09375,0.109375
"2698",0.0862068965517241,0.103448275862069,0.103448275862069,0.155172413793103,0.0862068965517241,0.0862068965517241,0.103448275862069,0.0862068965517241,0.0862068965517241,0.103448275862069
"5546",0.0714285714285714,0.114285714285714,0.0857142857142857,0.0714285714285714,0.114285714285714,0.171428571428571,0.0714285714285714,0.0857142857142857,0.1,0.114285714285714
"448",0.0972222222222222,0.0833333333333333,0.0833333333333333,0.111111111111111,0.166666666666667,0.0833333333333333,0.0694444444444444,0.0972222222222222,0.0694444444444444,0.138888888888889
"1017",0.137931034482759,0.103448275862069,0.0862068965517241,0.155172413793103,0.0862068965517241,0.0862068965517241,0.0862068965517241,0.0862068965517241,0.0862068965517241,0.0862068965517241
"5203",0.078125,0.078125,0.09375,0.09375,0.15625,0.109375,0.09375,0.109375,0.078125,0.109375
"4731",0.0943396226415094,0.113207547169811,0.0943396226415094,0.0943396226415094,0.0943396226415094,0.113207547169811,0.0943396226415094,0.113207547169811,0.0943396226415094,0.0943396226415094
"9232",0.112903225806452,0.0806451612903226,0.0806451612903226,0.112903225806452,0.112903225806452,0.0806451612903226,0.112903225806452,0.129032258064516,0.0967741935483871,0.0806451612903226
"2423",0.125,0.0892857142857143,0.107142857142857,0.0892857142857143,0.0892857142857143,0.0892857142857143,0.0892857142857143,0.107142857142857,0.107142857142857,0.107142857142857
"12554",0.106060606060606,0.0909090909090909,0.121212121212121,0.106060606060606,0.0757575757575758,0.0909090909090909,0.121212121212121,0.0909090909090909,0.106060606060606,0.0909090909090909
"9204",0.0704225352112676,0.0704225352112676,0.0704225352112676,0.0985915492957746,0.154929577464789,0.0845070422535211,0.112676056338028,0.0704225352112676,0.0985915492957746,0.169014084507042
"12903",0.0909090909090909,0.0909090909090909,0.0909090909090909,0.0909090909090909,0.109090909090909,0.127272727272727,0.0909090909090909,0.0909090909090909,0.109090909090909,0.109090909090909
"11684",0.0980392156862745,0.0980392156862745,0.0980392156862745,0.0980392156862745,0.0980392156862745,0.0980392156862745,0.0980392156862745,0.0980392156862745,0.117647058823529,0.0980392156862745
"6080",0.0847457627118644,0.135593220338983,0.101694915254237,0.101694915254237,0.135593220338983,0.0847457627118644,0.0847457627118644,0.0847457627118644,0.0847457627118644,0.101694915254237
"10721",0.0819672131147541,0.0983606557377049,0.114754098360656,0.131147540983607,0.0819672131147541,0.0819672131147541,0.114754098360656,0.0819672131147541,0.131147540983607,0.0819672131147541
"10717",0.117647058823529,0.0980392156862745,0.0980392156862745,0.0980392156862745,0.0980392156862745,0.0980392156862745,0.0980392156862745,0.0980392156862745,0.0980392156862745,0.0980392156862745
"9416",0.105263157894737,0.087719298245614,0.087719298245614,0.087719298245614,0.087719298245614,0.087719298245614,0.087719298245614,0.105263157894737,0.087719298245614,0.175438596491228
"7408",0.10126582278481,0.151898734177215,0.0759493670886076,0.0886075949367089,0.0886075949367089,0.0632911392405063,0.10126582278481,0.126582278481013,0.0886075949367089,0.113924050632911
"5936",0.0983606557377049,0.0983606557377049,0.0983606557377049,0.0819672131147541,0.114754098360656,0.147540983606557,0.0819672131147541,0.0819672131147541,0.114754098360656,0.0819672131147541
"5655",0.0980392156862745,0.0980392156862745,0.0980392156862745,0.0980392156862745,0.0980392156862745,0.0980392156862745,0.0980392156862745,0.0980392156862745,0.0980392156862745,0.117647058823529
"6298",0.111111111111111,0.0925925925925926,0.0925925925925926,0.0925925925925926,0.0925925925925926,0.12962962962963,0.0925925925925926,0.0925925925925926,0.111111111111111,0.0925925925925926
"9517",0.0925925925925926,0.0925925925925926,0.111111111111111,0.0925925925925926,0.0925925925925926,0.111111111111111,0.0925925925925926,0.111111111111111,0.111111111111111,0.0925925925925926
"13392",0.0980392156862745,0.0980392156862745,0.0980392156862745,0.0980392156862745,0.0980392156862745,0.0980392156862745,0.0980392156862745,0.0980392156862745,0.117647058823529,0.0980392156862745
"5528",0.0833333333333333,0.1,0.1,0.133333333333333,0.0833333333333333,0.0833333333333333,0.1,0.0833333333333333,0.133333333333333,0.1
"12611",0.0983606557377049,0.0983606557377049,0.114754098360656,0.0819672131147541,0.0819672131147541,0.0983606557377049,0.0819672131147541,0.180327868852459,0.0819672131147541,0.0819672131147541
"10708",0.145161290322581,0.0806451612903226,0.0967741935483871,0.0967741935483871,0.129032258064516,0.0806451612903226,0.129032258064516,0.0806451612903226,0.0806451612903226,0.0806451612903226
"1832",0.0925925925925926,0.111111111111111,0.0925925925925926,0.0925925925925926,0.111111111111111,0.111111111111111,0.0925925925925926,0.0925925925925926,0.111111111111111,0.0925925925925926
"13631",0.0980392156862745,0.0980392156862745,0.0980392156862745,0.117647058823529,0.0980392156862745,0.0980392156862745,0.0980392156862745,0.0980392156862745,0.0980392156862745,0.0980392156862745
"13498",0.0925925925925926,0.0925925925925926,0.0925925925925926,0.111111111111111,0.0925925925925926,0.0925925925925926,0.0925925925925926,0.12962962962963,0.0925925925925926,0.111111111111111
"11683",0.0925925925925926,0.111111111111111,0.0925925925925926,0.0925925925925926,0.12962962962963,0.0925925925925926,0.111111111111111,0.0925925925925926,0.0925925925925926,0.0925925925925926
"1675",0.101694915254237,0.101694915254237,0.0847457627118644,0.0847457627118644,0.0847457627118644,0.11864406779661,0.0847457627118644,0.135593220338983,0.101694915254237,0.101694915254237
"3722",0.0862068965517241,0.103448275862069,0.103448275862069,0.103448275862069,0.0862068965517241,0.120689655172414,0.103448275862069,0.120689655172414,0.0862068965517241,0.0862068965517241
"14326",0.0925925925925926,0.0925925925925926,0.0925925925925926,0.0925925925925926,0.0925925925925926,0.111111111111111,0.0925925925925926,0.12962962962963,0.0925925925925926,0.111111111111111
"10263",0.117647058823529,0.0980392156862745,0.0980392156862745,0.0980392156862745,0.0980392156862745,0.0980392156862745,0.0980392156862745,0.0980392156862745,0.0980392156862745,0.0980392156862745
"10353",0.132075471698113,0.0943396226415094,0.0943396226415094,0.0943396226415094,0.0943396226415094,0.0943396226415094,0.0943396226415094,0.0943396226415094,0.0943396226415094,0.113207547169811
"5309",0.0833333333333333,0.0833333333333333,0.1,0.15,0.1,0.1,0.1,0.0833333333333333,0.116666666666667,0.0833333333333333
"9082",0.0909090909090909,0.127272727272727,0.0909090909090909,0.0909090909090909,0.109090909090909,0.0909090909090909,0.0909090909090909,0.0909090909090909,0.109090909090909,0.109090909090909
"9532",0.0943396226415094,0.0943396226415094,0.0943396226415094,0.113207547169811,0.0943396226415094,0.0943396226415094,0.0943396226415094,0.0943396226415094,0.113207547169811,0.113207547169811
"8053",0.125,0.0892857142857143,0.107142857142857,0.0892857142857143,0.107142857142857,0.0892857142857143,0.125,0.0892857142857143,0.0892857142857143,0.0892857142857143
"4249",0.087719298245614,0.12280701754386,0.087719298245614,0.087719298245614,0.087719298245614,0.087719298245614,0.140350877192982,0.087719298245614,0.12280701754386,0.087719298245614
"4627",0.111111111111111,0.0925925925925926,0.0925925925925926,0.0925925925925926,0.0925925925925926,0.111111111111111,0.0925925925925926,0.0925925925925926,0.111111111111111,0.111111111111111
"9829",0.107142857142857,0.0892857142857143,0.107142857142857,0.0892857142857143,0.0892857142857143,0.107142857142857,0.142857142857143,0.0892857142857143,0.0892857142857143,0.0892857142857143
"2431",0.123076923076923,0.0769230769230769,0.123076923076923,0.107692307692308,0.0769230769230769,0.0769230769230769,0.138461538461538,0.0923076923076923,0.0923076923076923,0.0923076923076923
"7254",0.0571428571428571,0.152380952380952,0.0571428571428571,0.0666666666666667,0.0952380952380952,0.0761904761904762,0.314285714285714,0.0476190476190476,0.0666666666666667,0.0666666666666667
"7742",0.0923076923076923,0.153846153846154,0.0923076923076923,0.138461538461538,0.0769230769230769,0.0769230769230769,0.123076923076923,0.0769230769230769,0.0923076923076923,0.0769230769230769
"13231",0.0980392156862745,0.0980392156862745,0.0980392156862745,0.0980392156862745,0.0980392156862745,0.0980392156862745,0.117647058823529,0.0980392156862745,0.0980392156862745,0.0980392156862745
"9301",0.0925925925925926,0.111111111111111,0.111111111111111,0.111111111111111,0.0925925925925926,0.111111111111111,0.0925925925925926,0.0925925925925926,0.0925925925925926,0.0925925925925926
"354",0.0759493670886076,0.0886075949367089,0.189873417721519,0.0632911392405063,0.113924050632911,0.0886075949367089,0.151898734177215,0.10126582278481,0.0632911392405063,0.0632911392405063
"8898",0.0983606557377049,0.0819672131147541,0.114754098360656,0.131147540983607,0.0983606557377049,0.0819672131147541,0.0983606557377049,0.0819672131147541,0.0819672131147541,0.131147540983607
"3106",0.0909090909090909,0.0909090909090909,0.109090909090909,0.109090909090909,0.0909090909090909,0.0909090909090909,0.109090909090909,0.0909090909090909,0.127272727272727,0.0909090909090909
"4598",0.0862068965517241,0.103448275862069,0.120689655172414,0.0862068965517241,0.0862068965517241,0.0862068965517241,0.103448275862069,0.120689655172414,0.0862068965517241,0.120689655172414
"6884",0.125,0.078125,0.09375,0.140625,0.078125,0.09375,0.109375,0.078125,0.125,0.078125
"11777",0.0925925925925926,0.12962962962963,0.0925925925925926,0.0925925925925926,0.0925925925925926,0.0925925925925926,0.111111111111111,0.111111111111111,0.0925925925925926,0.0925925925925926
"7232",0.106666666666667,0.0933333333333333,0.0666666666666667,0.0933333333333333,0.0666666666666667,0.08,0.12,0.146666666666667,0.106666666666667,0.12
"5724",0.11864406779661,0.135593220338983,0.0847457627118644,0.101694915254237,0.0847457627118644,0.0847457627118644,0.0847457627118644,0.101694915254237,0.101694915254237,0.101694915254237
"4861",0.117647058823529,0.0980392156862745,0.0980392156862745,0.0980392156862745,0.0980392156862745,0.0980392156862745,0.0980392156862745,0.0980392156862745,0.0980392156862745,0.0980392156862745
"8863",0.0833333333333333,0.1,0.116666666666667,0.0833333333333333,0.116666666666667,0.1,0.1,0.0833333333333333,0.0833333333333333,0.133333333333333
"14064",0.0806451612903226,0.0806451612903226,0.129032258064516,0.112903225806452,0.0967741935483871,0.129032258064516,0.112903225806452,0.0806451612903226,0.0967741935483871,0.0806451612903226
"1487",0.0925925925925926,0.111111111111111,0.0925925925925926,0.111111111111111,0.111111111111111,0.0925925925925926,0.0925925925925926,0.0925925925925926,0.111111111111111,0.0925925925925926
"238",0.0810810810810811,0.162162162162162,0.0945945945945946,0.108108108108108,0.108108108108108,0.0675675675675676,0.0810810810810811,0.0810810810810811,0.135135135135135,0.0810810810810811
"948",0.0845070422535211,0.0985915492957746,0.154929577464789,0.0704225352112676,0.0985915492957746,0.154929577464789,0.0845070422535211,0.0845070422535211,0.0845070422535211,0.0845070422535211
"8851",0.0958904109589041,0.0821917808219178,0.0821917808219178,0.0684931506849315,0.136986301369863,0.0684931506849315,0.136986301369863,0.0684931506849315,0.150684931506849,0.10958904109589
"6247",0.0983606557377049,0.131147540983607,0.131147540983607,0.0819672131147541,0.0983606557377049,0.0819672131147541,0.0819672131147541,0.0983606557377049,0.0983606557377049,0.0983606557377049
"12534",0.117647058823529,0.0882352941176471,0.132352941176471,0.0882352941176471,0.0735294117647059,0.161764705882353,0.0735294117647059,0.0735294117647059,0.102941176470588,0.0882352941176471
"3022",0.0833333333333333,0.1,0.133333333333333,0.0833333333333333,0.0833333333333333,0.1,0.116666666666667,0.0833333333333333,0.116666666666667,0.1
"444",0.0793650793650794,0.126984126984127,0.0793650793650794,0.0793650793650794,0.111111111111111,0.126984126984127,0.111111111111111,0.0793650793650794,0.126984126984127,0.0793650793650794
"936",0.138461538461538,0.0769230769230769,0.0923076923076923,0.123076923076923,0.0769230769230769,0.0923076923076923,0.0923076923076923,0.107692307692308,0.123076923076923,0.0769230769230769
"4109",0.103448275862069,0.103448275862069,0.0862068965517241,0.0862068965517241,0.103448275862069,0.103448275862069,0.120689655172414,0.0862068965517241,0.0862068965517241,0.120689655172414
"12480",0.102941176470588,0.0735294117647059,0.0882352941176471,0.117647058823529,0.0882352941176471,0.0882352941176471,0.102941176470588,0.147058823529412,0.102941176470588,0.0882352941176471
"7471",0.08,0.0666666666666667,0.146666666666667,0.12,0.08,0.0666666666666667,0.12,0.12,0.0666666666666667,0.133333333333333
"12589",0.0847457627118644,0.101694915254237,0.11864406779661,0.101694915254237,0.11864406779661,0.101694915254237,0.101694915254237,0.0847457627118644,0.0847457627118644,0.101694915254237
"5384",0.0909090909090909,0.109090909090909,0.0909090909090909,0.0909090909090909,0.127272727272727,0.0909090909090909,0.0909090909090909,0.109090909090909,0.109090909090909,0.0909090909090909
"13039",0.113207547169811,0.113207547169811,0.0943396226415094,0.0943396226415094,0.0943396226415094,0.0943396226415094,0.0943396226415094,0.0943396226415094,0.113207547169811,0.0943396226415094
"4944",0.0943396226415094,0.0943396226415094,0.132075471698113,0.0943396226415094,0.0943396226415094,0.113207547169811,0.0943396226415094,0.0943396226415094,0.0943396226415094,0.0943396226415094
"2442",0.12280701754386,0.087719298245614,0.105263157894737,0.087719298245614,0.087719298245614,0.105263157894737,0.105263157894737,0.087719298245614,0.087719298245614,0.12280701754386
"2394",0.0961538461538462,0.115384615384615,0.0961538461538462,0.115384615384615,0.0961538461538462,0.0961538461538462,0.0961538461538462,0.0961538461538462,0.0961538461538462,0.0961538461538462
"1417",0.0925925925925926,0.111111111111111,0.0925925925925926,0.0925925925925926,0.111111111111111,0.111111111111111,0.0925925925925926,0.0925925925925926,0.111111111111111,0.0925925925925926
"143",0.0740740740740741,0.0864197530864197,0.111111111111111,0.0617283950617284,0.111111111111111,0.209876543209877,0.0740740740740741,0.111111111111111,0.0740740740740741,0.0864197530864197
"12040",0.0943396226415094,0.0943396226415094,0.113207547169811,0.0943396226415094,0.0943396226415094,0.0943396226415094,0.132075471698113,0.0943396226415094,0.0943396226415094,0.0943396226415094
"2413",0.147540983606557,0.0819672131147541,0.0819672131147541,0.0983606557377049,0.0983606557377049,0.0983606557377049,0.0983606557377049,0.0819672131147541,0.114754098360656,0.0983606557377049
"11912",0.0892857142857143,0.107142857142857,0.107142857142857,0.0892857142857143,0.107142857142857,0.107142857142857,0.0892857142857143,0.0892857142857143,0.125,0.0892857142857143
"1497",0.0847457627118644,0.0847457627118644,0.11864406779661,0.0847457627118644,0.101694915254237,0.101694915254237,0.0847457627118644,0.169491525423729,0.0847457627118644,0.0847457627118644
"8728",0.0892857142857143,0.0892857142857143,0.0892857142857143,0.0892857142857143,0.142857142857143,0.107142857142857,0.107142857142857,0.0892857142857143,0.0892857142857143,0.107142857142857
"3569",0.0892857142857143,0.0892857142857143,0.0892857142857143,0.0892857142857143,0.107142857142857,0.0892857142857143,0.0892857142857143,0.160714285714286,0.107142857142857,0.0892857142857143
"4662",0.0925925925925926,0.0925925925925926,0.0925925925925926,0.111111111111111,0.0925925925925926,0.0925925925925926,0.111111111111111,0.111111111111111,0.111111111111111,0.0925925925925926
"1146",0.0819672131147541,0.114754098360656,0.0819672131147541,0.0819672131147541,0.0819672131147541,0.0819672131147541,0.0819672131147541,0.213114754098361,0.0819672131147541,0.0983606557377049
"668",0.138888888888889,0.111111111111111,0.0972222222222222,0.0833333333333333,0.125,0.125,0.0694444444444444,0.0972222222222222,0.0694444444444444,0.0833333333333333
"2461",0.107142857142857,0.0892857142857143,0.107142857142857,0.0892857142857143,0.107142857142857,0.125,0.0892857142857143,0.0892857142857143,0.0892857142857143,0.107142857142857
"9255",0.101694915254237,0.135593220338983,0.101694915254237,0.0847457627118644,0.0847457627118644,0.101694915254237,0.0847457627118644,0.101694915254237,0.101694915254237,0.101694915254237
"3847",0.0862068965517241,0.103448275862069,0.0862068965517241,0.0862068965517241,0.0862068965517241,0.0862068965517241,0.0862068965517241,0.120689655172414,0.172413793103448,0.0862068965517241
"13322",0.115384615384615,0.115384615384615,0.0961538461538462,0.0961538461538462,0.0961538461538462,0.0961538461538462,0.0961538461538462,0.0961538461538462,0.0961538461538462,0.0961538461538462
"13849",0.0980392156862745,0.0980392156862745,0.0980392156862745,0.0980392156862745,0.117647058823529,0.0980392156862745,0.0980392156862745,0.0980392156862745,0.0980392156862745,0.0980392156862745
"6810",0.0980392156862745,0.0980392156862745,0.0980392156862745,0.0980392156862745,0.0980392156862745,0.0980392156862745,0.117647058823529,0.0980392156862745,0.0980392156862745,0.0980392156862745
"10480",0.0943396226415094,0.132075471698113,0.0943396226415094,0.0943396226415094,0.0943396226415094,0.0943396226415094,0.0943396226415094,0.0943396226415094,0.113207547169811,0.0943396226415094
"1100",0.121212121212121,0.0757575757575758,0.0909090909090909,0.0757575757575758,0.0909090909090909,0.0909090909090909,0.106060606060606,0.136363636363636,0.0757575757575758,0.136363636363636
"6653",0.0943396226415094,0.113207547169811,0.113207547169811,0.0943396226415094,0.0943396226415094,0.0943396226415094,0.0943396226415094,0.0943396226415094,0.113207547169811,0.0943396226415094
"6206",0.105263157894737,0.087719298245614,0.105263157894737,0.105263157894737,0.105263157894737,0.087719298245614,0.105263157894737,0.105263157894737,0.105263157894737,0.087719298245614
"12125",0.0980392156862745,0.0980392156862745,0.0980392156862745,0.0980392156862745,0.0980392156862745,0.0980392156862745,0.0980392156862745,0.0980392156862745,0.117647058823529,0.0980392156862745
"309",0.0875,0.1,0.0625,0.1,0.1,0.1625,0.0625,0.075,0.15,0.1
"13461",0.0961538461538462,0.0961538461538462,0.115384615384615,0.0961538461538462,0.0961538461538462,0.0961538461538462,0.0961538461538462,0.115384615384615,0.0961538461538462,0.0961538461538462
"452",0.102941176470588,0.0735294117647059,0.117647058823529,0.0735294117647059,0.0882352941176471,0.102941176470588,0.0735294117647059,0.161764705882353,0.117647058823529,0.0882352941176471
"1546",0.109375,0.109375,0.078125,0.109375,0.109375,0.078125,0.09375,0.09375,0.109375,0.109375
"7907",0.072463768115942,0.115942028985507,0.130434782608696,0.0869565217391304,0.101449275362319,0.0869565217391304,0.072463768115942,0.130434782608696,0.072463768115942,0.130434782608696
"6154",0.1,0.0833333333333333,0.1,0.1,0.0833333333333333,0.0833333333333333,0.1,0.133333333333333,0.1,0.116666666666667
"10970",0.0892857142857143,0.0892857142857143,0.0892857142857143,0.125,0.107142857142857,0.125,0.0892857142857143,0.0892857142857143,0.0892857142857143,0.107142857142857
"2015",0.0892857142857143,0.107142857142857,0.0892857142857143,0.0892857142857143,0.0892857142857143,0.160714285714286,0.0892857142857143,0.0892857142857143,0.107142857142857,0.0892857142857143
"11469",0.0892857142857143,0.107142857142857,0.0892857142857143,0.0892857142857143,0.0892857142857143,0.142857142857143,0.0892857142857143,0.125,0.0892857142857143,0.0892857142857143
"160",0.0735294117647059,0.0882352941176471,0.0882352941176471,0.191176470588235,0.0882352941176471,0.0735294117647059,0.102941176470588,0.102941176470588,0.0882352941176471,0.102941176470588
"1305",0.119402985074627,0.104477611940299,0.104477611940299,0.0746268656716418,0.0746268656716418,0.119402985074627,0.0746268656716418,0.0895522388059701,0.149253731343284,0.0895522388059701
"14200",0.09375,0.078125,0.09375,0.078125,0.078125,0.09375,0.078125,0.1875,0.140625,0.078125
"8088",0.1,0.116666666666667,0.1,0.0833333333333333,0.1,0.1,0.116666666666667,0.1,0.1,0.0833333333333333
