"","Bluetooth connectivity","Worth the Money","Bad Performance","Excellent Performance","Good Performance","Ergonomics","Product Durability","Clarity","Bass Quality","Regret Purchase","After-sales Service","Brands","Battery"
"2730",0.0686813186813187,0.104395604395604,0.0686813186813187,0.0686813186813187,0.0686813186813187,0.0686813186813187,0.0686813186813187,0.0865384615384616,0.0865384615384616,0.0686813186813187,0.104395604395604,0.0686813186813187,0.0686813186813187
"10558",0.0663129973474801,0.0835543766578249,0.0835543766578249,0.0835543766578249,0.0663129973474801,0.0835543766578249,0.0835543766578249,0.0835543766578249,0.0663129973474801,0.0663129973474801,0.0835543766578249,0.0663129973474801,0.0835543766578249
"12074",0.0725689404934688,0.0725689404934688,0.0725689404934688,0.0725689404934688,0.0725689404934688,0.0725689404934688,0.0725689404934688,0.0725689404934688,0.0725689404934688,0.0914368650217707,0.110304789550073,0.0725689404934688,0.0725689404934688
"13224",0.0712250712250712,0.0712250712250712,0.0897435897435898,0.0712250712250712,0.0712250712250712,0.0712250712250712,0.108262108262108,0.0712250712250712,0.0712250712250712,0.0712250712250712,0.0712250712250712,0.0712250712250712,0.0897435897435898
"4580",0.0881118881118881,0.0699300699300699,0.0699300699300699,0.0881118881118881,0.106293706293706,0.0699300699300699,0.0881118881118881,0.0699300699300699,0.0699300699300699,0.0699300699300699,0.0699300699300699,0.0699300699300699,0.0699300699300699
"11117",0.0699300699300699,0.0699300699300699,0.0881118881118881,0.0699300699300699,0.0699300699300699,0.0699300699300699,0.0881118881118881,0.106293706293706,0.0881118881118881,0.0699300699300699,0.0699300699300699,0.0699300699300699,0.0699300699300699
"11587",0.0725689404934688,0.0725689404934688,0.0725689404934688,0.0725689404934688,0.0725689404934688,0.0725689404934688,0.0914368650217707,0.110304789550073,0.0725689404934688,0.0725689404934688,0.0725689404934688,0.0725689404934688,0.0725689404934688
"13167",0.0739644970414201,0.0739644970414201,0.0739644970414201,0.0739644970414201,0.0739644970414201,0.0739644970414201,0.0739644970414201,0.0739644970414201,0.0739644970414201,0.0739644970414201,0.112426035502959,0.0739644970414201,0.0739644970414201
"9821",0.0835543766578249,0.0835543766578249,0.0835543766578249,0.0663129973474801,0.10079575596817,0.0663129973474801,0.0663129973474801,0.0663129973474801,0.118037135278515,0.0663129973474801,0.0663129973474801,0.0663129973474801,0.0663129973474801
"1091",0.0591715976331361,0.0591715976331361,0.0745562130177515,0.0591715976331361,0.105325443786982,0.0745562130177515,0.0591715976331361,0.0591715976331361,0.105325443786982,0.0745562130177515,0.105325443786982,0.105325443786982,0.0591715976331361
"11269",0.0663129973474801,0.0663129973474801,0.0663129973474801,0.0663129973474801,0.118037135278515,0.0835543766578249,0.0663129973474801,0.0663129973474801,0.0835543766578249,0.0835543766578249,0.0663129973474801,0.0835543766578249,0.0835543766578249
"8302",0.0699300699300699,0.0699300699300699,0.0699300699300699,0.0881118881118881,0.0699300699300699,0.0881118881118881,0.0699300699300699,0.0881118881118881,0.0881118881118881,0.0699300699300699,0.0699300699300699,0.0881118881118881,0.0699300699300699
"1357",0.0734265734265734,0.0582750582750583,0.0582750582750583,0.0885780885780886,0.0885780885780886,0.103729603729604,0.0582750582750583,0.0582750582750583,0.0582750582750583,0.0734265734265734,0.103729603729604,0.118881118881119,0.0582750582750583
"5943",0.0663129973474801,0.10079575596817,0.0835543766578249,0.0663129973474801,0.0663129973474801,0.0835543766578249,0.0835543766578249,0.10079575596817,0.0663129973474801,0.0835543766578249,0.0663129973474801,0.0663129973474801,0.0663129973474801
"6215",0.0835543766578249,0.0663129973474801,0.0663129973474801,0.0663129973474801,0.0835543766578249,0.0835543766578249,0.10079575596817,0.0835543766578249,0.0663129973474801,0.0663129973474801,0.0663129973474801,0.10079575596817,0.0663129973474801
"8762",0.0739644970414201,0.0739644970414201,0.0931952662721894,0.0739644970414201,0.0739644970414201,0.0739644970414201,0.0739644970414201,0.0739644970414201,0.0931952662721894,0.0739644970414201,0.0739644970414201,0.0739644970414201,0.0739644970414201
"2329",0.0663129973474801,0.0663129973474801,0.0663129973474801,0.10079575596817,0.0835543766578249,0.0663129973474801,0.0663129973474801,0.0663129973474801,0.0835543766578249,0.0663129973474801,0.10079575596817,0.0835543766578249,0.0835543766578249
"785",0.0591715976331361,0.0591715976331361,0.0591715976331361,0.0899408284023669,0.105325443786982,0.0591715976331361,0.0899408284023669,0.0591715976331361,0.0591715976331361,0.0591715976331361,0.0591715976331361,0.0591715976331361,0.182248520710059
"11584",0.0699300699300699,0.106293706293706,0.0699300699300699,0.0699300699300699,0.0699300699300699,0.0699300699300699,0.0699300699300699,0.0881118881118881,0.106293706293706,0.0699300699300699,0.0699300699300699,0.0699300699300699,0.0699300699300699
"488",0.0692307692307692,0.0549450549450549,0.0978021978021978,0.126373626373626,0.0692307692307692,0.0549450549450549,0.0549450549450549,0.0692307692307692,0.0835164835164835,0.0835164835164835,0.0835164835164835,0.0692307692307692,0.0835164835164835
"8139",0.0600961538461538,0.0757211538461539,0.106971153846154,0.0757211538461539,0.0600961538461538,0.0757211538461539,0.0600961538461538,0.0757211538461539,0.0757211538461539,0.0600961538461538,0.122596153846154,0.0913461538461539,0.0600961538461538
"12176",0.0754147812971342,0.0754147812971342,0.0754147812971342,0.0754147812971342,0.0754147812971342,0.0754147812971342,0.0754147812971342,0.0754147812971342,0.0950226244343891,0.0754147812971342,0.0754147812971342,0.0754147812971342,0.0754147812971342
"11701",0.0699300699300699,0.106293706293706,0.0699300699300699,0.0699300699300699,0.0699300699300699,0.0699300699300699,0.0881118881118881,0.0881118881118881,0.0881118881118881,0.0699300699300699,0.0699300699300699,0.0699300699300699,0.0699300699300699
"4442",0.0663129973474801,0.10079575596817,0.0663129973474801,0.0663129973474801,0.118037135278515,0.0663129973474801,0.0663129973474801,0.10079575596817,0.0835543766578249,0.0663129973474801,0.0663129973474801,0.0663129973474801,0.0663129973474801
"10164",0.0651890482398957,0.0651890482398957,0.0651890482398957,0.0651890482398957,0.0990873533246415,0.0990873533246415,0.0990873533246415,0.0651890482398957,0.0821382007822686,0.0651890482398957,0.0651890482398957,0.0651890482398957,0.0990873533246415
"102",0.0993184031158715,0.0866601752677702,0.124634858812074,0.0486854917234664,0.0866601752677702,0.0486854917234664,0.074001947419669,0.0486854917234664,0.074001947419669,0.0866601752677702,0.0866601752677702,0.0866601752677702,0.0486854917234664
"5219",0.0739644970414201,0.0739644970414201,0.0739644970414201,0.0931952662721894,0.0931952662721894,0.0739644970414201,0.0739644970414201,0.0739644970414201,0.0739644970414201,0.0739644970414201,0.0739644970414201,0.0739644970414201,0.0739644970414201
"4364",0.0754147812971342,0.0754147812971342,0.0754147812971342,0.0950226244343891,0.0754147812971342,0.0754147812971342,0.0754147812971342,0.0754147812971342,0.0754147812971342,0.0754147812971342,0.0754147812971342,0.0754147812971342,0.0754147812971342
"7874",0.0557413600891862,0.084726867335563,0.0702341137123746,0.0557413600891862,0.0557413600891862,0.0702341137123746,0.0702341137123746,0.0702341137123746,0.0557413600891862,0.0992196209587514,0.084726867335563,0.0992196209587514,0.128205128205128
"8607",0.0674763832658569,0.0674763832658569,0.0674763832658569,0.0850202429149798,0.0674763832658569,0.0850202429149798,0.0674763832658569,0.0674763832658569,0.0674763832658569,0.0674763832658569,0.0850202429149798,0.137651821862348,0.0674763832658569
"10620",0.0739644970414201,0.0739644970414201,0.0931952662721894,0.0739644970414201,0.0739644970414201,0.0739644970414201,0.0739644970414201,0.0931952662721894,0.0739644970414201,0.0739644970414201,0.0739644970414201,0.0739644970414201,0.0739644970414201
"3920",0.0754147812971342,0.0754147812971342,0.0754147812971342,0.0754147812971342,0.0950226244343891,0.0754147812971342,0.0754147812971342,0.0754147812971342,0.0754147812971342,0.0754147812971342,0.0754147812971342,0.0754147812971342,0.0754147812971342
"1139",0.0958385876418663,0.0794451450189155,0.0630517023959647,0.0794451450189155,0.128625472887768,0.0630517023959647,0.0794451450189155,0.0630517023959647,0.0958385876418663,0.0630517023959647,0.0630517023959647,0.0630517023959647,0.0630517023959647
"1694",0.0899408284023669,0.0899408284023669,0.0745562130177515,0.0591715976331361,0.0591715976331361,0.0591715976331361,0.0899408284023669,0.0745562130177515,0.0591715976331361,0.0899408284023669,0.0591715976331361,0.0745562130177515,0.120710059171598
"2975",0.0739644970414201,0.0739644970414201,0.0739644970414201,0.0739644970414201,0.0739644970414201,0.0931952662721894,0.0739644970414201,0.0739644970414201,0.0931952662721894,0.0739644970414201,0.0739644970414201,0.0739644970414201,0.0739644970414201
"923",0.0835164835164835,0.0692307692307692,0.126373626373626,0.140659340659341,0.0549450549450549,0.0692307692307692,0.0549450549450549,0.0692307692307692,0.0835164835164835,0.0549450549450549,0.0549450549450549,0.0692307692307692,0.0692307692307692
"5836",0.0541711809317443,0.0682556879739978,0.152762730227519,0.0541711809317443,0.0964247020585049,0.110509209100758,0.0682556879739978,0.0682556879739978,0.0541711809317443,0.0682556879739978,0.0682556879739978,0.0682556879739978,0.0682556879739978
"13614",0.0739644970414201,0.0739644970414201,0.0931952662721894,0.0739644970414201,0.0739644970414201,0.0739644970414201,0.0931952662721894,0.0739644970414201,0.0739644970414201,0.0739644970414201,0.0739644970414201,0.0739644970414201,0.0739644970414201
"3757",0.0835543766578249,0.118037135278515,0.0835543766578249,0.0663129973474801,0.0835543766578249,0.0663129973474801,0.0835543766578249,0.0663129973474801,0.0663129973474801,0.0835543766578249,0.0663129973474801,0.0663129973474801,0.0663129973474801
"6377",0.0674763832658569,0.0674763832658569,0.102564102564103,0.0850202429149798,0.0850202429149798,0.0850202429149798,0.0850202429149798,0.0674763832658569,0.0674763832658569,0.0674763832658569,0.0674763832658569,0.0674763832658569,0.0850202429149798
"12900",0.0739644970414201,0.0739644970414201,0.0739644970414201,0.0739644970414201,0.0739644970414201,0.0739644970414201,0.0739644970414201,0.0739644970414201,0.0931952662721894,0.0739644970414201,0.0739644970414201,0.0739644970414201,0.0931952662721894
"11530",0.0754147812971342,0.0754147812971342,0.0754147812971342,0.0754147812971342,0.0754147812971342,0.0754147812971342,0.0754147812971342,0.0754147812971342,0.0950226244343891,0.0754147812971342,0.0754147812971342,0.0754147812971342,0.0754147812971342
"918",0.087256027554535,0.087256027554535,0.0574052812858783,0.0723306544202067,0.087256027554535,0.102181400688863,0.117106773823192,0.0723306544202067,0.0723306544202067,0.0574052812858783,0.0574052812858783,0.0723306544202067,0.0574052812858783
"11946",0.0712250712250712,0.0712250712250712,0.0712250712250712,0.0897435897435898,0.0712250712250712,0.0897435897435898,0.0712250712250712,0.0712250712250712,0.0712250712250712,0.0897435897435898,0.0712250712250712,0.0897435897435898,0.0712250712250712
"10266",0.0734265734265734,0.0885780885780886,0.0885780885780886,0.118881118881119,0.0582750582750583,0.0885780885780886,0.0582750582750583,0.0885780885780886,0.0734265734265734,0.0734265734265734,0.0734265734265734,0.0582750582750583,0.0582750582750583
"5712",0.0739644970414201,0.0931952662721894,0.0739644970414201,0.0739644970414201,0.0739644970414201,0.0739644970414201,0.0739644970414201,0.0739644970414201,0.0739644970414201,0.0739644970414201,0.0931952662721894,0.0739644970414201,0.0739644970414201
"11148",0.0699300699300699,0.0881118881118881,0.0699300699300699,0.0699300699300699,0.0699300699300699,0.0699300699300699,0.0881118881118881,0.0699300699300699,0.106293706293706,0.0881118881118881,0.0699300699300699,0.0699300699300699,0.0699300699300699
"3626",0.0699300699300699,0.0699300699300699,0.0881118881118881,0.0699300699300699,0.0699300699300699,0.0881118881118881,0.0699300699300699,0.0881118881118881,0.0699300699300699,0.106293706293706,0.0699300699300699,0.0699300699300699,0.0699300699300699
"6486",0.0754147812971342,0.0754147812971342,0.0754147812971342,0.0754147812971342,0.0950226244343891,0.0754147812971342,0.0754147812971342,0.0754147812971342,0.0754147812971342,0.0754147812971342,0.0754147812971342,0.0754147812971342,0.0754147812971342
"6987",0.0865384615384616,0.0686813186813187,0.0865384615384616,0.0686813186813187,0.0686813186813187,0.0865384615384616,0.0865384615384616,0.0686813186813187,0.0686813186813187,0.0865384615384616,0.0686813186813187,0.0865384615384616,0.0686813186813187
"5823",0.0561160151324086,0.0397225725094578,0.261034047919294,0.0725094577553594,0.0561160151324086,0.0315258511979823,0.0479192938209332,0.0725094577553594,0.0479192938209332,0.0970996216897856,0.105296343001261,0.0561160151324086,0.0561160151324086
"9358",0.0754147812971342,0.0950226244343891,0.0754147812971342,0.0754147812971342,0.0754147812971342,0.0754147812971342,0.0754147812971342,0.0754147812971342,0.0754147812971342,0.0754147812971342,0.0754147812971342,0.0754147812971342,0.0754147812971342
"3906",0.0651890482398957,0.0651890482398957,0.0821382007822686,0.0821382007822686,0.0651890482398957,0.0651890482398957,0.0651890482398957,0.0651890482398957,0.0651890482398957,0.0651890482398957,0.116036505867014,0.0651890482398957,0.132985658409387
"1053",0.0958385876418663,0.0958385876418663,0.0630517023959647,0.0630517023959647,0.0958385876418663,0.0630517023959647,0.0630517023959647,0.0630517023959647,0.0958385876418663,0.0630517023959647,0.0794451450189155,0.0794451450189155,0.0794451450189155
"4832",0.0754147812971342,0.0950226244343891,0.0754147812971342,0.0754147812971342,0.0754147812971342,0.0754147812971342,0.0754147812971342,0.0754147812971342,0.0754147812971342,0.0754147812971342,0.0754147812971342,0.0754147812971342,0.0754147812971342
"5461",0.0723306544202067,0.0574052812858783,0.0723306544202067,0.13203214695752,0.087256027554535,0.0723306544202067,0.087256027554535,0.087256027554535,0.0574052812858783,0.0574052812858783,0.0723306544202067,0.0574052812858783,0.087256027554535
"12968",0.0651890482398957,0.0821382007822686,0.0651890482398957,0.0821382007822686,0.0821382007822686,0.0651890482398957,0.0821382007822686,0.0651890482398957,0.0990873533246415,0.0651890482398957,0.0651890482398957,0.0651890482398957,0.116036505867014
"11287",0.0674763832658569,0.0674763832658569,0.102564102564103,0.0674763832658569,0.102564102564103,0.0674763832658569,0.0674763832658569,0.102564102564103,0.0850202429149798,0.0674763832658569,0.0674763832658569,0.0674763832658569,0.0674763832658569
"11797",0.0641025641025641,0.0974358974358975,0.0641025641025641,0.0641025641025641,0.0641025641025641,0.114102564102564,0.0641025641025641,0.0641025641025641,0.0807692307692308,0.114102564102564,0.0807692307692308,0.0641025641025641,0.0641025641025641
"9313",0.0725689404934688,0.0725689404934688,0.0725689404934688,0.0725689404934688,0.0725689404934688,0.0725689404934688,0.0914368650217707,0.0914368650217707,0.0914368650217707,0.0725689404934688,0.0725689404934688,0.0725689404934688,0.0725689404934688
"9164",0.0686813186813187,0.0865384615384616,0.0686813186813187,0.0686813186813187,0.0686813186813187,0.0686813186813187,0.0686813186813187,0.0686813186813187,0.0686813186813187,0.0865384615384616,0.122252747252747,0.0686813186813187,0.0865384615384616
"10135",0.106971153846154,0.106971153846154,0.0600961538461538,0.0913461538461539,0.0600961538461538,0.0757211538461539,0.0600961538461538,0.122596153846154,0.0600961538461538,0.0757211538461539,0.0600961538461538,0.0600961538461538,0.0600961538461538
"8691",0.0674763832658569,0.0850202429149798,0.0674763832658569,0.0674763832658569,0.102564102564103,0.0674763832658569,0.0674763832658569,0.102564102564103,0.0850202429149798,0.0850202429149798,0.0674763832658569,0.0674763832658569,0.0674763832658569
"5226",0.0712250712250712,0.0712250712250712,0.0712250712250712,0.0897435897435898,0.0897435897435898,0.0712250712250712,0.0712250712250712,0.0897435897435898,0.0712250712250712,0.0712250712250712,0.0897435897435898,0.0712250712250712,0.0712250712250712
"1986",0.0630517023959647,0.0794451450189155,0.0794451450189155,0.0630517023959647,0.0630517023959647,0.0630517023959647,0.0630517023959647,0.0630517023959647,0.0630517023959647,0.0630517023959647,0.194199243379571,0.0630517023959647,0.0794451450189155
"7443",0.084726867335563,0.0702341137123746,0.084726867335563,0.0702341137123746,0.0702341137123746,0.0557413600891862,0.0557413600891862,0.0702341137123746,0.0702341137123746,0.0702341137123746,0.0702341137123746,0.142697881828317,0.084726867335563
"11564",0.0663129973474801,0.0663129973474801,0.0663129973474801,0.118037135278515,0.0663129973474801,0.0835543766578249,0.0835543766578249,0.0835543766578249,0.0835543766578249,0.0663129973474801,0.0663129973474801,0.0835543766578249,0.0663129973474801
"4287",0.0651890482398957,0.0651890482398957,0.0651890482398957,0.0821382007822686,0.0990873533246415,0.0651890482398957,0.0821382007822686,0.0990873533246415,0.0651890482398957,0.0821382007822686,0.0651890482398957,0.0651890482398957,0.0990873533246415
"1664",0.0712250712250712,0.0712250712250712,0.0712250712250712,0.108262108262108,0.0712250712250712,0.0712250712250712,0.0712250712250712,0.0712250712250712,0.0897435897435898,0.0712250712250712,0.0712250712250712,0.0897435897435898,0.0712250712250712
"4686",0.0821382007822686,0.0821382007822686,0.0821382007822686,0.0651890482398957,0.0651890482398957,0.0651890482398957,0.0651890482398957,0.0651890482398957,0.0651890482398957,0.0821382007822686,0.132985658409387,0.0821382007822686,0.0651890482398957
"6276",0.0674763832658569,0.0674763832658569,0.0674763832658569,0.0850202429149798,0.102564102564103,0.0850202429149798,0.0850202429149798,0.0674763832658569,0.0674763832658569,0.0850202429149798,0.0674763832658569,0.0674763832658569,0.0850202429149798
"8360",0.0699300699300699,0.0881118881118881,0.0881118881118881,0.0881118881118881,0.0699300699300699,0.0699300699300699,0.0699300699300699,0.0881118881118881,0.0699300699300699,0.0699300699300699,0.0699300699300699,0.0881118881118881,0.0699300699300699
"11092",0.110304789550073,0.0725689404934688,0.0725689404934688,0.0725689404934688,0.0725689404934688,0.0725689404934688,0.0725689404934688,0.0725689404934688,0.0914368650217707,0.0725689404934688,0.0725689404934688,0.0725689404934688,0.0725689404934688
"7047",0.0699300699300699,0.0881118881118881,0.0699300699300699,0.0699300699300699,0.124475524475524,0.0699300699300699,0.0699300699300699,0.0699300699300699,0.0881118881118881,0.0699300699300699,0.0699300699300699,0.0699300699300699,0.0699300699300699
"4571",0.0686813186813187,0.0865384615384616,0.0686813186813187,0.0865384615384616,0.0865384615384616,0.0686813186813187,0.0865384615384616,0.0686813186813187,0.0865384615384616,0.0865384615384616,0.0686813186813187,0.0686813186813187,0.0686813186813187
"6781",0.0931952662721894,0.0739644970414201,0.0739644970414201,0.0739644970414201,0.0739644970414201,0.0739644970414201,0.0739644970414201,0.0931952662721894,0.0739644970414201,0.0739644970414201,0.0739644970414201,0.0739644970414201,0.0739644970414201
"1251",0.0651890482398957,0.0651890482398957,0.0821382007822686,0.0651890482398957,0.0990873533246415,0.0651890482398957,0.0651890482398957,0.0651890482398957,0.0651890482398957,0.0821382007822686,0.116036505867014,0.0651890482398957,0.0990873533246415
"9563",0.0630517023959647,0.0958385876418663,0.0630517023959647,0.0630517023959647,0.0794451450189155,0.0958385876418663,0.0794451450189155,0.0630517023959647,0.0794451450189155,0.0630517023959647,0.0958385876418663,0.0794451450189155,0.0794451450189155
"466",0.142724745134384,0.0704355885078777,0.082483781278962,0.106580166821131,0.0583873957367933,0.0583873957367933,0.0704355885078777,0.082483781278962,0.0583873957367933,0.046339202965709,0.082483781278962,0.0945319740500463,0.046339202965709
"2368",0.0927960927960928,0.061050061050061,0.0769230769230769,0.0927960927960928,0.061050061050061,0.061050061050061,0.0769230769230769,0.0927960927960928,0.0769230769230769,0.0927960927960928,0.061050061050061,0.0769230769230769,0.0769230769230769
"13025",0.0712250712250712,0.0712250712250712,0.0897435897435898,0.0712250712250712,0.0712250712250712,0.0712250712250712,0.0712250712250712,0.0712250712250712,0.0712250712250712,0.0897435897435898,0.108262108262108,0.0712250712250712,0.0712250712250712
"13956",0.0682556879739978,0.0682556879739978,0.0682556879739978,0.0823401950162514,0.0541711809317443,0.110509209100758,0.0964247020585049,0.0823401950162514,0.0682556879739978,0.0682556879739978,0.0541711809317443,0.110509209100758,0.0682556879739978
"7448",0.084726867335563,0.142697881828317,0.0557413600891862,0.084726867335563,0.0702341137123746,0.0702341137123746,0.0702341137123746,0.0702341137123746,0.0557413600891862,0.0557413600891862,0.0702341137123746,0.084726867335563,0.084726867335563
"7500",0.079002079002079,0.051975051975052,0.051975051975052,0.0654885654885655,0.051975051975052,0.106029106029106,0.106029106029106,0.079002079002079,0.0654885654885655,0.0654885654885655,0.079002079002079,0.106029106029106,0.0925155925155925
"8241",0.0942928039702233,0.0781637717121588,0.0781637717121588,0.0781637717121588,0.0620347394540943,0.0781637717121588,0.0620347394540943,0.0620347394540943,0.110421836228288,0.0781637717121588,0.0620347394540943,0.0781637717121588,0.0781637717121588
"2030",0.0600961538461538,0.0913461538461539,0.0600961538461538,0.106971153846154,0.0913461538461539,0.0600961538461538,0.0600961538461538,0.122596153846154,0.0757211538461539,0.0913461538461539,0.0600961538461538,0.0600961538461538,0.0600961538461538
"13417",0.0699300699300699,0.0699300699300699,0.0881118881118881,0.0699300699300699,0.0881118881118881,0.0699300699300699,0.0699300699300699,0.106293706293706,0.0699300699300699,0.0699300699300699,0.0881118881118881,0.0699300699300699,0.0699300699300699
"11394",0.0739644970414201,0.0739644970414201,0.0739644970414201,0.0739644970414201,0.0931952662721894,0.0739644970414201,0.0739644970414201,0.0739644970414201,0.0739644970414201,0.0931952662721894,0.0739644970414201,0.0739644970414201,0.0739644970414201
"2583",0.0739644970414201,0.0739644970414201,0.0739644970414201,0.0739644970414201,0.0931952662721894,0.0739644970414201,0.0739644970414201,0.0739644970414201,0.0739644970414201,0.0739644970414201,0.0931952662721894,0.0739644970414201,0.0739644970414201
"5675",0.0739644970414201,0.0931952662721894,0.0739644970414201,0.0739644970414201,0.0931952662721894,0.0739644970414201,0.0739644970414201,0.0739644970414201,0.0739644970414201,0.0739644970414201,0.0739644970414201,0.0739644970414201,0.0739644970414201
"5168",0.108974358974359,0.0673076923076923,0.0673076923076923,0.0673076923076923,0.0950854700854701,0.0534188034188034,0.0673076923076923,0.0950854700854701,0.0950854700854701,0.0673076923076923,0.0534188034188034,0.0534188034188034,0.108974358974359
"13694",0.0754147812971342,0.0754147812971342,0.0754147812971342,0.0950226244343891,0.0754147812971342,0.0754147812971342,0.0754147812971342,0.0754147812971342,0.0754147812971342,0.0754147812971342,0.0754147812971342,0.0754147812971342,0.0754147812971342
"2867",0.0835543766578249,0.0663129973474801,0.0835543766578249,0.0835543766578249,0.0663129973474801,0.0663129973474801,0.0663129973474801,0.0663129973474801,0.0663129973474801,0.118037135278515,0.0663129973474801,0.10079575596817,0.0663129973474801
"12461",0.0913461538461539,0.0913461538461539,0.0913461538461539,0.0600961538461538,0.0600961538461538,0.0600961538461538,0.0913461538461539,0.0600961538461538,0.0757211538461539,0.0757211538461539,0.0600961538461538,0.106971153846154,0.0757211538461539
"9262",0.0739644970414201,0.0931952662721894,0.0739644970414201,0.0739644970414201,0.0739644970414201,0.0739644970414201,0.0739644970414201,0.0739644970414201,0.0739644970414201,0.0931952662721894,0.0739644970414201,0.0739644970414201,0.0739644970414201
"10442",0.0674763832658569,0.120107962213225,0.102564102564103,0.0674763832658569,0.0850202429149798,0.0674763832658569,0.0674763832658569,0.0674763832658569,0.0850202429149798,0.0674763832658569,0.0674763832658569,0.0674763832658569,0.0674763832658569
"3509",0.0725689404934688,0.0725689404934688,0.0725689404934688,0.0725689404934688,0.0725689404934688,0.0725689404934688,0.0725689404934688,0.0725689404934688,0.0725689404934688,0.0725689404934688,0.129172714078374,0.0725689404934688,0.0725689404934688
"3901",0.0739644970414201,0.0931952662721894,0.0739644970414201,0.0739644970414201,0.0931952662721894,0.0739644970414201,0.0739644970414201,0.0739644970414201,0.0739644970414201,0.0739644970414201,0.0739644970414201,0.0739644970414201,0.0739644970414201
"11307",0.0712250712250712,0.0897435897435898,0.0712250712250712,0.0897435897435898,0.0712250712250712,0.0897435897435898,0.0712250712250712,0.0712250712250712,0.0897435897435898,0.0712250712250712,0.0712250712250712,0.0712250712250712,0.0712250712250712
"6107",0.0958385876418663,0.0958385876418663,0.0630517023959647,0.0630517023959647,0.0630517023959647,0.0958385876418663,0.0958385876418663,0.0630517023959647,0.0794451450189155,0.0630517023959647,0.0630517023959647,0.0958385876418663,0.0630517023959647
"2596",0.0699300699300699,0.0699300699300699,0.0881118881118881,0.0699300699300699,0.0699300699300699,0.0699300699300699,0.0699300699300699,0.0699300699300699,0.0699300699300699,0.0699300699300699,0.0699300699300699,0.0881118881118881,0.124475524475524
"11969",0.0641025641025641,0.0641025641025641,0.0641025641025641,0.0641025641025641,0.0807692307692308,0.0641025641025641,0.0807692307692308,0.0807692307692308,0.147435897435897,0.0807692307692308,0.0807692307692308,0.0641025641025641,0.0641025641025641
"2282",0.0663129973474801,0.0663129973474801,0.0663129973474801,0.0663129973474801,0.0835543766578249,0.0835543766578249,0.0663129973474801,0.0835543766578249,0.0663129973474801,0.10079575596817,0.0835543766578249,0.10079575596817,0.0663129973474801
"1848",0.0781637717121588,0.0781637717121588,0.110421836228288,0.0620347394540943,0.0620347394540943,0.0620347394540943,0.0620347394540943,0.0942928039702233,0.0620347394540943,0.0942928039702233,0.0620347394540943,0.0620347394540943,0.110421836228288
"1087",0.0641025641025641,0.0974358974358975,0.0641025641025641,0.0807692307692308,0.0974358974358975,0.0641025641025641,0.0974358974358975,0.0807692307692308,0.0807692307692308,0.0807692307692308,0.0641025641025641,0.0641025641025641,0.0641025641025641
"10333",0.0663129973474801,0.0663129973474801,0.0663129973474801,0.0663129973474801,0.0835543766578249,0.0663129973474801,0.0835543766578249,0.135278514588859,0.10079575596817,0.0663129973474801,0.0663129973474801,0.0663129973474801,0.0663129973474801
"6217",0.0739644970414201,0.0739644970414201,0.0739644970414201,0.0739644970414201,0.0739644970414201,0.0739644970414201,0.0739644970414201,0.0739644970414201,0.0739644970414201,0.0931952662721894,0.0931952662721894,0.0739644970414201,0.0739644970414201
"3275",0.0674763832658569,0.0850202429149798,0.0674763832658569,0.0674763832658569,0.0674763832658569,0.102564102564103,0.0850202429149798,0.0850202429149798,0.0850202429149798,0.0850202429149798,0.0674763832658569,0.0674763832658569,0.0674763832658569
"13753",0.0739644970414201,0.0739644970414201,0.0739644970414201,0.0739644970414201,0.0739644970414201,0.0931952662721894,0.0931952662721894,0.0739644970414201,0.0739644970414201,0.0739644970414201,0.0739644970414201,0.0739644970414201,0.0739644970414201
"11300",0.0725689404934688,0.0725689404934688,0.0725689404934688,0.0725689404934688,0.0914368650217707,0.0725689404934688,0.0914368650217707,0.0725689404934688,0.0725689404934688,0.0725689404934688,0.0725689404934688,0.0914368650217707,0.0725689404934688
"3808",0.0835543766578249,0.0663129973474801,0.0663129973474801,0.0663129973474801,0.0663129973474801,0.135278514588859,0.0663129973474801,0.0835543766578249,0.0835543766578249,0.0663129973474801,0.0835543766578249,0.0663129973474801,0.0663129973474801
"9987",0.0674763832658569,0.102564102564103,0.0850202429149798,0.0850202429149798,0.0674763832658569,0.0674763832658569,0.0674763832658569,0.0850202429149798,0.0674763832658569,0.102564102564103,0.0674763832658569,0.0674763832658569,0.0674763832658569
"606",0.0506072874493927,0.0769230769230769,0.0637651821862348,0.0637651821862348,0.090080971659919,0.090080971659919,0.0769230769230769,0.090080971659919,0.103238866396761,0.0506072874493927,0.0506072874493927,0.142712550607287,0.0506072874493927
"3101",0.0739644970414201,0.0739644970414201,0.0739644970414201,0.0739644970414201,0.0739644970414201,0.0739644970414201,0.0739644970414201,0.0739644970414201,0.0931952662721894,0.0739644970414201,0.0739644970414201,0.0931952662721894,0.0739644970414201
"557",0.0712669683257919,0.0565610859728507,0.144796380090498,0.0565610859728507,0.0565610859728507,0.0565610859728507,0.0565610859728507,0.0712669683257919,0.0565610859728507,0.085972850678733,0.17420814479638,0.0565610859728507,0.0565610859728507
"13310",0.0739644970414201,0.0739644970414201,0.0739644970414201,0.0739644970414201,0.0739644970414201,0.0739644970414201,0.0739644970414201,0.0739644970414201,0.112426035502959,0.0739644970414201,0.0739644970414201,0.0739644970414201,0.0739644970414201
"6361",0.122252747252747,0.0686813186813187,0.0686813186813187,0.0686813186813187,0.0686813186813187,0.104395604395604,0.0686813186813187,0.0686813186813187,0.0686813186813187,0.0865384615384616,0.0686813186813187,0.0686813186813187,0.0686813186813187
"4250",0.0674763832658569,0.0674763832658569,0.0850202429149798,0.0674763832658569,0.0850202429149798,0.0850202429149798,0.0674763832658569,0.0674763832658569,0.0674763832658569,0.0850202429149798,0.120107962213225,0.0674763832658569,0.0674763832658569
"7146",0.0754147812971342,0.0754147812971342,0.0754147812971342,0.0754147812971342,0.0754147812971342,0.0754147812971342,0.0754147812971342,0.0754147812971342,0.0950226244343891,0.0754147812971342,0.0754147812971342,0.0754147812971342,0.0754147812971342
"5116",0.108669108669109,0.061050061050061,0.061050061050061,0.0769230769230769,0.108669108669109,0.0769230769230769,0.061050061050061,0.0769230769230769,0.0927960927960928,0.061050061050061,0.061050061050061,0.061050061050061,0.0927960927960928
"1062",0.0745562130177515,0.0591715976331361,0.0899408284023669,0.0591715976331361,0.0591715976331361,0.105325443786982,0.0591715976331361,0.105325443786982,0.0591715976331361,0.0899408284023669,0.105325443786982,0.0745562130177515,0.0591715976331361
"13371",0.0725689404934688,0.0725689404934688,0.0914368650217707,0.0725689404934688,0.0725689404934688,0.0914368650217707,0.0725689404934688,0.0725689404934688,0.0725689404934688,0.0914368650217707,0.0725689404934688,0.0725689404934688,0.0725689404934688
"8330",0.0699300699300699,0.0881118881118881,0.0699300699300699,0.0699300699300699,0.0699300699300699,0.0881118881118881,0.0881118881118881,0.0881118881118881,0.0699300699300699,0.0881118881118881,0.0699300699300699,0.0699300699300699,0.0699300699300699
"12107",0.0663129973474801,0.0663129973474801,0.0663129973474801,0.0663129973474801,0.0835543766578249,0.0835543766578249,0.0663129973474801,0.10079575596817,0.118037135278515,0.0663129973474801,0.0835543766578249,0.0663129973474801,0.0663129973474801
"12121",0.0725689404934688,0.0914368650217707,0.0725689404934688,0.0914368650217707,0.0725689404934688,0.0725689404934688,0.0725689404934688,0.0725689404934688,0.0725689404934688,0.0725689404934688,0.0725689404934688,0.0725689404934688,0.0914368650217707
"13888",0.0739644970414201,0.0739644970414201,0.0739644970414201,0.0739644970414201,0.0739644970414201,0.0739644970414201,0.0739644970414201,0.0739644970414201,0.0931952662721894,0.0931952662721894,0.0739644970414201,0.0739644970414201,0.0739644970414201
"6297",0.0651890482398957,0.0990873533246415,0.0821382007822686,0.0821382007822686,0.0651890482398957,0.0651890482398957,0.0651890482398957,0.0990873533246415,0.0821382007822686,0.0651890482398957,0.0651890482398957,0.0651890482398957,0.0990873533246415
"3388",0.0630517023959647,0.0630517023959647,0.0794451450189155,0.112232030264817,0.0630517023959647,0.0794451450189155,0.0794451450189155,0.0630517023959647,0.0958385876418663,0.0794451450189155,0.0630517023959647,0.0630517023959647,0.0958385876418663
"1647",0.0699300699300699,0.0699300699300699,0.106293706293706,0.0699300699300699,0.0881118881118881,0.0699300699300699,0.0699300699300699,0.0881118881118881,0.0699300699300699,0.0881118881118881,0.0699300699300699,0.0699300699300699,0.0699300699300699
"13508",0.0686813186813187,0.0865384615384616,0.0686813186813187,0.0865384615384616,0.0686813186813187,0.0686813186813187,0.0686813186813187,0.0865384615384616,0.104395604395604,0.0865384615384616,0.0686813186813187,0.0686813186813187,0.0686813186813187
"6960",0.0600961538461538,0.0757211538461539,0.0913461538461539,0.0913461538461539,0.0600961538461538,0.0913461538461539,0.0913461538461539,0.0757211538461539,0.0913461538461539,0.0600961538461538,0.0600961538461538,0.0757211538461539,0.0757211538461539
"6357",0.106293706293706,0.0699300699300699,0.0699300699300699,0.0881118881118881,0.0699300699300699,0.106293706293706,0.0699300699300699,0.0699300699300699,0.0699300699300699,0.0699300699300699,0.0699300699300699,0.0699300699300699,0.0699300699300699
"4654",0.0663129973474801,0.0835543766578249,0.0663129973474801,0.0663129973474801,0.0663129973474801,0.0663129973474801,0.0835543766578249,0.118037135278515,0.10079575596817,0.0835543766578249,0.0663129973474801,0.0663129973474801,0.0663129973474801
"12609",0.0630517023959647,0.0630517023959647,0.0958385876418663,0.0794451450189155,0.0794451450189155,0.0630517023959647,0.0630517023959647,0.0794451450189155,0.0794451450189155,0.0630517023959647,0.128625472887768,0.0794451450189155,0.0630517023959647
"6282",0.0699300699300699,0.0881118881118881,0.0699300699300699,0.0699300699300699,0.0699300699300699,0.0699300699300699,0.124475524475524,0.0881118881118881,0.0699300699300699,0.0699300699300699,0.0699300699300699,0.0699300699300699,0.0699300699300699
"7226",0.0811965811965812,0.0534188034188034,0.0811965811965812,0.0534188034188034,0.0811965811965812,0.0534188034188034,0.0534188034188034,0.0673076923076923,0.164529914529915,0.0673076923076923,0.0811965811965812,0.0811965811965812,0.0811965811965812
"304",0.0821382007822686,0.0651890482398957,0.0651890482398957,0.0990873533246415,0.0821382007822686,0.0651890482398957,0.0821382007822686,0.0990873533246415,0.0821382007822686,0.0821382007822686,0.0651890482398957,0.0651890482398957,0.0651890482398957
"3726",0.0897435897435898,0.0712250712250712,0.108262108262108,0.0712250712250712,0.0712250712250712,0.0712250712250712,0.0897435897435898,0.0712250712250712,0.0712250712250712,0.0712250712250712,0.0712250712250712,0.0712250712250712,0.0712250712250712
"1473",0.130769230769231,0.0807692307692308,0.0641025641025641,0.0974358974358975,0.0641025641025641,0.0641025641025641,0.0807692307692308,0.0641025641025641,0.0807692307692308,0.0807692307692308,0.0641025641025641,0.0641025641025641,0.0641025641025641
"13058",0.0739644970414201,0.0739644970414201,0.0739644970414201,0.0739644970414201,0.0739644970414201,0.0739644970414201,0.0931952662721894,0.0739644970414201,0.0739644970414201,0.0931952662721894,0.0739644970414201,0.0739644970414201,0.0739644970414201
"14116",0.124542124542125,0.061050061050061,0.061050061050061,0.061050061050061,0.061050061050061,0.061050061050061,0.061050061050061,0.061050061050061,0.061050061050061,0.0769230769230769,0.108669108669109,0.061050061050061,0.14041514041514
"8996",0.0712250712250712,0.0712250712250712,0.0712250712250712,0.0897435897435898,0.0712250712250712,0.0712250712250712,0.0712250712250712,0.0712250712250712,0.0897435897435898,0.0712250712250712,0.0712250712250712,0.108262108262108,0.0712250712250712
"12168",0.0739644970414201,0.0739644970414201,0.0739644970414201,0.0739644970414201,0.0931952662721894,0.0739644970414201,0.0739644970414201,0.0739644970414201,0.0739644970414201,0.0931952662721894,0.0739644970414201,0.0739644970414201,0.0739644970414201
"6156",0.0725689404934688,0.0725689404934688,0.0725689404934688,0.0914368650217707,0.0725689404934688,0.0725689404934688,0.0725689404934688,0.0725689404934688,0.0725689404934688,0.110304789550073,0.0725689404934688,0.0725689404934688,0.0725689404934688
"6036",0.0630517023959647,0.128625472887768,0.0630517023959647,0.0630517023959647,0.0958385876418663,0.0958385876418663,0.0794451450189155,0.0630517023959647,0.0630517023959647,0.0630517023959647,0.0794451450189155,0.0630517023959647,0.0794451450189155
"5499",0.0686813186813187,0.0686813186813187,0.0865384615384616,0.0686813186813187,0.0865384615384616,0.0865384615384616,0.0686813186813187,0.0686813186813187,0.0686813186813187,0.0865384615384616,0.0686813186813187,0.0686813186813187,0.104395604395604
"13979",0.0913461538461539,0.0600961538461538,0.0757211538461539,0.0600961538461538,0.0600961538461538,0.0600961538461538,0.0913461538461539,0.0757211538461539,0.0757211538461539,0.0757211538461539,0.122596153846154,0.0913461538461539,0.0600961538461538
"12740",0.0686813186813187,0.104395604395604,0.0686813186813187,0.0865384615384616,0.0686813186813187,0.0686813186813187,0.0686813186813187,0.0865384615384616,0.0686813186813187,0.0686813186813187,0.0865384615384616,0.0686813186813187,0.0865384615384616
"4272",0.0754147812971342,0.0754147812971342,0.0754147812971342,0.0754147812971342,0.0754147812971342,0.0754147812971342,0.0754147812971342,0.0754147812971342,0.0950226244343891,0.0754147812971342,0.0754147812971342,0.0754147812971342,0.0754147812971342
"1189",0.147435897435897,0.0641025641025641,0.0641025641025641,0.0641025641025641,0.0641025641025641,0.0641025641025641,0.114102564102564,0.0807692307692308,0.0807692307692308,0.0641025641025641,0.0641025641025641,0.0641025641025641,0.0641025641025641
"3557",0.0725689404934688,0.0725689404934688,0.0725689404934688,0.0914368650217707,0.0725689404934688,0.0725689404934688,0.0914368650217707,0.0914368650217707,0.0725689404934688,0.0725689404934688,0.0725689404934688,0.0725689404934688,0.0725689404934688
"706",0.0686813186813187,0.0686813186813187,0.0686813186813187,0.0686813186813187,0.104395604395604,0.0686813186813187,0.0686813186813187,0.104395604395604,0.0865384615384616,0.0686813186813187,0.0686813186813187,0.0686813186813187,0.0865384615384616
"11841",0.0591715976331361,0.105325443786982,0.0591715976331361,0.0899408284023669,0.0591715976331361,0.0745562130177515,0.120710059171598,0.105325443786982,0.0899408284023669,0.0591715976331361,0.0591715976331361,0.0591715976331361,0.0591715976331361
"1022",0.0835164835164835,0.0692307692307692,0.0692307692307692,0.0692307692307692,0.0692307692307692,0.0835164835164835,0.0692307692307692,0.0692307692307692,0.0549450549450549,0.0692307692307692,0.0978021978021978,0.0978021978021978,0.0978021978021978
"10205",0.0699300699300699,0.0699300699300699,0.0699300699300699,0.0881118881118881,0.0881118881118881,0.0699300699300699,0.0881118881118881,0.106293706293706,0.0699300699300699,0.0699300699300699,0.0699300699300699,0.0699300699300699,0.0699300699300699
"5651",0.0686813186813187,0.0686813186813187,0.0686813186813187,0.0865384615384616,0.0865384615384616,0.104395604395604,0.0686813186813187,0.0686813186813187,0.0686813186813187,0.0865384615384616,0.0686813186813187,0.0865384615384616,0.0686813186813187
"5839",0.161695447409733,0.0494505494505495,0.0800627943485086,0.0596546310832025,0.110675039246468,0.0698587127158556,0.0494505494505495,0.0902668759811617,0.0698587127158556,0.0494505494505495,0.0596546310832025,0.0800627943485086,0.0698587127158556
"11953",0.0725689404934688,0.0725689404934688,0.0725689404934688,0.0725689404934688,0.0914368650217707,0.0914368650217707,0.0725689404934688,0.0725689404934688,0.0725689404934688,0.0725689404934688,0.0725689404934688,0.0914368650217707,0.0725689404934688
"13353",0.0699300699300699,0.0699300699300699,0.0699300699300699,0.0881118881118881,0.0881118881118881,0.0699300699300699,0.0881118881118881,0.0699300699300699,0.0699300699300699,0.0699300699300699,0.0699300699300699,0.0699300699300699,0.106293706293706
"3654",0.0699300699300699,0.0699300699300699,0.0699300699300699,0.0699300699300699,0.0699300699300699,0.0699300699300699,0.0699300699300699,0.0699300699300699,0.0699300699300699,0.0881118881118881,0.124475524475524,0.0881118881118881,0.0699300699300699
"6898",0.110304789550073,0.0725689404934688,0.0725689404934688,0.0725689404934688,0.0725689404934688,0.0914368650217707,0.0725689404934688,0.0725689404934688,0.0725689404934688,0.0725689404934688,0.0725689404934688,0.0725689404934688,0.0725689404934688
"4806",0.0850202429149798,0.0850202429149798,0.120107962213225,0.0674763832658569,0.0674763832658569,0.0850202429149798,0.0674763832658569,0.0674763832658569,0.0674763832658569,0.0850202429149798,0.0674763832658569,0.0674763832658569,0.0674763832658569
"7205",0.0651890482398957,0.0651890482398957,0.0651890482398957,0.0990873533246415,0.0990873533246415,0.0651890482398957,0.0821382007822686,0.0821382007822686,0.0651890482398957,0.0651890482398957,0.116036505867014,0.0651890482398957,0.0651890482398957
"9218",0.0686813186813187,0.0686813186813187,0.0686813186813187,0.0865384615384616,0.0686813186813187,0.0865384615384616,0.0686813186813187,0.0865384615384616,0.0686813186813187,0.0865384615384616,0.0686813186813187,0.104395604395604,0.0686813186813187
"4673",0.0754147812971342,0.0950226244343891,0.0754147812971342,0.0754147812971342,0.0754147812971342,0.0754147812971342,0.0754147812971342,0.0754147812971342,0.0754147812971342,0.0754147812971342,0.0754147812971342,0.0754147812971342,0.0754147812971342
"1256",0.0881118881118881,0.0881118881118881,0.0699300699300699,0.106293706293706,0.0699300699300699,0.0699300699300699,0.0881118881118881,0.0699300699300699,0.0699300699300699,0.0699300699300699,0.0699300699300699,0.0699300699300699,0.0699300699300699
"12191",0.0682556879739978,0.110509209100758,0.166847237269772,0.0541711809317443,0.0541711809317443,0.0682556879739978,0.110509209100758,0.0541711809317443,0.0541711809317443,0.0541711809317443,0.0682556879739978,0.0682556879739978,0.0682556879739978
"8572",0.0600961538461538,0.0757211538461539,0.0757211538461539,0.0757211538461539,0.0913461538461539,0.0757211538461539,0.0757211538461539,0.0913461538461539,0.0600961538461538,0.0913461538461539,0.0600961538461538,0.106971153846154,0.0600961538461538
"5087",0.0686813186813187,0.0686813186813187,0.0865384615384616,0.104395604395604,0.0686813186813187,0.0686813186813187,0.0686813186813187,0.0865384615384616,0.0686813186813187,0.0686813186813187,0.0686813186813187,0.104395604395604,0.0686813186813187
"3049",0.0699300699300699,0.0881118881118881,0.0699300699300699,0.0881118881118881,0.0881118881118881,0.0699300699300699,0.106293706293706,0.0699300699300699,0.0699300699300699,0.0699300699300699,0.0699300699300699,0.0699300699300699,0.0699300699300699
"993",0.0769230769230769,0.061050061050061,0.0769230769230769,0.0769230769230769,0.124542124542125,0.0769230769230769,0.0927960927960928,0.0927960927960928,0.061050061050061,0.061050061050061,0.0769230769230769,0.061050061050061,0.061050061050061
"10607",0.061050061050061,0.108669108669109,0.061050061050061,0.0769230769230769,0.0927960927960928,0.108669108669109,0.061050061050061,0.0927960927960928,0.0769230769230769,0.0769230769230769,0.061050061050061,0.061050061050061,0.061050061050061
"8754",0.0600961538461538,0.0600961538461538,0.0600961538461538,0.106971153846154,0.106971153846154,0.106971153846154,0.0913461538461539,0.0600961538461538,0.0757211538461539,0.0600961538461538,0.0913461538461539,0.0600961538461538,0.0600961538461538
"4648",0.0699300699300699,0.0699300699300699,0.0699300699300699,0.0699300699300699,0.0881118881118881,0.0881118881118881,0.0699300699300699,0.0881118881118881,0.0881118881118881,0.0699300699300699,0.0699300699300699,0.0881118881118881,0.0699300699300699
"6184",0.0663129973474801,0.0835543766578249,0.10079575596817,0.0663129973474801,0.10079575596817,0.0663129973474801,0.0663129973474801,0.0835543766578249,0.0663129973474801,0.0663129973474801,0.0663129973474801,0.0663129973474801,0.10079575596817
"4031",0.0754147812971342,0.0754147812971342,0.0754147812971342,0.0754147812971342,0.0950226244343891,0.0754147812971342,0.0754147812971342,0.0754147812971342,0.0754147812971342,0.0754147812971342,0.0754147812971342,0.0754147812971342,0.0754147812971342
"2061",0.0699300699300699,0.0699300699300699,0.0699300699300699,0.106293706293706,0.0699300699300699,0.0699300699300699,0.0881118881118881,0.0699300699300699,0.0881118881118881,0.0881118881118881,0.0699300699300699,0.0699300699300699,0.0699300699300699
"8832",0.0641025641025641,0.0974358974358975,0.0641025641025641,0.0807692307692308,0.114102564102564,0.0807692307692308,0.0641025641025641,0.0641025641025641,0.0807692307692308,0.0807692307692308,0.0641025641025641,0.0807692307692308,0.0641025641025641
"6252",0.0699300699300699,0.0881118881118881,0.0699300699300699,0.0699300699300699,0.0881118881118881,0.106293706293706,0.0881118881118881,0.0699300699300699,0.0699300699300699,0.0699300699300699,0.0699300699300699,0.0699300699300699,0.0699300699300699
"389",0.061050061050061,0.108669108669109,0.108669108669109,0.0769230769230769,0.061050061050061,0.061050061050061,0.061050061050061,0.061050061050061,0.061050061050061,0.0927960927960928,0.108669108669109,0.0769230769230769,0.061050061050061
"11034",0.0712250712250712,0.0712250712250712,0.0712250712250712,0.0897435897435898,0.0712250712250712,0.0712250712250712,0.108262108262108,0.0897435897435898,0.0712250712250712,0.0712250712250712,0.0712250712250712,0.0712250712250712,0.0712250712250712
"185",0.0557413600891862,0.084726867335563,0.0702341137123746,0.0557413600891862,0.0702341137123746,0.11371237458194,0.11371237458194,0.0992196209587514,0.084726867335563,0.0557413600891862,0.0702341137123746,0.0702341137123746,0.0557413600891862
"981",0.118037135278515,0.10079575596817,0.0663129973474801,0.0663129973474801,0.0835543766578249,0.0663129973474801,0.0835543766578249,0.0663129973474801,0.0663129973474801,0.0663129973474801,0.0835543766578249,0.0663129973474801,0.0663129973474801
"1402",0.0794451450189155,0.0630517023959647,0.0630517023959647,0.128625472887768,0.0630517023959647,0.0958385876418663,0.112232030264817,0.0630517023959647,0.0630517023959647,0.0630517023959647,0.0630517023959647,0.0794451450189155,0.0630517023959647
"7961",0.0781637717121588,0.0620347394540943,0.0620347394540943,0.0942928039702233,0.0781637717121588,0.0781637717121588,0.0942928039702233,0.0781637717121588,0.0620347394540943,0.0620347394540943,0.0620347394540943,0.110421836228288,0.0781637717121588
"3646",0.0850202429149798,0.0674763832658569,0.0674763832658569,0.0850202429149798,0.0674763832658569,0.0674763832658569,0.0674763832658569,0.102564102564103,0.0674763832658569,0.0674763832658569,0.102564102564103,0.0674763832658569,0.0850202429149798
"1075",0.0630517023959647,0.0630517023959647,0.0794451450189155,0.0630517023959647,0.0794451450189155,0.112232030264817,0.0630517023959647,0.0630517023959647,0.0630517023959647,0.0630517023959647,0.0958385876418663,0.0794451450189155,0.112232030264817
"2299",0.0865384615384616,0.0865384615384616,0.0686813186813187,0.0865384615384616,0.0865384615384616,0.0686813186813187,0.0686813186813187,0.0686813186813187,0.0686813186813187,0.0865384615384616,0.0686813186813187,0.0865384615384616,0.0686813186813187
"1677",0.0630517023959647,0.0630517023959647,0.0630517023959647,0.0958385876418663,0.112232030264817,0.0630517023959647,0.0794451450189155,0.0630517023959647,0.0794451450189155,0.0958385876418663,0.0630517023959647,0.0630517023959647,0.0958385876418663
"6607",0.0754147812971342,0.0754147812971342,0.0754147812971342,0.0754147812971342,0.0950226244343891,0.0754147812971342,0.0754147812971342,0.0754147812971342,0.0754147812971342,0.0754147812971342,0.0754147812971342,0.0754147812971342,0.0754147812971342
"10162",0.0699300699300699,0.0881118881118881,0.0699300699300699,0.0699300699300699,0.0699300699300699,0.0881118881118881,0.0699300699300699,0.0699300699300699,0.0881118881118881,0.0699300699300699,0.0881118881118881,0.0881118881118881,0.0699300699300699
"2781",0.0865384615384616,0.0686813186813187,0.0686813186813187,0.0686813186813187,0.0865384615384616,0.0686813186813187,0.0865384615384616,0.0686813186813187,0.0686813186813187,0.0865384615384616,0.0686813186813187,0.0686813186813187,0.104395604395604
"1734",0.0781637717121588,0.0781637717121588,0.0781637717121588,0.0781637717121588,0.0781637717121588,0.0781637717121588,0.0781637717121588,0.0781637717121588,0.0781637717121588,0.0620347394540943,0.0942928039702233,0.0620347394540943,0.0781637717121588
"3030",0.0663129973474801,0.0835543766578249,0.10079575596817,0.0663129973474801,0.0835543766578249,0.0663129973474801,0.0835543766578249,0.0663129973474801,0.0663129973474801,0.0663129973474801,0.10079575596817,0.0663129973474801,0.0835543766578249
"8037",0.0582750582750583,0.0582750582750583,0.0582750582750583,0.103729603729604,0.0582750582750583,0.0582750582750583,0.134032634032634,0.0885780885780886,0.103729603729604,0.0582750582750583,0.0734265734265734,0.0582750582750583,0.0885780885780886
"7449",0.0769230769230769,0.0769230769230769,0.061050061050061,0.108669108669109,0.0927960927960928,0.0927960927960928,0.061050061050061,0.0927960927960928,0.0769230769230769,0.061050061050061,0.061050061050061,0.0769230769230769,0.061050061050061
"8534",0.120710059171598,0.0745562130177515,0.0591715976331361,0.0591715976331361,0.0591715976331361,0.0899408284023669,0.0745562130177515,0.0745562130177515,0.0745562130177515,0.0899408284023669,0.0899408284023669,0.0745562130177515,0.0591715976331361
"7719",0.0807692307692308,0.0974358974358975,0.0641025641025641,0.0974358974358975,0.0974358974358975,0.0974358974358975,0.0641025641025641,0.0641025641025641,0.0641025641025641,0.0641025641025641,0.0641025641025641,0.0807692307692308,0.0641025641025641
"12591",0.0620347394540943,0.0620347394540943,0.110421836228288,0.0942928039702233,0.0620347394540943,0.0620347394540943,0.0942928039702233,0.0781637717121588,0.110421836228288,0.0781637717121588,0.0620347394540943,0.0620347394540943,0.0620347394540943
"1838",0.0885780885780886,0.0582750582750583,0.0885780885780886,0.0885780885780886,0.0734265734265734,0.0582750582750583,0.0582750582750583,0.118881118881119,0.0582750582750583,0.0734265734265734,0.0582750582750583,0.118881118881119,0.0582750582750583
"1859",0.0739644970414201,0.0739644970414201,0.0739644970414201,0.0931952662721894,0.0739644970414201,0.0739644970414201,0.0739644970414201,0.0739644970414201,0.0739644970414201,0.0931952662721894,0.0739644970414201,0.0739644970414201,0.0739644970414201
"11181",0.0674763832658569,0.0850202429149798,0.0674763832658569,0.0674763832658569,0.0850202429149798,0.0850202429149798,0.0674763832658569,0.102564102564103,0.0674763832658569,0.0674763832658569,0.0850202429149798,0.0850202429149798,0.0674763832658569
"6218",0.10079575596817,0.0835543766578249,0.0663129973474801,0.0663129973474801,0.0663129973474801,0.0835543766578249,0.0663129973474801,0.0835543766578249,0.0835543766578249,0.0663129973474801,0.0663129973474801,0.0663129973474801,0.10079575596817
"1925",0.0899408284023669,0.0591715976331361,0.0745562130177515,0.0591715976331361,0.0899408284023669,0.0591715976331361,0.0899408284023669,0.0745562130177515,0.0745562130177515,0.0899408284023669,0.0591715976331361,0.0745562130177515,0.105325443786982
"9879",0.0725689404934688,0.0725689404934688,0.0725689404934688,0.0914368650217707,0.0725689404934688,0.0914368650217707,0.0725689404934688,0.0725689404934688,0.0914368650217707,0.0725689404934688,0.0725689404934688,0.0725689404934688,0.0725689404934688
"10088",0.0712250712250712,0.0712250712250712,0.0897435897435898,0.0897435897435898,0.0712250712250712,0.0712250712250712,0.0712250712250712,0.0712250712250712,0.0712250712250712,0.0712250712250712,0.0897435897435898,0.0897435897435898,0.0712250712250712
"8201",0.0452488687782805,0.0570135746606335,0.0687782805429864,0.0805429864253394,0.0452488687782805,0.127601809954751,0.0687782805429864,0.115837104072398,0.0687782805429864,0.0570135746606335,0.0923076923076923,0.0923076923076923,0.0805429864253394
"10916",0.0725689404934688,0.0725689404934688,0.0725689404934688,0.0725689404934688,0.110304789550073,0.0725689404934688,0.0725689404934688,0.0725689404934688,0.0914368650217707,0.0725689404934688,0.0725689404934688,0.0725689404934688,0.0725689404934688
"9910",0.0663129973474801,0.10079575596817,0.0835543766578249,0.0663129973474801,0.0663129973474801,0.0663129973474801,0.10079575596817,0.0835543766578249,0.0835543766578249,0.0663129973474801,0.0663129973474801,0.0835543766578249,0.0663129973474801
"11748",0.0725689404934688,0.0725689404934688,0.0725689404934688,0.0914368650217707,0.0725689404934688,0.0725689404934688,0.0914368650217707,0.0914368650217707,0.0725689404934688,0.0725689404934688,0.0725689404934688,0.0725689404934688,0.0725689404934688
"4706",0.0865384615384616,0.0865384615384616,0.0686813186813187,0.0686813186813187,0.0686813186813187,0.0686813186813187,0.0865384615384616,0.0686813186813187,0.0686813186813187,0.0865384615384616,0.0865384615384616,0.0865384615384616,0.0686813186813187
"9051",0.0739644970414201,0.0739644970414201,0.0739644970414201,0.0931952662721894,0.0739644970414201,0.0739644970414201,0.0739644970414201,0.0739644970414201,0.0739644970414201,0.0931952662721894,0.0739644970414201,0.0739644970414201,0.0739644970414201
"12241",0.0674763832658569,0.0674763832658569,0.0674763832658569,0.0850202429149798,0.0674763832658569,0.0674763832658569,0.120107962213225,0.0850202429149798,0.0850202429149798,0.0674763832658569,0.0674763832658569,0.0674763832658569,0.0850202429149798
"9554",0.0881118881118881,0.0699300699300699,0.0881118881118881,0.0699300699300699,0.0699300699300699,0.0699300699300699,0.0881118881118881,0.0881118881118881,0.0881118881118881,0.0699300699300699,0.0699300699300699,0.0699300699300699,0.0699300699300699
"11541",0.0712250712250712,0.0897435897435898,0.0712250712250712,0.0712250712250712,0.0897435897435898,0.0712250712250712,0.0897435897435898,0.0897435897435898,0.0712250712250712,0.0712250712250712,0.0712250712250712,0.0712250712250712,0.0712250712250712
"5167",0.0754147812971342,0.0950226244343891,0.0754147812971342,0.0754147812971342,0.0754147812971342,0.0754147812971342,0.0754147812971342,0.0754147812971342,0.0754147812971342,0.0754147812971342,0.0754147812971342,0.0754147812971342,0.0754147812971342
"14312",0.0739644970414201,0.0931952662721894,0.0739644970414201,0.0739644970414201,0.0931952662721894,0.0739644970414201,0.0739644970414201,0.0739644970414201,0.0739644970414201,0.0739644970414201,0.0739644970414201,0.0739644970414201,0.0739644970414201
"7564",0.0712669683257919,0.0565610859728507,0.100678733031674,0.0565610859728507,0.085972850678733,0.0565610859728507,0.0712669683257919,0.115384615384615,0.085972850678733,0.0712669683257919,0.100678733031674,0.0565610859728507,0.0712669683257919
"8648",0.0739644970414201,0.0739644970414201,0.0739644970414201,0.0931952662721894,0.0739644970414201,0.0739644970414201,0.0739644970414201,0.0739644970414201,0.0931952662721894,0.0739644970414201,0.0739644970414201,0.0739644970414201,0.0739644970414201
"7942",0.0881118881118881,0.0699300699300699,0.0699300699300699,0.0881118881118881,0.0699300699300699,0.0881118881118881,0.0699300699300699,0.0881118881118881,0.0699300699300699,0.0881118881118881,0.0699300699300699,0.0699300699300699,0.0699300699300699
"1247",0.0885780885780886,0.0582750582750583,0.0582750582750583,0.0885780885780886,0.0734265734265734,0.0582750582750583,0.0734265734265734,0.0734265734265734,0.0734265734265734,0.0885780885780886,0.0734265734265734,0.134032634032634,0.0582750582750583
"11195",0.0699300699300699,0.0699300699300699,0.0881118881118881,0.0699300699300699,0.0881118881118881,0.0699300699300699,0.0699300699300699,0.0699300699300699,0.0699300699300699,0.0699300699300699,0.106293706293706,0.0881118881118881,0.0699300699300699
"10636",0.0739644970414201,0.0739644970414201,0.0739644970414201,0.0739644970414201,0.0739644970414201,0.0739644970414201,0.0739644970414201,0.0739644970414201,0.112426035502959,0.0739644970414201,0.0739644970414201,0.0739644970414201,0.0739644970414201
"4175",0.0739644970414201,0.0739644970414201,0.0739644970414201,0.0739644970414201,0.0739644970414201,0.0739644970414201,0.0739644970414201,0.0739644970414201,0.0931952662721894,0.0739644970414201,0.0739644970414201,0.0931952662721894,0.0739644970414201
"11437",0.0754147812971342,0.0754147812971342,0.0754147812971342,0.0754147812971342,0.0754147812971342,0.0754147812971342,0.0754147812971342,0.0754147812971342,0.0754147812971342,0.0754147812971342,0.0754147812971342,0.0754147812971342,0.0950226244343891
"6183",0.0663129973474801,0.0663129973474801,0.0663129973474801,0.0835543766578249,0.10079575596817,0.10079575596817,0.0663129973474801,0.0835543766578249,0.0663129973474801,0.0663129973474801,0.0663129973474801,0.10079575596817,0.0663129973474801
"4984",0.0674763832658569,0.0850202429149798,0.0674763832658569,0.0674763832658569,0.0674763832658569,0.0674763832658569,0.102564102564103,0.0674763832658569,0.0674763832658569,0.0674763832658569,0.0674763832658569,0.0674763832658569,0.137651821862348
"8290",0.0641025641025641,0.0641025641025641,0.0641025641025641,0.0641025641025641,0.0807692307692308,0.0807692307692308,0.0974358974358975,0.0641025641025641,0.0807692307692308,0.0974358974358975,0.0641025641025641,0.114102564102564,0.0641025641025641
"8188",0.0663129973474801,0.0663129973474801,0.0663129973474801,0.0663129973474801,0.10079575596817,0.0663129973474801,0.10079575596817,0.10079575596817,0.0835543766578249,0.0663129973474801,0.0663129973474801,0.0835543766578249,0.0663129973474801
"9287",0.0865384615384616,0.0686813186813187,0.0686813186813187,0.0686813186813187,0.0686813186813187,0.0865384615384616,0.0865384615384616,0.0865384615384616,0.0865384615384616,0.0865384615384616,0.0686813186813187,0.0686813186813187,0.0686813186813187
"2376",0.0835543766578249,0.0663129973474801,0.0663129973474801,0.0835543766578249,0.10079575596817,0.0663129973474801,0.0663129973474801,0.0663129973474801,0.0835543766578249,0.0663129973474801,0.0835543766578249,0.0663129973474801,0.10079575596817
"33",0.149321266968326,0.0839617898441428,0.0643539467068879,0.044746103569633,0.0512820512820513,0.0904977375565611,0.0839617898441428,0.0578179989944696,0.0512820512820513,0.0839617898441428,0.103569632981398,0.0643539467068879,0.0708898944193062
"11026",0.0725689404934688,0.110304789550073,0.0725689404934688,0.0725689404934688,0.0914368650217707,0.0725689404934688,0.0725689404934688,0.0725689404934688,0.0725689404934688,0.0725689404934688,0.0725689404934688,0.0725689404934688,0.0725689404934688
"1324",0.0734265734265734,0.0582750582750583,0.0734265734265734,0.0582750582750583,0.0734265734265734,0.0582750582750583,0.103729603729604,0.0582750582750583,0.0582750582750583,0.0885780885780886,0.0734265734265734,0.0582750582750583,0.164335664335664
"10265",0.0591715976331361,0.0745562130177515,0.0591715976331361,0.0899408284023669,0.0899408284023669,0.0899408284023669,0.0745562130177515,0.0591715976331361,0.105325443786982,0.0745562130177515,0.0745562130177515,0.0899408284023669,0.0591715976331361
"10825",0.0754147812971342,0.0754147812971342,0.0754147812971342,0.0950226244343891,0.0754147812971342,0.0754147812971342,0.0754147812971342,0.0754147812971342,0.0754147812971342,0.0754147812971342,0.0754147812971342,0.0754147812971342,0.0754147812971342
"9331",0.0692307692307692,0.0978021978021978,0.0692307692307692,0.0978021978021978,0.0549450549450549,0.0549450549450549,0.0835164835164835,0.0549450549450549,0.0835164835164835,0.0549450549450549,0.0835164835164835,0.112087912087912,0.0835164835164835
"5225",0.0865384615384616,0.0865384615384616,0.0686813186813187,0.0686813186813187,0.0686813186813187,0.0686813186813187,0.0865384615384616,0.0686813186813187,0.0865384615384616,0.104395604395604,0.0686813186813187,0.0686813186813187,0.0686813186813187
"4388",0.0712250712250712,0.0712250712250712,0.0712250712250712,0.0712250712250712,0.0897435897435898,0.0712250712250712,0.0712250712250712,0.0897435897435898,0.0712250712250712,0.0897435897435898,0.0712250712250712,0.0712250712250712,0.0897435897435898
"9902",0.0739644970414201,0.0739644970414201,0.0739644970414201,0.0739644970414201,0.0739644970414201,0.0739644970414201,0.0739644970414201,0.0739644970414201,0.0931952662721894,0.0931952662721894,0.0739644970414201,0.0739644970414201,0.0739644970414201
"3528",0.0686813186813187,0.104395604395604,0.0686813186813187,0.0865384615384616,0.0686813186813187,0.0686813186813187,0.0686813186813187,0.0686813186813187,0.104395604395604,0.0686813186813187,0.0686813186813187,0.0865384615384616,0.0686813186813187
"8638",0.0885780885780886,0.0885780885780886,0.0582750582750583,0.0885780885780886,0.0582750582750583,0.0734265734265734,0.0885780885780886,0.0582750582750583,0.0734265734265734,0.0734265734265734,0.0582750582750583,0.103729603729604,0.0885780885780886
"11464",0.0712250712250712,0.0712250712250712,0.0712250712250712,0.0712250712250712,0.0712250712250712,0.0897435897435898,0.0712250712250712,0.0897435897435898,0.0897435897435898,0.0712250712250712,0.0712250712250712,0.0897435897435898,0.0712250712250712
"3624",0.0663129973474801,0.0663129973474801,0.0663129973474801,0.0663129973474801,0.0835543766578249,0.0663129973474801,0.0663129973474801,0.0835543766578249,0.10079575596817,0.0835543766578249,0.0663129973474801,0.0663129973474801,0.118037135278515
"3188",0.0651890482398957,0.0821382007822686,0.0651890482398957,0.116036505867014,0.0821382007822686,0.0821382007822686,0.0651890482398957,0.0651890482398957,0.0821382007822686,0.0990873533246415,0.0651890482398957,0.0651890482398957,0.0651890482398957
"4350",0.0914368650217707,0.0914368650217707,0.0914368650217707,0.0725689404934688,0.0725689404934688,0.0725689404934688,0.0725689404934688,0.0725689404934688,0.0725689404934688,0.0725689404934688,0.0725689404934688,0.0725689404934688,0.0725689404934688
"13368",0.0754147812971342,0.0754147812971342,0.0754147812971342,0.0950226244343891,0.0754147812971342,0.0754147812971342,0.0754147812971342,0.0754147812971342,0.0754147812971342,0.0754147812971342,0.0754147812971342,0.0754147812971342,0.0754147812971342
"9364",0.0745562130177515,0.120710059171598,0.0591715976331361,0.105325443786982,0.0745562130177515,0.105325443786982,0.0591715976331361,0.0591715976331361,0.0899408284023669,0.0745562130177515,0.0591715976331361,0.0591715976331361,0.0591715976331361
"13315",0.0725689404934688,0.0725689404934688,0.0725689404934688,0.0725689404934688,0.0725689404934688,0.0725689404934688,0.0914368650217707,0.0725689404934688,0.0914368650217707,0.0725689404934688,0.0725689404934688,0.0914368650217707,0.0725689404934688
"6642",0.0914368650217707,0.0725689404934688,0.0725689404934688,0.0725689404934688,0.0725689404934688,0.0914368650217707,0.0725689404934688,0.0725689404934688,0.0725689404934688,0.0725689404934688,0.0725689404934688,0.0725689404934688,0.0914368650217707
"6601",0.0739644970414201,0.0739644970414201,0.112426035502959,0.0739644970414201,0.0739644970414201,0.0739644970414201,0.0739644970414201,0.0739644970414201,0.0739644970414201,0.0739644970414201,0.0739644970414201,0.0739644970414201,0.0739644970414201
"8710",0.0674763832658569,0.0850202429149798,0.0674763832658569,0.120107962213225,0.0674763832658569,0.0850202429149798,0.0674763832658569,0.0674763832658569,0.0850202429149798,0.0850202429149798,0.0674763832658569,0.0674763832658569,0.0674763832658569
"1274",0.0712250712250712,0.0897435897435898,0.0712250712250712,0.0712250712250712,0.0712250712250712,0.0712250712250712,0.0897435897435898,0.0712250712250712,0.0712250712250712,0.108262108262108,0.0712250712250712,0.0712250712250712,0.0712250712250712
"5381",0.0739644970414201,0.0739644970414201,0.0739644970414201,0.0739644970414201,0.0739644970414201,0.0931952662721894,0.0739644970414201,0.0739644970414201,0.0739644970414201,0.0931952662721894,0.0739644970414201,0.0739644970414201,0.0739644970414201
"988",0.0541711809317443,0.0541711809317443,0.0682556879739978,0.124593716143012,0.0682556879739978,0.0823401950162514,0.0682556879739978,0.0682556879739978,0.0823401950162514,0.0541711809317443,0.0541711809317443,0.0964247020585049,0.124593716143012
"472",0.0620347394540943,0.0942928039702233,0.110421836228288,0.0620347394540943,0.0620347394540943,0.0620347394540943,0.0620347394540943,0.0781637717121588,0.110421836228288,0.0620347394540943,0.0620347394540943,0.0781637717121588,0.0942928039702233
"6608",0.0914368650217707,0.0725689404934688,0.0725689404934688,0.0725689404934688,0.0725689404934688,0.0725689404934688,0.0725689404934688,0.0725689404934688,0.0725689404934688,0.0725689404934688,0.0725689404934688,0.0725689404934688,0.110304789550073
"7337",0.0759240759240759,0.0759240759240759,0.0759240759240759,0.0889110889110889,0.101898101898102,0.0889110889110889,0.0889110889110889,0.0889110889110889,0.04995004995005,0.04995004995005,0.0629370629370629,0.0889110889110889,0.0629370629370629
"2721",0.0835543766578249,0.0663129973474801,0.0663129973474801,0.0835543766578249,0.10079575596817,0.0663129973474801,0.10079575596817,0.0663129973474801,0.0663129973474801,0.0835543766578249,0.0835543766578249,0.0663129973474801,0.0663129973474801
"14111",0.048951048951049,0.0590520590520591,0.0792540792540793,0.0792540792540793,0.0691530691530692,0.0994560994560995,0.0994560994560995,0.048951048951049,0.11965811965812,0.0590520590520591,0.0792540792540793,0.0994560994560995,0.0590520590520591
"12923",0.0865384615384616,0.0865384615384616,0.0686813186813187,0.0686813186813187,0.0865384615384616,0.0865384615384616,0.0865384615384616,0.0686813186813187,0.0686813186813187,0.0686813186813187,0.0686813186813187,0.0865384615384616,0.0686813186813187
"3450",0.0712250712250712,0.0712250712250712,0.0712250712250712,0.0897435897435898,0.0897435897435898,0.0712250712250712,0.0712250712250712,0.0712250712250712,0.108262108262108,0.0712250712250712,0.0712250712250712,0.0712250712250712,0.0712250712250712
"10097",0.0712250712250712,0.0712250712250712,0.0712250712250712,0.0897435897435898,0.0712250712250712,0.0712250712250712,0.0712250712250712,0.0897435897435898,0.108262108262108,0.0712250712250712,0.0712250712250712,0.0712250712250712,0.0712250712250712
"1527",0.0712250712250712,0.0897435897435898,0.0712250712250712,0.0712250712250712,0.0712250712250712,0.0712250712250712,0.0712250712250712,0.0712250712250712,0.0897435897435898,0.108262108262108,0.0712250712250712,0.0712250712250712,0.0712250712250712
"8226",0.0486854917234664,0.0993184031158715,0.0486854917234664,0.0866601752677702,0.0993184031158715,0.074001947419669,0.0613437195715677,0.0613437195715677,0.074001947419669,0.137293086660175,0.074001947419669,0.0613437195715677,0.074001947419669
"13260",0.0699300699300699,0.106293706293706,0.0881118881118881,0.0699300699300699,0.0699300699300699,0.0699300699300699,0.0881118881118881,0.0699300699300699,0.0881118881118881,0.0699300699300699,0.0699300699300699,0.0699300699300699,0.0699300699300699
"5045",0.0674763832658569,0.102564102564103,0.0674763832658569,0.0850202429149798,0.0674763832658569,0.0674763832658569,0.0850202429149798,0.0674763832658569,0.0674763832658569,0.102564102564103,0.0674763832658569,0.0850202429149798,0.0674763832658569
"8611",0.061050061050061,0.061050061050061,0.0769230769230769,0.0927960927960928,0.0769230769230769,0.0769230769230769,0.061050061050061,0.0769230769230769,0.0769230769230769,0.061050061050061,0.061050061050061,0.124542124542125,0.0927960927960928
"7326",0.074001947419669,0.0613437195715677,0.0486854917234664,0.0993184031158715,0.0613437195715677,0.200584225900682,0.074001947419669,0.0486854917234664,0.0866601752677702,0.0486854917234664,0.0486854917234664,0.0613437195715677,0.0866601752677702
"9972",0.0754147812971342,0.0950226244343891,0.0754147812971342,0.0754147812971342,0.0754147812971342,0.0754147812971342,0.0754147812971342,0.0754147812971342,0.0754147812971342,0.0754147812971342,0.0754147812971342,0.0754147812971342,0.0754147812971342
"12202",0.108669108669109,0.0769230769230769,0.0769230769230769,0.0769230769230769,0.0769230769230769,0.108669108669109,0.061050061050061,0.061050061050061,0.061050061050061,0.0769230769230769,0.061050061050061,0.0769230769230769,0.0769230769230769
"7436",0.0682556879739978,0.0964247020585049,0.110509209100758,0.0541711809317443,0.0541711809317443,0.0823401950162514,0.0823401950162514,0.0541711809317443,0.0682556879739978,0.0682556879739978,0.0823401950162514,0.110509209100758,0.0682556879739978
"14298",0.0754147812971342,0.0754147812971342,0.0950226244343891,0.0754147812971342,0.0754147812971342,0.0754147812971342,0.0754147812971342,0.0754147812971342,0.0754147812971342,0.0754147812971342,0.0754147812971342,0.0754147812971342,0.0754147812971342
"10370",0.0754147812971342,0.0754147812971342,0.0754147812971342,0.0754147812971342,0.0950226244343891,0.0754147812971342,0.0754147812971342,0.0754147812971342,0.0754147812971342,0.0754147812971342,0.0754147812971342,0.0754147812971342,0.0754147812971342
"2185",0.0686813186813187,0.104395604395604,0.0686813186813187,0.0686813186813187,0.0865384615384616,0.0865384615384616,0.0686813186813187,0.0865384615384616,0.0686813186813187,0.0686813186813187,0.0865384615384616,0.0686813186813187,0.0686813186813187
"12148",0.0663129973474801,0.0835543766578249,0.0663129973474801,0.0835543766578249,0.0835543766578249,0.0663129973474801,0.0835543766578249,0.0835543766578249,0.0663129973474801,0.0663129973474801,0.10079575596817,0.0835543766578249,0.0663129973474801
"11491",0.0725689404934688,0.0725689404934688,0.0725689404934688,0.0914368650217707,0.0725689404934688,0.0725689404934688,0.0725689404934688,0.0725689404934688,0.0725689404934688,0.0725689404934688,0.110304789550073,0.0725689404934688,0.0725689404934688
"13096",0.0699300699300699,0.0699300699300699,0.0699300699300699,0.0881118881118881,0.0881118881118881,0.0699300699300699,0.106293706293706,0.0699300699300699,0.0699300699300699,0.0699300699300699,0.0699300699300699,0.0699300699300699,0.0881118881118881
"7583",0.0925155925155925,0.0654885654885655,0.051975051975052,0.106029106029106,0.106029106029106,0.0654885654885655,0.079002079002079,0.051975051975052,0.0654885654885655,0.0654885654885655,0.079002079002079,0.106029106029106,0.0654885654885655
"7948",0.0692307692307692,0.0692307692307692,0.0549450549450549,0.0835164835164835,0.0835164835164835,0.0835164835164835,0.0692307692307692,0.0692307692307692,0.0978021978021978,0.0692307692307692,0.0692307692307692,0.126373626373626,0.0549450549450549
"4148",0.0754147812971342,0.0754147812971342,0.0754147812971342,0.0950226244343891,0.0754147812971342,0.0754147812971342,0.0754147812971342,0.0754147812971342,0.0754147812971342,0.0754147812971342,0.0754147812971342,0.0754147812971342,0.0754147812971342
"830",0.0682556879739978,0.0541711809317443,0.152762730227519,0.0541711809317443,0.0682556879739978,0.0682556879739978,0.0682556879739978,0.0682556879739978,0.0823401950162514,0.0541711809317443,0.124593716143012,0.0823401950162514,0.0541711809317443
"14006",0.0692307692307692,0.0835164835164835,0.0978021978021978,0.0549450549450549,0.0835164835164835,0.0549450549450549,0.0692307692307692,0.112087912087912,0.0978021978021978,0.0549450549450549,0.0692307692307692,0.0549450549450549,0.0978021978021978
"13196",0.0674763832658569,0.0674763832658569,0.0674763832658569,0.0850202429149798,0.102564102564103,0.0674763832658569,0.0674763832658569,0.0674763832658569,0.102564102564103,0.0674763832658569,0.0674763832658569,0.0674763832658569,0.102564102564103
"1481",0.0663129973474801,0.0663129973474801,0.118037135278515,0.0835543766578249,0.0663129973474801,0.0663129973474801,0.10079575596817,0.0835543766578249,0.0663129973474801,0.0663129973474801,0.0663129973474801,0.0663129973474801,0.0835543766578249
"9758",0.0686813186813187,0.0865384615384616,0.0865384615384616,0.104395604395604,0.0865384615384616,0.0686813186813187,0.0865384615384616,0.0686813186813187,0.0686813186813187,0.0686813186813187,0.0686813186813187,0.0686813186813187,0.0686813186813187
"11182",0.0630517023959647,0.0630517023959647,0.0630517023959647,0.0630517023959647,0.112232030264817,0.0630517023959647,0.0630517023959647,0.128625472887768,0.0794451450189155,0.0794451450189155,0.0630517023959647,0.0794451450189155,0.0794451450189155
"2950",0.0781637717121588,0.0781637717121588,0.0620347394540943,0.110421836228288,0.0942928039702233,0.0781637717121588,0.0781637717121588,0.0781637717121588,0.0781637717121588,0.0620347394540943,0.0620347394540943,0.0781637717121588,0.0620347394540943
"10735",0.0712250712250712,0.0897435897435898,0.0712250712250712,0.0897435897435898,0.0712250712250712,0.0712250712250712,0.0712250712250712,0.0897435897435898,0.0897435897435898,0.0712250712250712,0.0712250712250712,0.0712250712250712,0.0712250712250712
"694",0.117106773823192,0.0723306544202067,0.0723306544202067,0.0574052812858783,0.0723306544202067,0.0574052812858783,0.0723306544202067,0.0723306544202067,0.0574052812858783,0.0574052812858783,0.0574052812858783,0.102181400688863,0.13203214695752
"1866",0.0781637717121588,0.0620347394540943,0.0620347394540943,0.142679900744417,0.0620347394540943,0.0620347394540943,0.0781637717121588,0.0942928039702233,0.0942928039702233,0.0620347394540943,0.0620347394540943,0.0781637717121588,0.0620347394540943
"8255",0.0663129973474801,0.0663129973474801,0.0663129973474801,0.135278514588859,0.0663129973474801,0.0663129973474801,0.0835543766578249,0.0835543766578249,0.0663129973474801,0.0835543766578249,0.0835543766578249,0.0663129973474801,0.0663129973474801
"9231",0.0781637717121588,0.0942928039702233,0.0620347394540943,0.0620347394540943,0.0781637717121588,0.0942928039702233,0.110421836228288,0.0781637717121588,0.0620347394540943,0.0781637717121588,0.0620347394540943,0.0781637717121588,0.0620347394540943
"12759",0.114102564102564,0.0974358974358975,0.0974358974358975,0.0641025641025641,0.0641025641025641,0.0641025641025641,0.0641025641025641,0.0641025641025641,0.0641025641025641,0.0807692307692308,0.0641025641025641,0.0641025641025641,0.0974358974358975
"2377",0.0686813186813187,0.0686813186813187,0.0865384615384616,0.0686813186813187,0.0686813186813187,0.0686813186813187,0.104395604395604,0.0686813186813187,0.0865384615384616,0.0686813186813187,0.0686813186813187,0.0686813186813187,0.104395604395604
"14254",0.0754147812971342,0.0754147812971342,0.0754147812971342,0.0754147812971342,0.0754147812971342,0.0754147812971342,0.0754147812971342,0.0754147812971342,0.0950226244343891,0.0754147812971342,0.0754147812971342,0.0754147812971342,0.0754147812971342
"12688",0.0686813186813187,0.0865384615384616,0.0686813186813187,0.0686813186813187,0.0686813186813187,0.0686813186813187,0.0686813186813187,0.0686813186813187,0.0686813186813187,0.104395604395604,0.104395604395604,0.0686813186813187,0.0865384615384616
"5194",0.0686813186813187,0.0865384615384616,0.0865384615384616,0.104395604395604,0.0865384615384616,0.0865384615384616,0.0686813186813187,0.0686813186813187,0.0686813186813187,0.0686813186813187,0.0686813186813187,0.0686813186813187,0.0686813186813187
"5095",0.0712250712250712,0.0712250712250712,0.0712250712250712,0.0712250712250712,0.0712250712250712,0.0712250712250712,0.0897435897435898,0.0712250712250712,0.0897435897435898,0.0897435897435898,0.0712250712250712,0.0712250712250712,0.0897435897435898
"342",0.0570135746606335,0.0687782805429864,0.186425339366516,0.0452488687782805,0.0570135746606335,0.0687782805429864,0.0570135746606335,0.0452488687782805,0.0452488687782805,0.0923076923076923,0.0687782805429864,0.0687782805429864,0.139366515837104
"10932",0.0600961538461538,0.0913461538461539,0.0600961538461538,0.0600961538461538,0.0757211538461539,0.0600961538461538,0.106971153846154,0.106971153846154,0.0757211538461539,0.0757211538461539,0.0913461538461539,0.0757211538461539,0.0600961538461538
"13621",0.0739644970414201,0.0739644970414201,0.0739644970414201,0.0739644970414201,0.0739644970414201,0.0739644970414201,0.0739644970414201,0.0739644970414201,0.0931952662721894,0.0739644970414201,0.0739644970414201,0.0931952662721894,0.0739644970414201
"4963",0.0686813186813187,0.104395604395604,0.0686813186813187,0.0686813186813187,0.0865384615384616,0.0686813186813187,0.0686813186813187,0.0865384615384616,0.0865384615384616,0.0686813186813187,0.0865384615384616,0.0686813186813187,0.0686813186813187
"4794",0.0739644970414201,0.0739644970414201,0.0739644970414201,0.0931952662721894,0.0739644970414201,0.0739644970414201,0.0739644970414201,0.0739644970414201,0.0739644970414201,0.0739644970414201,0.0739644970414201,0.0739644970414201,0.0931952662721894
"7529",0.0600961538461538,0.0600961538461538,0.0757211538461539,0.0757211538461539,0.0600961538461538,0.0600961538461538,0.0600961538461538,0.0757211538461539,0.0600961538461538,0.0757211538461539,0.106971153846154,0.169471153846154,0.0600961538461538
"14080",0.0699300699300699,0.0699300699300699,0.106293706293706,0.0881118881118881,0.0699300699300699,0.0699300699300699,0.0699300699300699,0.0699300699300699,0.0699300699300699,0.0699300699300699,0.0699300699300699,0.0881118881118881,0.0881118881118881
"2191",0.126550868486352,0.0620347394540943,0.0620347394540943,0.0942928039702233,0.110421836228288,0.0620347394540943,0.0942928039702233,0.0620347394540943,0.0781637717121588,0.0620347394540943,0.0620347394540943,0.0620347394540943,0.0620347394540943
"11426",0.0754147812971342,0.0754147812971342,0.0754147812971342,0.0754147812971342,0.0754147812971342,0.0754147812971342,0.0754147812971342,0.0754147812971342,0.0950226244343891,0.0754147812971342,0.0754147812971342,0.0754147812971342,0.0754147812971342
"9657",0.0835543766578249,0.0663129973474801,0.0663129973474801,0.0663129973474801,0.0663129973474801,0.10079575596817,0.0663129973474801,0.0835543766578249,0.0663129973474801,0.0663129973474801,0.0835543766578249,0.118037135278515,0.0663129973474801
"5204",0.0651890482398957,0.0990873533246415,0.0651890482398957,0.0651890482398957,0.0651890482398957,0.0990873533246415,0.0651890482398957,0.0990873533246415,0.0821382007822686,0.0990873533246415,0.0651890482398957,0.0651890482398957,0.0651890482398957
"2567",0.0674763832658569,0.102564102564103,0.0674763832658569,0.0850202429149798,0.120107962213225,0.0674763832658569,0.0850202429149798,0.0674763832658569,0.0674763832658569,0.0674763832658569,0.0674763832658569,0.0674763832658569,0.0674763832658569
"4327",0.0725689404934688,0.0725689404934688,0.0914368650217707,0.0725689404934688,0.0725689404934688,0.0725689404934688,0.0914368650217707,0.0725689404934688,0.0725689404934688,0.0725689404934688,0.0914368650217707,0.0725689404934688,0.0725689404934688
"8496",0.0699300699300699,0.0699300699300699,0.0699300699300699,0.0699300699300699,0.0881118881118881,0.0699300699300699,0.106293706293706,0.0881118881118881,0.0881118881118881,0.0699300699300699,0.0699300699300699,0.0699300699300699,0.0699300699300699
"4791",0.0725689404934688,0.110304789550073,0.0725689404934688,0.0725689404934688,0.0725689404934688,0.0914368650217707,0.0725689404934688,0.0725689404934688,0.0725689404934688,0.0725689404934688,0.0725689404934688,0.0725689404934688,0.0725689404934688
"4715",0.0739644970414201,0.0739644970414201,0.0931952662721894,0.0739644970414201,0.0739644970414201,0.0739644970414201,0.0739644970414201,0.0739644970414201,0.0931952662721894,0.0739644970414201,0.0739644970414201,0.0739644970414201,0.0739644970414201
"1923",0.0699300699300699,0.124475524475524,0.0699300699300699,0.0699300699300699,0.0699300699300699,0.0699300699300699,0.0699300699300699,0.0699300699300699,0.0699300699300699,0.0881118881118881,0.0699300699300699,0.0699300699300699,0.0881118881118881
"4286",0.0865384615384616,0.0686813186813187,0.0865384615384616,0.104395604395604,0.0686813186813187,0.0686813186813187,0.0686813186813187,0.0686813186813187,0.0865384615384616,0.0686813186813187,0.0865384615384616,0.0686813186813187,0.0686813186813187
"4259",0.0754147812971342,0.0754147812971342,0.0754147812971342,0.0950226244343891,0.0754147812971342,0.0754147812971342,0.0754147812971342,0.0754147812971342,0.0754147812971342,0.0754147812971342,0.0754147812971342,0.0754147812971342,0.0754147812971342
"2667",0.0725689404934688,0.0725689404934688,0.0725689404934688,0.0725689404934688,0.0725689404934688,0.0725689404934688,0.0725689404934688,0.0725689404934688,0.0725689404934688,0.0914368650217707,0.0725689404934688,0.0725689404934688,0.110304789550073
"2072",0.0739644970414201,0.0739644970414201,0.0739644970414201,0.0739644970414201,0.0931952662721894,0.0739644970414201,0.0739644970414201,0.0739644970414201,0.0739644970414201,0.0931952662721894,0.0739644970414201,0.0739644970414201,0.0739644970414201
"1904",0.0850202429149798,0.0850202429149798,0.0674763832658569,0.0674763832658569,0.0674763832658569,0.0674763832658569,0.102564102564103,0.0674763832658569,0.0850202429149798,0.0674763832658569,0.0850202429149798,0.0850202429149798,0.0674763832658569
"13175",0.0725689404934688,0.0914368650217707,0.0725689404934688,0.0725689404934688,0.0725689404934688,0.0725689404934688,0.0725689404934688,0.0725689404934688,0.0725689404934688,0.0725689404934688,0.0914368650217707,0.0725689404934688,0.0914368650217707
"9170",0.0781637717121588,0.110421836228288,0.0781637717121588,0.0942928039702233,0.0620347394540943,0.0620347394540943,0.0620347394540943,0.0942928039702233,0.0942928039702233,0.0781637717121588,0.0620347394540943,0.0620347394540943,0.0620347394540943
"12011",0.0754147812971342,0.0754147812971342,0.0754147812971342,0.0754147812971342,0.0754147812971342,0.0754147812971342,0.0950226244343891,0.0754147812971342,0.0754147812971342,0.0754147812971342,0.0754147812971342,0.0754147812971342,0.0754147812971342
"10059",0.0699300699300699,0.0699300699300699,0.0881118881118881,0.0699300699300699,0.0699300699300699,0.0881118881118881,0.0699300699300699,0.0699300699300699,0.0699300699300699,0.0881118881118881,0.0881118881118881,0.0881118881118881,0.0699300699300699
"7106",0.0754147812971342,0.0754147812971342,0.0754147812971342,0.0754147812971342,0.0754147812971342,0.0754147812971342,0.0754147812971342,0.0754147812971342,0.0950226244343891,0.0754147812971342,0.0754147812971342,0.0754147812971342,0.0754147812971342
"9467",0.061050061050061,0.061050061050061,0.061050061050061,0.0769230769230769,0.108669108669109,0.0769230769230769,0.0769230769230769,0.0769230769230769,0.0769230769230769,0.0927960927960928,0.0927960927960928,0.0769230769230769,0.061050061050061
"7727",0.128205128205128,0.0557413600891862,0.0702341137123746,0.0557413600891862,0.084726867335563,0.0557413600891862,0.128205128205128,0.0557413600891862,0.0702341137123746,0.0992196209587514,0.0557413600891862,0.0702341137123746,0.0702341137123746
"7712",0.0745562130177515,0.0591715976331361,0.0745562130177515,0.0591715976331361,0.0899408284023669,0.0899408284023669,0.0745562130177515,0.0591715976331361,0.0899408284023669,0.0899408284023669,0.0745562130177515,0.0899408284023669,0.0745562130177515
"13773",0.0712250712250712,0.0712250712250712,0.0712250712250712,0.0897435897435898,0.0712250712250712,0.0712250712250712,0.0897435897435898,0.0712250712250712,0.0897435897435898,0.0897435897435898,0.0712250712250712,0.0712250712250712,0.0712250712250712
"8237",0.0699300699300699,0.0881118881118881,0.0699300699300699,0.0699300699300699,0.0699300699300699,0.0699300699300699,0.124475524475524,0.0881118881118881,0.0699300699300699,0.0699300699300699,0.0699300699300699,0.0699300699300699,0.0699300699300699
"8185",0.0699300699300699,0.0699300699300699,0.0699300699300699,0.0881118881118881,0.0699300699300699,0.0881118881118881,0.0699300699300699,0.0881118881118881,0.0699300699300699,0.0881118881118881,0.0881118881118881,0.0699300699300699,0.0699300699300699
"8007",0.0850202429149798,0.0674763832658569,0.0850202429149798,0.0674763832658569,0.102564102564103,0.0674763832658569,0.0674763832658569,0.0674763832658569,0.102564102564103,0.0674763832658569,0.0850202429149798,0.0674763832658569,0.0674763832658569
"9499",0.0754147812971342,0.0754147812971342,0.0754147812971342,0.0754147812971342,0.0754147812971342,0.0754147812971342,0.0754147812971342,0.0754147812971342,0.0950226244343891,0.0754147812971342,0.0754147812971342,0.0754147812971342,0.0754147812971342
"13088",0.0674763832658569,0.0850202429149798,0.102564102564103,0.0674763832658569,0.0674763832658569,0.0674763832658569,0.0674763832658569,0.0850202429149798,0.0850202429149798,0.0850202429149798,0.0674763832658569,0.0850202429149798,0.0674763832658569
"2907",0.0686813186813187,0.104395604395604,0.0686813186813187,0.0686813186813187,0.104395604395604,0.0686813186813187,0.0686813186813187,0.0686813186813187,0.0865384615384616,0.0865384615384616,0.0686813186813187,0.0686813186813187,0.0686813186813187
"6885",0.110421836228288,0.0620347394540943,0.0781637717121588,0.110421836228288,0.0620347394540943,0.0620347394540943,0.0620347394540943,0.0620347394540943,0.0781637717121588,0.0620347394540943,0.0781637717121588,0.110421836228288,0.0620347394540943
"13034",0.0865384615384616,0.0686813186813187,0.0686813186813187,0.0686813186813187,0.0865384615384616,0.0686813186813187,0.0686813186813187,0.0686813186813187,0.0686813186813187,0.0865384615384616,0.0686813186813187,0.0686813186813187,0.122252747252747
"9445",0.0663129973474801,0.0835543766578249,0.0663129973474801,0.0835543766578249,0.0663129973474801,0.0835543766578249,0.118037135278515,0.0663129973474801,0.10079575596817,0.0663129973474801,0.0663129973474801,0.0663129973474801,0.0663129973474801
"8458",0.0686813186813187,0.0686813186813187,0.0686813186813187,0.0865384615384616,0.0865384615384616,0.0686813186813187,0.0865384615384616,0.0865384615384616,0.0865384615384616,0.0686813186813187,0.0865384615384616,0.0686813186813187,0.0686813186813187
"11873",0.0725689404934688,0.0725689404934688,0.0725689404934688,0.0725689404934688,0.0725689404934688,0.0914368650217707,0.0725689404934688,0.0914368650217707,0.0725689404934688,0.0725689404934688,0.0725689404934688,0.0914368650217707,0.0725689404934688
"612",0.079002079002079,0.0654885654885655,0.0654885654885655,0.0654885654885655,0.0654885654885655,0.079002079002079,0.0654885654885655,0.051975051975052,0.11954261954262,0.106029106029106,0.051975051975052,0.0925155925155925,0.0925155925155925
"2068",0.0942928039702233,0.0620347394540943,0.110421836228288,0.0781637717121588,0.0781637717121588,0.0781637717121588,0.0781637717121588,0.0781637717121588,0.0620347394540943,0.0620347394540943,0.0781637717121588,0.0781637717121588,0.0620347394540943
"11890",0.0725689404934688,0.0725689404934688,0.0725689404934688,0.0914368650217707,0.0725689404934688,0.0725689404934688,0.0914368650217707,0.0914368650217707,0.0725689404934688,0.0725689404934688,0.0725689404934688,0.0725689404934688,0.0725689404934688
"4977",0.0699300699300699,0.0699300699300699,0.124475524475524,0.0699300699300699,0.0699300699300699,0.0699300699300699,0.0699300699300699,0.0699300699300699,0.0699300699300699,0.0881118881118881,0.0881118881118881,0.0699300699300699,0.0699300699300699
"5411",0.0739644970414201,0.0739644970414201,0.0739644970414201,0.0739644970414201,0.0739644970414201,0.0739644970414201,0.0739644970414201,0.0739644970414201,0.0931952662721894,0.0739644970414201,0.0739644970414201,0.0739644970414201,0.0931952662721894
"1609",0.0942928039702233,0.0620347394540943,0.0620347394540943,0.0781637717121588,0.0781637717121588,0.0620347394540943,0.0781637717121588,0.0620347394540943,0.0620347394540943,0.126550868486352,0.0620347394540943,0.0620347394540943,0.110421836228288
"4772",0.0865384615384616,0.0686813186813187,0.0686813186813187,0.104395604395604,0.0686813186813187,0.0865384615384616,0.0686813186813187,0.0686813186813187,0.0686813186813187,0.0686813186813187,0.0865384615384616,0.0865384615384616,0.0686813186813187
"5834",0.0777972027972028,0.0550699300699301,0.0550699300699301,0.0664335664335664,0.0550699300699301,0.111888111888112,0.0664335664335664,0.0891608391608392,0.0664335664335664,0.0550699300699301,0.0664335664335664,0.123251748251748,0.111888111888112
"1112",0.100678733031674,0.0712669683257919,0.100678733031674,0.0565610859728507,0.0712669683257919,0.0565610859728507,0.085972850678733,0.0565610859728507,0.0712669683257919,0.0565610859728507,0.0712669683257919,0.085972850678733,0.115384615384615
"8075",0.0620347394540943,0.0620347394540943,0.0620347394540943,0.0620347394540943,0.142679900744417,0.0620347394540943,0.0942928039702233,0.0781637717121588,0.126550868486352,0.0620347394540943,0.0620347394540943,0.0620347394540943,0.0620347394540943
"7690",0.0781637717121588,0.0620347394540943,0.0781637717121588,0.0781637717121588,0.0620347394540943,0.0620347394540943,0.0620347394540943,0.0942928039702233,0.110421836228288,0.0620347394540943,0.0781637717121588,0.0781637717121588,0.0942928039702233
"8329",0.0745562130177515,0.0745562130177515,0.0591715976331361,0.0591715976331361,0.0745562130177515,0.0591715976331361,0.0745562130177515,0.0745562130177515,0.0745562130177515,0.0899408284023669,0.0899408284023669,0.105325443786982,0.0899408284023669
"10949",0.0600961538461538,0.0913461538461539,0.0600961538461538,0.122596153846154,0.0757211538461539,0.0913461538461539,0.0757211538461539,0.0600961538461538,0.0757211538461539,0.0600961538461538,0.0600961538461538,0.0913461538461539,0.0757211538461539
"9628",0.0835543766578249,0.0663129973474801,0.0835543766578249,0.0835543766578249,0.0835543766578249,0.0835543766578249,0.10079575596817,0.0663129973474801,0.0663129973474801,0.0663129973474801,0.0663129973474801,0.0835543766578249,0.0663129973474801
"6603",0.0712250712250712,0.0712250712250712,0.0712250712250712,0.0712250712250712,0.0712250712250712,0.0712250712250712,0.0712250712250712,0.0712250712250712,0.0712250712250712,0.0897435897435898,0.0712250712250712,0.0712250712250712,0.126780626780627
"7499",0.061050061050061,0.108669108669109,0.0927960927960928,0.061050061050061,0.0769230769230769,0.0927960927960928,0.0927960927960928,0.0769230769230769,0.061050061050061,0.0927960927960928,0.061050061050061,0.061050061050061,0.061050061050061
"6331",0.106293706293706,0.0699300699300699,0.0699300699300699,0.0699300699300699,0.0699300699300699,0.0881118881118881,0.0699300699300699,0.0881118881118881,0.0699300699300699,0.0881118881118881,0.0699300699300699,0.0699300699300699,0.0699300699300699
"7730",0.087256027554535,0.0723306544202067,0.0574052812858783,0.0723306544202067,0.087256027554535,0.087256027554535,0.0723306544202067,0.087256027554535,0.0723306544202067,0.0574052812858783,0.117106773823192,0.0723306544202067,0.0574052812858783
"8958",0.0686813186813187,0.0686813186813187,0.0865384615384616,0.0686813186813187,0.122252747252747,0.0865384615384616,0.0686813186813187,0.0686813186813187,0.0865384615384616,0.0686813186813187,0.0686813186813187,0.0686813186813187,0.0686813186813187
"6188",0.0686813186813187,0.0686813186813187,0.0686813186813187,0.0686813186813187,0.0686813186813187,0.0865384615384616,0.0686813186813187,0.0686813186813187,0.0686813186813187,0.122252747252747,0.104395604395604,0.0686813186813187,0.0686813186813187
"4456",0.0754147812971342,0.0754147812971342,0.0754147812971342,0.0754147812971342,0.0754147812971342,0.0754147812971342,0.0754147812971342,0.0754147812971342,0.0754147812971342,0.0754147812971342,0.0950226244343891,0.0754147812971342,0.0754147812971342
"5996",0.061050061050061,0.124542124542125,0.061050061050061,0.061050061050061,0.0769230769230769,0.108669108669109,0.061050061050061,0.061050061050061,0.0769230769230769,0.108669108669109,0.061050061050061,0.061050061050061,0.0769230769230769
"9670",0.0725689404934688,0.0914368650217707,0.0725689404934688,0.0725689404934688,0.0725689404934688,0.0725689404934688,0.0725689404934688,0.0725689404934688,0.0914368650217707,0.0914368650217707,0.0725689404934688,0.0725689404934688,0.0725689404934688
"9620",0.0739644970414201,0.0739644970414201,0.0739644970414201,0.0739644970414201,0.0739644970414201,0.0931952662721894,0.0739644970414201,0.0739644970414201,0.0739644970414201,0.0739644970414201,0.0931952662721894,0.0739644970414201,0.0739644970414201
"13017",0.0897435897435898,0.0712250712250712,0.0712250712250712,0.0712250712250712,0.108262108262108,0.0712250712250712,0.0712250712250712,0.0712250712250712,0.0712250712250712,0.0897435897435898,0.0712250712250712,0.0712250712250712,0.0712250712250712
"2929",0.0807692307692308,0.0641025641025641,0.114102564102564,0.0807692307692308,0.0641025641025641,0.0641025641025641,0.0641025641025641,0.0641025641025641,0.0641025641025641,0.0974358974358975,0.114102564102564,0.0641025641025641,0.0641025641025641
"14081",0.0754147812971342,0.0754147812971342,0.0754147812971342,0.0754147812971342,0.0950226244343891,0.0754147812971342,0.0754147812971342,0.0754147812971342,0.0754147812971342,0.0754147812971342,0.0754147812971342,0.0754147812971342,0.0754147812971342
"8627",0.0651890482398957,0.0651890482398957,0.0821382007822686,0.0821382007822686,0.0821382007822686,0.0821382007822686,0.0651890482398957,0.132985658409387,0.0651890482398957,0.0651890482398957,0.0651890482398957,0.0651890482398957,0.0821382007822686
"12938",0.0754147812971342,0.0754147812971342,0.0754147812971342,0.0754147812971342,0.0754147812971342,0.0754147812971342,0.0950226244343891,0.0754147812971342,0.0754147812971342,0.0754147812971342,0.0754147812971342,0.0754147812971342,0.0754147812971342
"12993",0.0712250712250712,0.0897435897435898,0.0712250712250712,0.0897435897435898,0.0897435897435898,0.0712250712250712,0.0712250712250712,0.0897435897435898,0.0712250712250712,0.0712250712250712,0.0712250712250712,0.0712250712250712,0.0712250712250712
"8426",0.0974358974358975,0.0641025641025641,0.0807692307692308,0.0641025641025641,0.0641025641025641,0.0974358974358975,0.0641025641025641,0.0641025641025641,0.0807692307692308,0.114102564102564,0.0641025641025641,0.0807692307692308,0.0641025641025641
"3245",0.0712250712250712,0.0712250712250712,0.0712250712250712,0.0712250712250712,0.0712250712250712,0.0712250712250712,0.0712250712250712,0.0712250712250712,0.0897435897435898,0.0712250712250712,0.0712250712250712,0.0712250712250712,0.126780626780627
"2343",0.0686813186813187,0.0686813186813187,0.0865384615384616,0.0686813186813187,0.0686813186813187,0.0686813186813187,0.0686813186813187,0.0686813186813187,0.0686813186813187,0.104395604395604,0.0686813186813187,0.122252747252747,0.0686813186813187
"13720",0.0754147812971342,0.0754147812971342,0.0950226244343891,0.0754147812971342,0.0754147812971342,0.0754147812971342,0.0754147812971342,0.0754147812971342,0.0754147812971342,0.0754147812971342,0.0754147812971342,0.0754147812971342,0.0754147812971342
"5035",0.116036505867014,0.0651890482398957,0.0651890482398957,0.0651890482398957,0.0990873533246415,0.0651890482398957,0.0651890482398957,0.116036505867014,0.0651890482398957,0.0821382007822686,0.0651890482398957,0.0651890482398957,0.0651890482398957
"2978",0.118037135278515,0.0663129973474801,0.0835543766578249,0.0663129973474801,0.0835543766578249,0.0835543766578249,0.0663129973474801,0.0663129973474801,0.0663129973474801,0.0663129973474801,0.0663129973474801,0.0663129973474801,0.10079575596817
"12036",0.0712250712250712,0.126780626780627,0.0712250712250712,0.0712250712250712,0.0712250712250712,0.0712250712250712,0.0712250712250712,0.0712250712250712,0.0712250712250712,0.0897435897435898,0.0712250712250712,0.0712250712250712,0.0712250712250712
"4507",0.0686813186813187,0.0686813186813187,0.0865384615384616,0.0686813186813187,0.104395604395604,0.0686813186813187,0.0686813186813187,0.0686813186813187,0.104395604395604,0.0865384615384616,0.0686813186813187,0.0686813186813187,0.0686813186813187
"1301",0.0620347394540943,0.0942928039702233,0.0781637717121588,0.0620347394540943,0.0620347394540943,0.0781637717121588,0.0781637717121588,0.0620347394540943,0.0620347394540943,0.0942928039702233,0.0781637717121588,0.0620347394540943,0.126550868486352
"8942",0.0865384615384616,0.0865384615384616,0.0686813186813187,0.0686813186813187,0.0686813186813187,0.0865384615384616,0.104395604395604,0.0686813186813187,0.0865384615384616,0.0686813186813187,0.0686813186813187,0.0686813186813187,0.0686813186813187
"12331",0.0897435897435898,0.0712250712250712,0.0712250712250712,0.0712250712250712,0.0897435897435898,0.0897435897435898,0.0712250712250712,0.0897435897435898,0.0712250712250712,0.0712250712250712,0.0712250712250712,0.0712250712250712,0.0712250712250712
"3567",0.0674763832658569,0.0674763832658569,0.0674763832658569,0.0674763832658569,0.0674763832658569,0.0674763832658569,0.0674763832658569,0.0674763832658569,0.102564102564103,0.0674763832658569,0.0674763832658569,0.0674763832658569,0.155195681511471
"6801",0.0754147812971342,0.0754147812971342,0.0754147812971342,0.0950226244343891,0.0754147812971342,0.0754147812971342,0.0754147812971342,0.0754147812971342,0.0754147812971342,0.0754147812971342,0.0754147812971342,0.0754147812971342,0.0754147812971342
"3704",0.0699300699300699,0.0881118881118881,0.0699300699300699,0.0699300699300699,0.0881118881118881,0.0881118881118881,0.0699300699300699,0.0699300699300699,0.0699300699300699,0.0881118881118881,0.0699300699300699,0.0881118881118881,0.0699300699300699
"439",0.0549450549450549,0.0835164835164835,0.0835164835164835,0.0692307692307692,0.0692307692307692,0.126373626373626,0.112087912087912,0.0978021978021978,0.0692307692307692,0.0549450549450549,0.0549450549450549,0.0692307692307692,0.0549450549450549
"8518",0.0712669683257919,0.085972850678733,0.0565610859728507,0.100678733031674,0.0712669683257919,0.0712669683257919,0.085972850678733,0.085972850678733,0.115384615384615,0.0565610859728507,0.0712669683257919,0.0712669683257919,0.0565610859728507
"7325",0.0759240759240759,0.101898101898102,0.0629370629370629,0.0629370629370629,0.0629370629370629,0.04995004995005,0.127872127872128,0.127872127872128,0.0759240759240759,0.04995004995005,0.0759240759240759,0.0629370629370629,0.0629370629370629
"6654",0.0754147812971342,0.0754147812971342,0.0754147812971342,0.0754147812971342,0.0754147812971342,0.0754147812971342,0.0754147812971342,0.0754147812971342,0.0754147812971342,0.0754147812971342,0.0950226244343891,0.0754147812971342,0.0754147812971342
"1634",0.0600961538461538,0.106971153846154,0.0757211538461539,0.0600961538461538,0.0757211538461539,0.0913461538461539,0.0600961538461538,0.0757211538461539,0.0757211538461539,0.0600961538461538,0.0757211538461539,0.0757211538461539,0.106971153846154
"12080",0.0881118881118881,0.0881118881118881,0.0881118881118881,0.0699300699300699,0.0881118881118881,0.0699300699300699,0.0699300699300699,0.0881118881118881,0.0699300699300699,0.0699300699300699,0.0699300699300699,0.0699300699300699,0.0699300699300699
"2603",0.0651890482398957,0.0651890482398957,0.0651890482398957,0.0651890482398957,0.116036505867014,0.0651890482398957,0.0990873533246415,0.0651890482398957,0.0651890482398957,0.0651890482398957,0.0821382007822686,0.0821382007822686,0.0990873533246415
"7889",0.0600961538461538,0.106971153846154,0.0600961538461538,0.0600961538461538,0.106971153846154,0.0913461538461539,0.106971153846154,0.0913461538461539,0.0600961538461538,0.0600961538461538,0.0600961538461538,0.0757211538461539,0.0600961538461538
"1118",0.0674763832658569,0.0850202429149798,0.0850202429149798,0.0674763832658569,0.0674763832658569,0.0674763832658569,0.0674763832658569,0.102564102564103,0.0850202429149798,0.0850202429149798,0.0674763832658569,0.0674763832658569,0.0850202429149798
"6691",0.0739644970414201,0.0739644970414201,0.0931952662721894,0.0739644970414201,0.0739644970414201,0.0739644970414201,0.0739644970414201,0.0739644970414201,0.0739644970414201,0.0931952662721894,0.0739644970414201,0.0739644970414201,0.0739644970414201
"9778",0.0739644970414201,0.0931952662721894,0.0739644970414201,0.0739644970414201,0.0739644970414201,0.0739644970414201,0.0739644970414201,0.0739644970414201,0.0739644970414201,0.0931952662721894,0.0739644970414201,0.0739644970414201,0.0739644970414201
"1882",0.0821382007822686,0.0821382007822686,0.0651890482398957,0.0651890482398957,0.0821382007822686,0.0651890482398957,0.0651890482398957,0.0651890482398957,0.0651890482398957,0.0651890482398957,0.0821382007822686,0.0990873533246415,0.116036505867014
"10992",0.0739644970414201,0.0739644970414201,0.0739644970414201,0.0931952662721894,0.0739644970414201,0.0739644970414201,0.0739644970414201,0.0739644970414201,0.0739644970414201,0.0739644970414201,0.0739644970414201,0.0931952662721894,0.0739644970414201
"2850",0.0641025641025641,0.0641025641025641,0.0641025641025641,0.0641025641025641,0.0974358974358975,0.0641025641025641,0.0807692307692308,0.0807692307692308,0.0974358974358975,0.0641025641025641,0.0974358974358975,0.0641025641025641,0.0974358974358975
"8543",0.085972850678733,0.085972850678733,0.0712669683257919,0.085972850678733,0.0712669683257919,0.085972850678733,0.0565610859728507,0.100678733031674,0.085972850678733,0.0565610859728507,0.085972850678733,0.0712669683257919,0.0565610859728507
"7658",0.0745562130177515,0.0591715976331361,0.0899408284023669,0.0591715976331361,0.105325443786982,0.0745562130177515,0.0591715976331361,0.0591715976331361,0.136094674556213,0.0745562130177515,0.0745562130177515,0.0745562130177515,0.0591715976331361
"10863",0.0754147812971342,0.0754147812971342,0.0754147812971342,0.0950226244343891,0.0754147812971342,0.0754147812971342,0.0754147812971342,0.0754147812971342,0.0754147812971342,0.0754147812971342,0.0754147812971342,0.0754147812971342,0.0754147812971342
"6475",0.0754147812971342,0.0754147812971342,0.0754147812971342,0.0950226244343891,0.0754147812971342,0.0754147812971342,0.0754147812971342,0.0754147812971342,0.0754147812971342,0.0754147812971342,0.0754147812971342,0.0754147812971342,0.0754147812971342
"9536",0.0699300699300699,0.0881118881118881,0.0881118881118881,0.0699300699300699,0.0699300699300699,0.0699300699300699,0.0699300699300699,0.0699300699300699,0.0699300699300699,0.0881118881118881,0.0881118881118881,0.0699300699300699,0.0881118881118881
"10089",0.0699300699300699,0.0699300699300699,0.0699300699300699,0.0699300699300699,0.0881118881118881,0.0881118881118881,0.106293706293706,0.0699300699300699,0.0699300699300699,0.0699300699300699,0.0699300699300699,0.0881118881118881,0.0699300699300699
"5761",0.0931952662721894,0.0739644970414201,0.0739644970414201,0.0739644970414201,0.0739644970414201,0.0739644970414201,0.0739644970414201,0.0739644970414201,0.0931952662721894,0.0739644970414201,0.0739644970414201,0.0739644970414201,0.0739644970414201
"13242",0.0699300699300699,0.0881118881118881,0.0881118881118881,0.0699300699300699,0.0881118881118881,0.0699300699300699,0.0881118881118881,0.0699300699300699,0.0699300699300699,0.0881118881118881,0.0699300699300699,0.0699300699300699,0.0699300699300699
"7439",0.0781637717121588,0.0781637717121588,0.0620347394540943,0.0781637717121588,0.0620347394540943,0.0942928039702233,0.0620347394540943,0.0620347394540943,0.0620347394540943,0.110421836228288,0.110421836228288,0.0781637717121588,0.0620347394540943
"12680",0.0630517023959647,0.0794451450189155,0.0630517023959647,0.0630517023959647,0.0794451450189155,0.0630517023959647,0.112232030264817,0.0958385876418663,0.0630517023959647,0.0630517023959647,0.0794451450189155,0.0958385876418663,0.0794451450189155
"5265",0.0749756572541383,0.0876338851022395,0.062317429406037,0.0559883154819864,0.0243427458617332,0.347127555988315,0.0370009737098345,0.0496592015579357,0.0243427458617332,0.119279454722493,0.062317429406037,0.0243427458617332,0.0306718597857838
"13127",0.0712250712250712,0.0712250712250712,0.0712250712250712,0.0712250712250712,0.108262108262108,0.0712250712250712,0.0897435897435898,0.0712250712250712,0.0897435897435898,0.0712250712250712,0.0712250712250712,0.0712250712250712,0.0712250712250712
"12094",0.0739644970414201,0.0739644970414201,0.0739644970414201,0.0931952662721894,0.0739644970414201,0.0739644970414201,0.0739644970414201,0.0739644970414201,0.0739644970414201,0.0931952662721894,0.0739644970414201,0.0739644970414201,0.0739644970414201
"8584",0.0835543766578249,0.0835543766578249,0.0663129973474801,0.0663129973474801,0.0663129973474801,0.118037135278515,0.0663129973474801,0.0835543766578249,0.0663129973474801,0.0835543766578249,0.0663129973474801,0.0835543766578249,0.0663129973474801
"10737",0.0674763832658569,0.0674763832658569,0.120107962213225,0.0850202429149798,0.0674763832658569,0.0674763832658569,0.0850202429149798,0.0850202429149798,0.0850202429149798,0.0674763832658569,0.0674763832658569,0.0674763832658569,0.0674763832658569
"11965",0.0699300699300699,0.106293706293706,0.0881118881118881,0.0699300699300699,0.0699300699300699,0.0699300699300699,0.0699300699300699,0.0881118881118881,0.0699300699300699,0.0881118881118881,0.0699300699300699,0.0699300699300699,0.0699300699300699
"2766",0.0663129973474801,0.0835543766578249,0.0835543766578249,0.0835543766578249,0.0663129973474801,0.0663129973474801,0.0663129973474801,0.0663129973474801,0.0663129973474801,0.0663129973474801,0.135278514588859,0.0835543766578249,0.0663129973474801
"6668",0.0931952662721894,0.0739644970414201,0.0739644970414201,0.0739644970414201,0.0739644970414201,0.0739644970414201,0.0739644970414201,0.0739644970414201,0.0931952662721894,0.0739644970414201,0.0739644970414201,0.0739644970414201,0.0739644970414201
"13385",0.0754147812971342,0.0950226244343891,0.0754147812971342,0.0754147812971342,0.0754147812971342,0.0754147812971342,0.0754147812971342,0.0754147812971342,0.0754147812971342,0.0754147812971342,0.0754147812971342,0.0754147812971342,0.0754147812971342
"13225",0.0699300699300699,0.0699300699300699,0.0699300699300699,0.0881118881118881,0.0699300699300699,0.0699300699300699,0.0699300699300699,0.106293706293706,0.0881118881118881,0.0699300699300699,0.0699300699300699,0.0699300699300699,0.0881118881118881
"11765",0.0850202429149798,0.0674763832658569,0.0850202429149798,0.0674763832658569,0.102564102564103,0.0850202429149798,0.0674763832658569,0.0674763832658569,0.0674763832658569,0.0674763832658569,0.0674763832658569,0.0850202429149798,0.0850202429149798
"1969",0.0885780885780886,0.0734265734265734,0.0734265734265734,0.0582750582750583,0.0734265734265734,0.0885780885780886,0.0582750582750583,0.0734265734265734,0.118881118881119,0.0734265734265734,0.0582750582750583,0.0734265734265734,0.0885780885780886
"3964",0.0739644970414201,0.0739644970414201,0.0739644970414201,0.0739644970414201,0.0739644970414201,0.0931952662721894,0.0739644970414201,0.0739644970414201,0.0739644970414201,0.0739644970414201,0.0739644970414201,0.0739644970414201,0.0931952662721894
"12471",0.20066889632107,0.0702341137123746,0.0992196209587514,0.0702341137123746,0.0557413600891862,0.0557413600891862,0.0557413600891862,0.0702341137123746,0.0557413600891862,0.0557413600891862,0.0992196209587514,0.0557413600891862,0.0557413600891862
"10768",0.104395604395604,0.0686813186813187,0.0686813186813187,0.0865384615384616,0.0686813186813187,0.0686813186813187,0.0686813186813187,0.0686813186813187,0.0686813186813187,0.0865384615384616,0.0686813186813187,0.104395604395604,0.0686813186813187
"2268",0.061050061050061,0.0769230769230769,0.061050061050061,0.108669108669109,0.0769230769230769,0.061050061050061,0.0927960927960928,0.108669108669109,0.0927960927960928,0.061050061050061,0.061050061050061,0.0769230769230769,0.061050061050061
"11213",0.0739644970414201,0.0739644970414201,0.0931952662721894,0.0739644970414201,0.0739644970414201,0.0931952662721894,0.0739644970414201,0.0739644970414201,0.0739644970414201,0.0739644970414201,0.0739644970414201,0.0739644970414201,0.0739644970414201
"8217",0.0865384615384616,0.0686813186813187,0.0686813186813187,0.0686813186813187,0.104395604395604,0.0686813186813187,0.122252747252747,0.0686813186813187,0.0686813186813187,0.0686813186813187,0.0686813186813187,0.0686813186813187,0.0686813186813187
"6425",0.0712250712250712,0.0712250712250712,0.0897435897435898,0.0712250712250712,0.0712250712250712,0.0712250712250712,0.0897435897435898,0.0712250712250712,0.0897435897435898,0.0897435897435898,0.0712250712250712,0.0712250712250712,0.0712250712250712
"6103",0.0663129973474801,0.0663129973474801,0.0663129973474801,0.0835543766578249,0.0663129973474801,0.0663129973474801,0.0663129973474801,0.10079575596817,0.0663129973474801,0.135278514588859,0.0835543766578249,0.0663129973474801,0.0663129973474801
"9743",0.0712250712250712,0.0897435897435898,0.0897435897435898,0.0897435897435898,0.0712250712250712,0.0712250712250712,0.0712250712250712,0.0897435897435898,0.0712250712250712,0.0712250712250712,0.0712250712250712,0.0712250712250712,0.0712250712250712
"10678",0.0754147812971342,0.0754147812971342,0.0754147812971342,0.0754147812971342,0.0754147812971342,0.0754147812971342,0.0754147812971342,0.0754147812971342,0.0754147812971342,0.0754147812971342,0.0754147812971342,0.0754147812971342,0.0950226244343891
"12222",0.106971153846154,0.0600961538461538,0.0600961538461538,0.0600961538461538,0.106971153846154,0.0600961538461538,0.0600961538461538,0.0757211538461539,0.0600961538461538,0.0913461538461539,0.106971153846154,0.0913461538461539,0.0600961538461538
"10925",0.0725689404934688,0.0725689404934688,0.0725689404934688,0.0914368650217707,0.0725689404934688,0.0725689404934688,0.0725689404934688,0.0725689404934688,0.0725689404934688,0.0914368650217707,0.0914368650217707,0.0725689404934688,0.0725689404934688
"5848",0.0673076923076923,0.0534188034188034,0.0950854700854701,0.0673076923076923,0.0811965811965812,0.0811965811965812,0.0811965811965812,0.0673076923076923,0.0811965811965812,0.108974358974359,0.0811965811965812,0.0534188034188034,0.0811965811965812
"169",0.0526870389884089,0.0800842992623815,0.0526870389884089,0.0526870389884089,0.0937829293993678,0.0937829293993678,0.0526870389884089,0.0800842992623815,0.0663856691253952,0.0800842992623815,0.107481559536354,0.0800842992623815,0.107481559536354
"12069",0.0754147812971342,0.0754147812971342,0.0754147812971342,0.0950226244343891,0.0754147812971342,0.0754147812971342,0.0754147812971342,0.0754147812971342,0.0754147812971342,0.0754147812971342,0.0754147812971342,0.0754147812971342,0.0754147812971342
"9337",0.0674763832658569,0.0674763832658569,0.102564102564103,0.0674763832658569,0.0674763832658569,0.0674763832658569,0.102564102564103,0.0674763832658569,0.0674763832658569,0.102564102564103,0.0674763832658569,0.0674763832658569,0.0850202429149798
"1295",0.136094674556213,0.0745562130177515,0.105325443786982,0.0745562130177515,0.0745562130177515,0.0591715976331361,0.0591715976331361,0.0591715976331361,0.0745562130177515,0.0591715976331361,0.0899408284023669,0.0745562130177515,0.0591715976331361
"4337",0.0674763832658569,0.102564102564103,0.0674763832658569,0.0850202429149798,0.102564102564103,0.0674763832658569,0.0674763832658569,0.0674763832658569,0.0850202429149798,0.0850202429149798,0.0674763832658569,0.0674763832658569,0.0674763832658569
"2524",0.0663129973474801,0.0663129973474801,0.0835543766578249,0.0663129973474801,0.0835543766578249,0.0663129973474801,0.0835543766578249,0.0663129973474801,0.10079575596817,0.0663129973474801,0.0663129973474801,0.0663129973474801,0.118037135278515
"8753",0.0835164835164835,0.0692307692307692,0.0692307692307692,0.0692307692307692,0.0549450549450549,0.112087912087912,0.0549450549450549,0.0978021978021978,0.0692307692307692,0.0549450549450549,0.0835164835164835,0.0978021978021978,0.0835164835164835
"12129",0.0725689404934688,0.0725689404934688,0.0914368650217707,0.0725689404934688,0.0725689404934688,0.0725689404934688,0.110304789550073,0.0725689404934688,0.0725689404934688,0.0725689404934688,0.0725689404934688,0.0725689404934688,0.0725689404934688
"10323",0.0699300699300699,0.0699300699300699,0.0699300699300699,0.0881118881118881,0.0881118881118881,0.0699300699300699,0.0881118881118881,0.0699300699300699,0.0699300699300699,0.0881118881118881,0.0699300699300699,0.0881118881118881,0.0699300699300699
"13105",0.0699300699300699,0.124475524475524,0.0699300699300699,0.0699300699300699,0.0699300699300699,0.0699300699300699,0.0699300699300699,0.0699300699300699,0.0881118881118881,0.0699300699300699,0.0699300699300699,0.0881118881118881,0.0699300699300699
"11232",0.0739644970414201,0.0931952662721894,0.0739644970414201,0.0739644970414201,0.0739644970414201,0.0739644970414201,0.0739644970414201,0.0739644970414201,0.0739644970414201,0.0931952662721894,0.0739644970414201,0.0739644970414201,0.0739644970414201
"4046",0.0754147812971342,0.0754147812971342,0.0754147812971342,0.0950226244343891,0.0754147812971342,0.0754147812971342,0.0754147812971342,0.0754147812971342,0.0754147812971342,0.0754147812971342,0.0754147812971342,0.0754147812971342,0.0754147812971342
"10732",0.0754147812971342,0.0754147812971342,0.0754147812971342,0.0950226244343891,0.0754147812971342,0.0754147812971342,0.0754147812971342,0.0754147812971342,0.0754147812971342,0.0754147812971342,0.0754147812971342,0.0754147812971342,0.0754147812971342
"2566",0.0641025641025641,0.0807692307692308,0.0807692307692308,0.0641025641025641,0.0807692307692308,0.0641025641025641,0.0641025641025641,0.0641025641025641,0.0807692307692308,0.0641025641025641,0.0974358974358975,0.0641025641025641,0.130769230769231
"1259",0.0723306544202067,0.0723306544202067,0.087256027554535,0.102181400688863,0.0574052812858783,0.087256027554535,0.0723306544202067,0.0574052812858783,0.0574052812858783,0.13203214695752,0.0574052812858783,0.0723306544202067,0.0723306544202067
"57",0.0937829293993678,0.0526870389884089,0.107481559536354,0.162276080084299,0.0663856691253952,0.0526870389884089,0.0526870389884089,0.0526870389884089,0.0663856691253952,0.0526870389884089,0.0937829293993678,0.0800842992623815,0.0663856691253952
"12449",0.0549450549450549,0.0549450549450549,0.212087912087912,0.0549450549450549,0.0692307692307692,0.0692307692307692,0.0692307692307692,0.0549450549450549,0.0549450549450549,0.0692307692307692,0.112087912087912,0.0549450549450549,0.0692307692307692
"11663",0.0712250712250712,0.0897435897435898,0.0712250712250712,0.0897435897435898,0.0712250712250712,0.0712250712250712,0.0897435897435898,0.0712250712250712,0.0712250712250712,0.0897435897435898,0.0712250712250712,0.0712250712250712,0.0712250712250712
"1948",0.0712250712250712,0.0712250712250712,0.0712250712250712,0.0712250712250712,0.0897435897435898,0.0712250712250712,0.0712250712250712,0.0712250712250712,0.0712250712250712,0.0897435897435898,0.108262108262108,0.0712250712250712,0.0712250712250712
"2960",0.0686813186813187,0.0686813186813187,0.0686813186813187,0.104395604395604,0.0686813186813187,0.0686813186813187,0.104395604395604,0.0686813186813187,0.0865384615384616,0.0865384615384616,0.0686813186813187,0.0686813186813187,0.0686813186813187
"7251",0.0403846153846154,0.0820512820512821,0.0403846153846154,0.0653846153846154,0.0653846153846154,0.123717948717949,0.0570512820512821,0.0487179487179487,0.107051282051282,0.0653846153846154,0.0403846153846154,0.215384615384615,0.0487179487179487
"4601",0.0754147812971342,0.0754147812971342,0.0754147812971342,0.0754147812971342,0.0754147812971342,0.0754147812971342,0.0754147812971342,0.0754147812971342,0.0754147812971342,0.0950226244343891,0.0754147812971342,0.0754147812971342,0.0754147812971342
"2228",0.0754147812971342,0.0754147812971342,0.0754147812971342,0.0754147812971342,0.0754147812971342,0.0754147812971342,0.0754147812971342,0.0754147812971342,0.0754147812971342,0.0754147812971342,0.0754147812971342,0.0754147812971342,0.0950226244343891
"497",0.0725689404934688,0.0725689404934688,0.0725689404934688,0.0914368650217707,0.0725689404934688,0.0725689404934688,0.0725689404934688,0.0725689404934688,0.0725689404934688,0.110304789550073,0.0725689404934688,0.0725689404934688,0.0725689404934688
"10283",0.0686813186813187,0.0686813186813187,0.0865384615384616,0.0865384615384616,0.104395604395604,0.0686813186813187,0.0865384615384616,0.0865384615384616,0.0686813186813187,0.0686813186813187,0.0686813186813187,0.0686813186813187,0.0686813186813187
"12465",0.0582750582750583,0.0734265734265734,0.0582750582750583,0.0734265734265734,0.0885780885780886,0.0582750582750583,0.0582750582750583,0.0582750582750583,0.0582750582750583,0.103729603729604,0.118881118881119,0.0734265734265734,0.118881118881119
"266",0.0590994371482176,0.0712945590994372,0.0956848030018762,0.0590994371482176,0.0956848030018762,0.0590994371482176,0.0712945590994372,0.0469043151969981,0.0469043151969981,0.156660412757974,0.0834896810506567,0.0834896810506567,0.0712945590994372
"13638",0.0739644970414201,0.0739644970414201,0.0739644970414201,0.0739644970414201,0.0739644970414201,0.0739644970414201,0.0739644970414201,0.0739644970414201,0.0739644970414201,0.112426035502959,0.0739644970414201,0.0739644970414201,0.0739644970414201
"12907",0.0663129973474801,0.0663129973474801,0.118037135278515,0.0663129973474801,0.0663129973474801,0.0663129973474801,0.10079575596817,0.0663129973474801,0.0663129973474801,0.0835543766578249,0.0835543766578249,0.0835543766578249,0.0663129973474801
"11345",0.0686813186813187,0.0686813186813187,0.104395604395604,0.0686813186813187,0.0686813186813187,0.0686813186813187,0.0686813186813187,0.0686813186813187,0.0686813186813187,0.0686813186813187,0.122252747252747,0.0865384615384616,0.0686813186813187
"3887",0.0686813186813187,0.0686813186813187,0.0686813186813187,0.0865384615384616,0.0865384615384616,0.0686813186813187,0.104395604395604,0.0865384615384616,0.0865384615384616,0.0686813186813187,0.0686813186813187,0.0686813186813187,0.0686813186813187
"813",0.0723306544202067,0.0574052812858783,0.102181400688863,0.0574052812858783,0.117106773823192,0.0723306544202067,0.0723306544202067,0.087256027554535,0.0723306544202067,0.0574052812858783,0.0723306544202067,0.102181400688863,0.0574052812858783
"10096",0.0881118881118881,0.0699300699300699,0.0699300699300699,0.106293706293706,0.0881118881118881,0.0699300699300699,0.0881118881118881,0.0699300699300699,0.0699300699300699,0.0699300699300699,0.0699300699300699,0.0699300699300699,0.0699300699300699
"6449",0.0725689404934688,0.0725689404934688,0.0725689404934688,0.0725689404934688,0.0914368650217707,0.0725689404934688,0.0725689404934688,0.0725689404934688,0.0725689404934688,0.110304789550073,0.0725689404934688,0.0725689404934688,0.0725689404934688
"853",0.0620347394540943,0.0620347394540943,0.0942928039702233,0.0781637717121588,0.0781637717121588,0.0620347394540943,0.0620347394540943,0.0781637717121588,0.110421836228288,0.0620347394540943,0.0620347394540943,0.0942928039702233,0.0942928039702233
"8736",0.0781637717121588,0.0781637717121588,0.0781637717121588,0.0620347394540943,0.126550868486352,0.0620347394540943,0.0942928039702233,0.0620347394540943,0.0942928039702233,0.0620347394540943,0.0781637717121588,0.0620347394540943,0.0620347394540943
"8781",0.0641025641025641,0.0641025641025641,0.0807692307692308,0.0807692307692308,0.0641025641025641,0.0641025641025641,0.0974358974358975,0.130769230769231,0.0641025641025641,0.0641025641025641,0.0807692307692308,0.0807692307692308,0.0641025641025641
"5569",0.0702341137123746,0.0992196209587514,0.0557413600891862,0.0557413600891862,0.0992196209587514,0.0992196209587514,0.0557413600891862,0.084726867335563,0.157190635451505,0.0557413600891862,0.0557413600891862,0.0557413600891862,0.0557413600891862
"3504",0.0699300699300699,0.0881118881118881,0.0699300699300699,0.0699300699300699,0.0699300699300699,0.0699300699300699,0.0699300699300699,0.0699300699300699,0.0881118881118881,0.0699300699300699,0.0881118881118881,0.0699300699300699,0.106293706293706
"2988",0.0686813186813187,0.104395604395604,0.104395604395604,0.0686813186813187,0.0686813186813187,0.0686813186813187,0.0865384615384616,0.0686813186813187,0.0686813186813187,0.0686813186813187,0.0686813186813187,0.0865384615384616,0.0686813186813187
"3686",0.0620347394540943,0.0942928039702233,0.0781637717121588,0.0781637717121588,0.0620347394540943,0.0620347394540943,0.0942928039702233,0.0942928039702233,0.0781637717121588,0.0620347394540943,0.0620347394540943,0.110421836228288,0.0620347394540943
"1224",0.0850202429149798,0.0850202429149798,0.0674763832658569,0.0674763832658569,0.0850202429149798,0.0674763832658569,0.0674763832658569,0.0674763832658569,0.0674763832658569,0.102564102564103,0.0850202429149798,0.0674763832658569,0.0850202429149798
"1708",0.0582750582750583,0.103729603729604,0.0582750582750583,0.0582750582750583,0.0734265734265734,0.0582750582750583,0.0885780885780886,0.0885780885780886,0.134032634032634,0.0582750582750583,0.0734265734265734,0.0885780885780886,0.0582750582750583
"10606",0.061050061050061,0.061050061050061,0.061050061050061,0.061050061050061,0.108669108669109,0.124542124542125,0.061050061050061,0.124542124542125,0.0927960927960928,0.061050061050061,0.061050061050061,0.061050061050061,0.061050061050061
"9771",0.0739644970414201,0.0739644970414201,0.0931952662721894,0.0739644970414201,0.0739644970414201,0.0739644970414201,0.0739644970414201,0.0931952662721894,0.0739644970414201,0.0739644970414201,0.0739644970414201,0.0739644970414201,0.0739644970414201
"4079",0.0754147812971342,0.0754147812971342,0.0754147812971342,0.0754147812971342,0.0950226244343891,0.0754147812971342,0.0754147812971342,0.0754147812971342,0.0754147812971342,0.0754147812971342,0.0754147812971342,0.0754147812971342,0.0754147812971342
"11257",0.0754147812971342,0.0754147812971342,0.0754147812971342,0.0754147812971342,0.0950226244343891,0.0754147812971342,0.0754147812971342,0.0754147812971342,0.0754147812971342,0.0754147812971342,0.0754147812971342,0.0754147812971342,0.0754147812971342
"7067",0.0493096646942801,0.0877712031558185,0.0493096646942801,0.0621301775147929,0.0749506903353057,0.100591715976331,0.0749506903353057,0.0621301775147929,0.0749506903353057,0.126232741617357,0.0877712031558185,0.0493096646942801,0.100591715976331
"4359",0.0739644970414201,0.0739644970414201,0.0739644970414201,0.0739644970414201,0.0739644970414201,0.0739644970414201,0.0739644970414201,0.0739644970414201,0.0739644970414201,0.0739644970414201,0.112426035502959,0.0739644970414201,0.0739644970414201
"10927",0.0699300699300699,0.0881118881118881,0.0699300699300699,0.0881118881118881,0.0881118881118881,0.0699300699300699,0.0699300699300699,0.0699300699300699,0.0699300699300699,0.0881118881118881,0.0881118881118881,0.0699300699300699,0.0699300699300699
"12954",0.0725689404934688,0.0725689404934688,0.0725689404934688,0.0725689404934688,0.0914368650217707,0.0725689404934688,0.0725689404934688,0.0725689404934688,0.0725689404934688,0.0914368650217707,0.0914368650217707,0.0725689404934688,0.0725689404934688
"7865",0.0734265734265734,0.0734265734265734,0.0734265734265734,0.0582750582750583,0.0734265734265734,0.103729603729604,0.0734265734265734,0.0582750582750583,0.0582750582750583,0.149184149184149,0.0734265734265734,0.0582750582750583,0.0734265734265734
"2127",0.0674763832658569,0.102564102564103,0.0850202429149798,0.120107962213225,0.0674763832658569,0.0674763832658569,0.0674763832658569,0.0850202429149798,0.0674763832658569,0.0674763832658569,0.0674763832658569,0.0674763832658569,0.0674763832658569
"4294",0.0897435897435898,0.0712250712250712,0.0897435897435898,0.0712250712250712,0.108262108262108,0.0712250712250712,0.0712250712250712,0.0712250712250712,0.0712250712250712,0.0712250712250712,0.0712250712250712,0.0712250712250712,0.0712250712250712
"11647",0.0754147812971342,0.0950226244343891,0.0754147812971342,0.0754147812971342,0.0754147812971342,0.0754147812971342,0.0754147812971342,0.0754147812971342,0.0754147812971342,0.0754147812971342,0.0754147812971342,0.0754147812971342,0.0754147812971342
"296",0.0630517023959647,0.0630517023959647,0.0794451450189155,0.0630517023959647,0.0630517023959647,0.0794451450189155,0.0794451450189155,0.0630517023959647,0.0794451450189155,0.128625472887768,0.0958385876418663,0.0794451450189155,0.0630517023959647
"7750",0.0565610859728507,0.0712669683257919,0.0712669683257919,0.100678733031674,0.100678733031674,0.100678733031674,0.0712669683257919,0.085972850678733,0.0565610859728507,0.0565610859728507,0.0565610859728507,0.115384615384615,0.0565610859728507
"1285",0.0574052812858783,0.0574052812858783,0.0723306544202067,0.0723306544202067,0.0723306544202067,0.161882893226177,0.0574052812858783,0.0723306544202067,0.0723306544202067,0.0723306544202067,0.0574052812858783,0.0723306544202067,0.102181400688863
"1302",0.087256027554535,0.102181400688863,0.0723306544202067,0.0723306544202067,0.0723306544202067,0.087256027554535,0.0723306544202067,0.0574052812858783,0.117106773823192,0.0723306544202067,0.0574052812858783,0.0574052812858783,0.0723306544202067
"14050",0.0641025641025641,0.0641025641025641,0.0641025641025641,0.0641025641025641,0.0641025641025641,0.0641025641025641,0.0641025641025641,0.0641025641025641,0.0641025641025641,0.0807692307692308,0.130769230769231,0.0974358974358975,0.114102564102564
"177",0.0515548281505728,0.104746317512275,0.0409165302782324,0.0728314238952537,0.0941080196399345,0.0621931260229133,0.104746317512275,0.0834697217675941,0.0941080196399345,0.0621931260229133,0.0515548281505728,0.0515548281505728,0.126022913256956
"6690",0.0739644970414201,0.0739644970414201,0.0739644970414201,0.0739644970414201,0.0931952662721894,0.0739644970414201,0.0739644970414201,0.0931952662721894,0.0739644970414201,0.0739644970414201,0.0739644970414201,0.0739644970414201,0.0739644970414201
"5152",0.14010989010989,0.0686813186813187,0.0865384615384616,0.0686813186813187,0.0865384615384616,0.0686813186813187,0.0686813186813187,0.0686813186813187,0.0686813186813187,0.0686813186813187,0.0686813186813187,0.0686813186813187,0.0686813186813187
"3320",0.0754147812971342,0.0754147812971342,0.0754147812971342,0.0754147812971342,0.0950226244343891,0.0754147812971342,0.0754147812971342,0.0754147812971342,0.0754147812971342,0.0754147812971342,0.0754147812971342,0.0754147812971342,0.0754147812971342
"10050",0.0725689404934688,0.0725689404934688,0.0725689404934688,0.0725689404934688,0.0914368650217707,0.0725689404934688,0.0914368650217707,0.0725689404934688,0.0725689404934688,0.0725689404934688,0.0914368650217707,0.0725689404934688,0.0725689404934688
"5347",0.0754147812971342,0.0754147812971342,0.0754147812971342,0.0754147812971342,0.0754147812971342,0.0754147812971342,0.0754147812971342,0.0754147812971342,0.0950226244343891,0.0754147812971342,0.0754147812971342,0.0754147812971342,0.0754147812971342
"12055",0.0990873533246415,0.0651890482398957,0.0651890482398957,0.0651890482398957,0.0821382007822686,0.0821382007822686,0.0821382007822686,0.0651890482398957,0.0821382007822686,0.0821382007822686,0.0821382007822686,0.0821382007822686,0.0651890482398957
"10894",0.0725689404934688,0.0914368650217707,0.0914368650217707,0.0725689404934688,0.0725689404934688,0.0725689404934688,0.0725689404934688,0.0725689404934688,0.0725689404934688,0.0725689404934688,0.0725689404934688,0.0725689404934688,0.0914368650217707
"5125",0.0835543766578249,0.0663129973474801,0.0835543766578249,0.10079575596817,0.10079575596817,0.0835543766578249,0.0663129973474801,0.0663129973474801,0.0663129973474801,0.0663129973474801,0.0663129973474801,0.0663129973474801,0.0835543766578249
"11449",0.0674763832658569,0.0850202429149798,0.0674763832658569,0.0674763832658569,0.0850202429149798,0.0674763832658569,0.0850202429149798,0.0674763832658569,0.0674763832658569,0.0674763832658569,0.0674763832658569,0.120107962213225,0.0850202429149798
"8737",0.0620347394540943,0.0620347394540943,0.0620347394540943,0.0781637717121588,0.0620347394540943,0.0781637717121588,0.126550868486352,0.0942928039702233,0.0942928039702233,0.0620347394540943,0.0620347394540943,0.0781637717121588,0.0781637717121588
"11254",0.0712250712250712,0.108262108262108,0.0712250712250712,0.0712250712250712,0.0897435897435898,0.0712250712250712,0.0712250712250712,0.0897435897435898,0.0712250712250712,0.0712250712250712,0.0712250712250712,0.0712250712250712,0.0712250712250712
"8729",0.0769230769230769,0.0927960927960928,0.0769230769230769,0.0769230769230769,0.061050061050061,0.108669108669109,0.061050061050061,0.0927960927960928,0.0769230769230769,0.061050061050061,0.0769230769230769,0.061050061050061,0.0769230769230769
"9622",0.0794451450189155,0.0794451450189155,0.0794451450189155,0.128625472887768,0.0630517023959647,0.0630517023959647,0.0794451450189155,0.0794451450189155,0.0794451450189155,0.0794451450189155,0.0630517023959647,0.0630517023959647,0.0630517023959647
"4717",0.0754147812971342,0.0754147812971342,0.0754147812971342,0.0950226244343891,0.0754147812971342,0.0754147812971342,0.0754147812971342,0.0754147812971342,0.0754147812971342,0.0754147812971342,0.0754147812971342,0.0754147812971342,0.0754147812971342
"3448",0.0850202429149798,0.0850202429149798,0.0850202429149798,0.0674763832658569,0.0674763832658569,0.0850202429149798,0.0674763832658569,0.0674763832658569,0.102564102564103,0.0850202429149798,0.0674763832658569,0.0674763832658569,0.0674763832658569
"11736",0.0754147812971342,0.0754147812971342,0.0754147812971342,0.0754147812971342,0.0754147812971342,0.0754147812971342,0.0754147812971342,0.0754147812971342,0.0950226244343891,0.0754147812971342,0.0754147812971342,0.0754147812971342,0.0754147812971342
"12311",0.0712250712250712,0.0712250712250712,0.0712250712250712,0.0897435897435898,0.0712250712250712,0.0712250712250712,0.0712250712250712,0.0712250712250712,0.0712250712250712,0.0712250712250712,0.0897435897435898,0.0897435897435898,0.0897435897435898
"9595",0.0686813186813187,0.0686813186813187,0.0686813186813187,0.104395604395604,0.0686813186813187,0.0686813186813187,0.0686813186813187,0.0686813186813187,0.0686813186813187,0.122252747252747,0.0865384615384616,0.0686813186813187,0.0686813186813187
"2503",0.0686813186813187,0.0865384615384616,0.0686813186813187,0.104395604395604,0.0865384615384616,0.0686813186813187,0.0865384615384616,0.0686813186813187,0.0686813186813187,0.0686813186813187,0.0686813186813187,0.0686813186813187,0.0865384615384616
"2110",0.061050061050061,0.0769230769230769,0.108669108669109,0.061050061050061,0.0769230769230769,0.061050061050061,0.0769230769230769,0.0769230769230769,0.061050061050061,0.14041514041514,0.0769230769230769,0.061050061050061,0.061050061050061
"7626",0.0574052812858783,0.087256027554535,0.0723306544202067,0.13203214695752,0.0723306544202067,0.0574052812858783,0.0574052812858783,0.102181400688863,0.102181400688863,0.0574052812858783,0.0723306544202067,0.0574052812858783,0.0723306544202067
"9215",0.0686813186813187,0.0865384615384616,0.0865384615384616,0.0865384615384616,0.0686813186813187,0.0686813186813187,0.0686813186813187,0.104395604395604,0.0686813186813187,0.0686813186813187,0.0865384615384616,0.0686813186813187,0.0686813186813187
"4903",0.0739644970414201,0.0739644970414201,0.0739644970414201,0.0739644970414201,0.0739644970414201,0.0739644970414201,0.0739644970414201,0.0739644970414201,0.0931952662721894,0.0931952662721894,0.0739644970414201,0.0739644970414201,0.0739644970414201
"7168",0.0600961538461538,0.0600961538461538,0.0600961538461538,0.0757211538461539,0.0600961538461538,0.0913461538461539,0.0757211538461539,0.0600961538461538,0.0600961538461538,0.138221153846154,0.106971153846154,0.0600961538461538,0.0913461538461539
"5742",0.0754147812971342,0.0754147812971342,0.0754147812971342,0.0950226244343891,0.0754147812971342,0.0754147812971342,0.0754147812971342,0.0754147812971342,0.0754147812971342,0.0754147812971342,0.0754147812971342,0.0754147812971342,0.0754147812971342
"11626",0.0725689404934688,0.0725689404934688,0.0725689404934688,0.0725689404934688,0.0725689404934688,0.0725689404934688,0.0725689404934688,0.129172714078374,0.0725689404934688,0.0725689404934688,0.0725689404934688,0.0725689404934688,0.0725689404934688
"3752",0.0821382007822686,0.0821382007822686,0.0651890482398957,0.0990873533246415,0.0651890482398957,0.0651890482398957,0.0651890482398957,0.0821382007822686,0.0651890482398957,0.0821382007822686,0.116036505867014,0.0651890482398957,0.0651890482398957
"2543",0.0651890482398957,0.0651890482398957,0.0821382007822686,0.0821382007822686,0.0651890482398957,0.0651890482398957,0.0651890482398957,0.0821382007822686,0.0990873533246415,0.0651890482398957,0.0651890482398957,0.0651890482398957,0.132985658409387
"1681",0.0620347394540943,0.0781637717121588,0.0620347394540943,0.110421836228288,0.0781637717121588,0.0620347394540943,0.0781637717121588,0.0781637717121588,0.0781637717121588,0.0781637717121588,0.0942928039702233,0.0781637717121588,0.0620347394540943
"4851",0.0686813186813187,0.104395604395604,0.104395604395604,0.0686813186813187,0.0686813186813187,0.0686813186813187,0.0686813186813187,0.104395604395604,0.0686813186813187,0.0686813186813187,0.0686813186813187,0.0686813186813187,0.0686813186813187
"9819",0.0674763832658569,0.0674763832658569,0.0674763832658569,0.0850202429149798,0.0850202429149798,0.0674763832658569,0.0674763832658569,0.102564102564103,0.102564102564103,0.0850202429149798,0.0674763832658569,0.0674763832658569,0.0674763832658569
"14305",0.108262108262108,0.0712250712250712,0.0712250712250712,0.0712250712250712,0.0712250712250712,0.0712250712250712,0.0712250712250712,0.0712250712250712,0.0897435897435898,0.0897435897435898,0.0712250712250712,0.0712250712250712,0.0712250712250712
"6435",0.0725689404934688,0.110304789550073,0.0725689404934688,0.0725689404934688,0.0914368650217707,0.0725689404934688,0.0725689404934688,0.0725689404934688,0.0725689404934688,0.0725689404934688,0.0725689404934688,0.0725689404934688,0.0725689404934688
"4080",0.0781637717121588,0.0781637717121588,0.0620347394540943,0.0942928039702233,0.0781637717121588,0.0620347394540943,0.0620347394540943,0.0781637717121588,0.0781637717121588,0.0620347394540943,0.0620347394540943,0.110421836228288,0.0942928039702233
"5906",0.0734265734265734,0.0582750582750583,0.0582750582750583,0.0885780885780886,0.0734265734265734,0.0582750582750583,0.0582750582750583,0.0582750582750583,0.0885780885780886,0.0885780885780886,0.0885780885780886,0.0885780885780886,0.118881118881119
"12856",0.0850202429149798,0.0674763832658569,0.0850202429149798,0.0674763832658569,0.0850202429149798,0.0850202429149798,0.0674763832658569,0.0850202429149798,0.102564102564103,0.0674763832658569,0.0674763832658569,0.0674763832658569,0.0674763832658569
"13986",0.0958385876418663,0.0794451450189155,0.0794451450189155,0.0630517023959647,0.112232030264817,0.0630517023959647,0.0794451450189155,0.0630517023959647,0.0630517023959647,0.0630517023959647,0.0794451450189155,0.0794451450189155,0.0794451450189155
"65",0.0506072874493927,0.129554655870445,0.0769230769230769,0.0637651821862348,0.0506072874493927,0.0769230769230769,0.0637651821862348,0.0769230769230769,0.0769230769230769,0.090080971659919,0.0506072874493927,0.0637651821862348,0.129554655870445
"9326",0.0582750582750583,0.0582750582750583,0.0734265734265734,0.103729603729604,0.0885780885780886,0.103729603729604,0.0734265734265734,0.0885780885780886,0.0734265734265734,0.0734265734265734,0.0582750582750583,0.0885780885780886,0.0582750582750583
"9569",0.0821382007822686,0.116036505867014,0.0821382007822686,0.0651890482398957,0.0990873533246415,0.0651890482398957,0.0651890482398957,0.0651890482398957,0.0651890482398957,0.0651890482398957,0.0821382007822686,0.0821382007822686,0.0651890482398957
"4145",0.0699300699300699,0.0699300699300699,0.0699300699300699,0.0881118881118881,0.0699300699300699,0.0881118881118881,0.0699300699300699,0.0699300699300699,0.0881118881118881,0.0699300699300699,0.0699300699300699,0.0699300699300699,0.106293706293706
"5334",0.0641025641025641,0.0807692307692308,0.0641025641025641,0.0641025641025641,0.0974358974358975,0.0641025641025641,0.0807692307692308,0.0641025641025641,0.0641025641025641,0.0641025641025641,0.0641025641025641,0.0807692307692308,0.147435897435897
"13678",0.0754147812971342,0.0754147812971342,0.0754147812971342,0.0754147812971342,0.0754147812971342,0.0754147812971342,0.0754147812971342,0.0754147812971342,0.0950226244343891,0.0754147812971342,0.0754147812971342,0.0754147812971342,0.0754147812971342
"3542",0.0739644970414201,0.0739644970414201,0.0739644970414201,0.0739644970414201,0.0739644970414201,0.0739644970414201,0.0739644970414201,0.0739644970414201,0.0931952662721894,0.0931952662721894,0.0739644970414201,0.0739644970414201,0.0739644970414201
"7966",0.0674763832658569,0.0674763832658569,0.0850202429149798,0.0674763832658569,0.0850202429149798,0.120107962213225,0.0850202429149798,0.0674763832658569,0.0850202429149798,0.0674763832658569,0.0674763832658569,0.0674763832658569,0.0674763832658569
"6899",0.0739644970414201,0.0739644970414201,0.0739644970414201,0.0739644970414201,0.0739644970414201,0.0931952662721894,0.0739644970414201,0.0931952662721894,0.0739644970414201,0.0739644970414201,0.0739644970414201,0.0739644970414201,0.0739644970414201
"4619",0.0712250712250712,0.0897435897435898,0.0712250712250712,0.0712250712250712,0.0897435897435898,0.0712250712250712,0.0712250712250712,0.0897435897435898,0.0712250712250712,0.0712250712250712,0.0712250712250712,0.0712250712250712,0.0897435897435898
"4397",0.0931952662721894,0.0739644970414201,0.0739644970414201,0.0739644970414201,0.0739644970414201,0.0739644970414201,0.0739644970414201,0.0739644970414201,0.0739644970414201,0.0931952662721894,0.0739644970414201,0.0739644970414201,0.0739644970414201
"10412",0.0897435897435898,0.0897435897435898,0.0712250712250712,0.0712250712250712,0.0712250712250712,0.0897435897435898,0.0712250712250712,0.0712250712250712,0.0712250712250712,0.0897435897435898,0.0712250712250712,0.0712250712250712,0.0712250712250712
"4288",0.0699300699300699,0.0881118881118881,0.0699300699300699,0.106293706293706,0.0699300699300699,0.0699300699300699,0.0881118881118881,0.0699300699300699,0.0699300699300699,0.0699300699300699,0.0881118881118881,0.0699300699300699,0.0699300699300699
"7540",0.0712669683257919,0.144796380090498,0.085972850678733,0.0712669683257919,0.115384615384615,0.0565610859728507,0.0712669683257919,0.0565610859728507,0.0712669683257919,0.0712669683257919,0.0565610859728507,0.0712669683257919,0.0565610859728507
"12330",0.0725689404934688,0.0914368650217707,0.0914368650217707,0.0725689404934688,0.0725689404934688,0.0725689404934688,0.0725689404934688,0.0725689404934688,0.0725689404934688,0.0914368650217707,0.0725689404934688,0.0725689404934688,0.0725689404934688
"2966",0.0712250712250712,0.0897435897435898,0.0712250712250712,0.0712250712250712,0.0712250712250712,0.0712250712250712,0.0712250712250712,0.0712250712250712,0.0897435897435898,0.0712250712250712,0.108262108262108,0.0712250712250712,0.0712250712250712
"6769",0.0739644970414201,0.0739644970414201,0.0739644970414201,0.0739644970414201,0.0739644970414201,0.0739644970414201,0.0739644970414201,0.0739644970414201,0.0931952662721894,0.0739644970414201,0.0739644970414201,0.0931952662721894,0.0739644970414201
"8305",0.0850202429149798,0.0850202429149798,0.0674763832658569,0.0674763832658569,0.0850202429149798,0.0674763832658569,0.0674763832658569,0.120107962213225,0.0674763832658569,0.0850202429149798,0.0674763832658569,0.0674763832658569,0.0674763832658569
"9274",0.0686813186813187,0.0865384615384616,0.0686813186813187,0.0686813186813187,0.0686813186813187,0.0686813186813187,0.122252747252747,0.0865384615384616,0.0865384615384616,0.0686813186813187,0.0686813186813187,0.0686813186813187,0.0686813186813187
"4005",0.0699300699300699,0.0699300699300699,0.0881118881118881,0.0881118881118881,0.0699300699300699,0.0881118881118881,0.0699300699300699,0.0699300699300699,0.0881118881118881,0.0699300699300699,0.0699300699300699,0.0699300699300699,0.0881118881118881
"5507",0.0754147812971342,0.0950226244343891,0.0754147812971342,0.0754147812971342,0.0754147812971342,0.0754147812971342,0.0754147812971342,0.0754147812971342,0.0754147812971342,0.0754147812971342,0.0754147812971342,0.0754147812971342,0.0754147812971342
"137",0.077948717948718,0.077948717948718,0.0912820512820513,0.0646153846153846,0.077948717948718,0.077948717948718,0.0512820512820513,0.104615384615385,0.0512820512820513,0.0912820512820513,0.077948717948718,0.077948717948718,0.077948717948718
"11958",0.0739644970414201,0.0739644970414201,0.0931952662721894,0.0739644970414201,0.0739644970414201,0.0739644970414201,0.0739644970414201,0.0739644970414201,0.0739644970414201,0.0739644970414201,0.0739644970414201,0.0931952662721894,0.0739644970414201
"10410",0.0739644970414201,0.0931952662721894,0.0931952662721894,0.0739644970414201,0.0739644970414201,0.0739644970414201,0.0739644970414201,0.0739644970414201,0.0739644970414201,0.0739644970414201,0.0739644970414201,0.0739644970414201,0.0739644970414201
"757",0.0557413600891862,0.084726867335563,0.084726867335563,0.0992196209587514,0.0992196209587514,0.084726867335563,0.0702341137123746,0.0702341137123746,0.0557413600891862,0.084726867335563,0.084726867335563,0.0702341137123746,0.0557413600891862
"12994",0.0725689404934688,0.0725689404934688,0.0914368650217707,0.0725689404934688,0.0725689404934688,0.0914368650217707,0.0725689404934688,0.0725689404934688,0.0725689404934688,0.0725689404934688,0.0725689404934688,0.0725689404934688,0.0914368650217707
"387",0.106580166821131,0.082483781278962,0.0945319740500463,0.046339202965709,0.046339202965709,0.0583873957367933,0.106580166821131,0.0583873957367933,0.0704355885078777,0.046339202965709,0.106580166821131,0.0583873957367933,0.118628359592215
"12021",0.0794451450189155,0.0630517023959647,0.0794451450189155,0.128625472887768,0.0794451450189155,0.0630517023959647,0.0794451450189155,0.0630517023959647,0.0630517023959647,0.0794451450189155,0.0630517023959647,0.0794451450189155,0.0794451450189155
"10755",0.0739644970414201,0.0739644970414201,0.0931952662721894,0.0739644970414201,0.0739644970414201,0.0739644970414201,0.0739644970414201,0.0739644970414201,0.0931952662721894,0.0739644970414201,0.0739644970414201,0.0739644970414201,0.0739644970414201
"3987",0.0725689404934688,0.0914368650217707,0.0725689404934688,0.0725689404934688,0.0725689404934688,0.0725689404934688,0.0914368650217707,0.0914368650217707,0.0725689404934688,0.0725689404934688,0.0725689404934688,0.0725689404934688,0.0725689404934688
"7275",0.0757211538461539,0.0600961538461538,0.0600961538461538,0.0757211538461539,0.0757211538461539,0.0757211538461539,0.0913461538461539,0.0600961538461538,0.0600961538461538,0.0757211538461539,0.153846153846154,0.0600961538461538,0.0757211538461539
"2471",0.112232030264817,0.0630517023959647,0.0630517023959647,0.0630517023959647,0.0630517023959647,0.0958385876418663,0.0794451450189155,0.0630517023959647,0.0630517023959647,0.0958385876418663,0.0794451450189155,0.0958385876418663,0.0630517023959647
"1102",0.085972850678733,0.0712669683257919,0.130090497737557,0.0712669683257919,0.0565610859728507,0.130090497737557,0.0565610859728507,0.0712669683257919,0.0712669683257919,0.0565610859728507,0.0565610859728507,0.0565610859728507,0.085972850678733
"10957",0.0781637717121588,0.0620347394540943,0.0620347394540943,0.207196029776675,0.0620347394540943,0.0620347394540943,0.0620347394540943,0.0620347394540943,0.0781637717121588,0.0620347394540943,0.0620347394540943,0.0781637717121588,0.0620347394540943
"13885",0.0754147812971342,0.0754147812971342,0.0754147812971342,0.0754147812971342,0.0754147812971342,0.0754147812971342,0.0754147812971342,0.0754147812971342,0.0950226244343891,0.0754147812971342,0.0754147812971342,0.0754147812971342,0.0754147812971342
"9125",0.0600961538461538,0.0757211538461539,0.0757211538461539,0.0913461538461539,0.0600961538461538,0.0913461538461539,0.0757211538461539,0.0600961538461538,0.0600961538461538,0.0600961538461538,0.106971153846154,0.122596153846154,0.0600961538461538
"11656",0.0686813186813187,0.0865384615384616,0.122252747252747,0.0686813186813187,0.0865384615384616,0.0686813186813187,0.0686813186813187,0.0686813186813187,0.0865384615384616,0.0686813186813187,0.0686813186813187,0.0686813186813187,0.0686813186813187
"8792",0.0582750582750583,0.0734265734265734,0.0885780885780886,0.118881118881119,0.0885780885780886,0.0582750582750583,0.0734265734265734,0.0582750582750583,0.0734265734265734,0.0582750582750583,0.0885780885780886,0.0885780885780886,0.0734265734265734
"8116",0.0600961538461538,0.106971153846154,0.0600961538461538,0.0600961538461538,0.0600961538461538,0.0913461538461539,0.106971153846154,0.0600961538461538,0.0757211538461539,0.0913461538461539,0.0600961538461538,0.0913461538461539,0.0757211538461539
"9048",0.0699300699300699,0.0881118881118881,0.0881118881118881,0.0699300699300699,0.0699300699300699,0.0699300699300699,0.0699300699300699,0.0699300699300699,0.106293706293706,0.0699300699300699,0.0699300699300699,0.0881118881118881,0.0699300699300699
"461",0.0654885654885655,0.051975051975052,0.079002079002079,0.051975051975052,0.051975051975052,0.0925155925155925,0.051975051975052,0.079002079002079,0.051975051975052,0.0654885654885655,0.16008316008316,0.146569646569647,0.051975051975052
"10873",0.106293706293706,0.0699300699300699,0.0699300699300699,0.0699300699300699,0.0699300699300699,0.0881118881118881,0.0699300699300699,0.106293706293706,0.0699300699300699,0.0699300699300699,0.0699300699300699,0.0699300699300699,0.0699300699300699
"7502",0.0565610859728507,0.0712669683257919,0.0565610859728507,0.115384615384615,0.085972850678733,0.0712669683257919,0.085972850678733,0.0712669683257919,0.0712669683257919,0.0565610859728507,0.0565610859728507,0.115384615384615,0.085972850678733
"3740",0.0754147812971342,0.0754147812971342,0.0754147812971342,0.0754147812971342,0.0754147812971342,0.0754147812971342,0.0754147812971342,0.0754147812971342,0.0754147812971342,0.0754147812971342,0.0754147812971342,0.0754147812971342,0.0950226244343891
"14051",0.0897435897435898,0.0712250712250712,0.0712250712250712,0.0712250712250712,0.0712250712250712,0.0712250712250712,0.108262108262108,0.0712250712250712,0.0712250712250712,0.0712250712250712,0.0712250712250712,0.0897435897435898,0.0712250712250712
"1521",0.0769230769230769,0.061050061050061,0.0769230769230769,0.061050061050061,0.108669108669109,0.061050061050061,0.108669108669109,0.0769230769230769,0.0769230769230769,0.061050061050061,0.0769230769230769,0.0927960927960928,0.061050061050061
"2833",0.0663129973474801,0.0835543766578249,0.0835543766578249,0.0835543766578249,0.0835543766578249,0.0663129973474801,0.0663129973474801,0.0835543766578249,0.0835543766578249,0.0663129973474801,0.0835543766578249,0.0663129973474801,0.0835543766578249
"8403",0.0591715976331361,0.0745562130177515,0.0745562130177515,0.0899408284023669,0.0899408284023669,0.120710059171598,0.0591715976331361,0.0745562130177515,0.0745562130177515,0.105325443786982,0.0591715976331361,0.0591715976331361,0.0591715976331361
"12774",0.0651890482398957,0.0651890482398957,0.0651890482398957,0.0651890482398957,0.0990873533246415,0.0821382007822686,0.0821382007822686,0.0651890482398957,0.0651890482398957,0.0821382007822686,0.0821382007822686,0.0651890482398957,0.116036505867014
"13571",0.0754147812971342,0.0754147812971342,0.0754147812971342,0.0754147812971342,0.0754147812971342,0.0754147812971342,0.0754147812971342,0.0754147812971342,0.0950226244343891,0.0754147812971342,0.0754147812971342,0.0754147812971342,0.0754147812971342
"14192",0.0620347394540943,0.0942928039702233,0.0781637717121588,0.0620347394540943,0.0620347394540943,0.0620347394540943,0.0620347394540943,0.0620347394540943,0.0620347394540943,0.0942928039702233,0.0781637717121588,0.0620347394540943,0.158808933002481
"9493",0.061050061050061,0.156288156288156,0.061050061050061,0.0769230769230769,0.061050061050061,0.061050061050061,0.0769230769230769,0.108669108669109,0.0927960927960928,0.061050061050061,0.061050061050061,0.061050061050061,0.061050061050061
"5795",0.186813186813187,0.043956043956044,0.0890688259109312,0.043956043956044,0.043956043956044,0.0514748409485252,0.0364372469635628,0.0665124349334876,0.0740312319259688,0.0514748409485252,0.0965876229034124,0.0965876229034124,0.119144013880856
"3256",0.0754147812971342,0.0754147812971342,0.0754147812971342,0.0754147812971342,0.0754147812971342,0.0754147812971342,0.0754147812971342,0.0754147812971342,0.0950226244343891,0.0754147812971342,0.0754147812971342,0.0754147812971342,0.0754147812971342
"9486",0.0850202429149798,0.102564102564103,0.0850202429149798,0.0674763832658569,0.0850202429149798,0.0850202429149798,0.0674763832658569,0.0674763832658569,0.0850202429149798,0.0674763832658569,0.0674763832658569,0.0674763832658569,0.0674763832658569
"9355",0.0686813186813187,0.0686813186813187,0.0686813186813187,0.0686813186813187,0.0686813186813187,0.0686813186813187,0.0865384615384616,0.122252747252747,0.104395604395604,0.0686813186813187,0.0686813186813187,0.0686813186813187,0.0686813186813187
"2306",0.0699300699300699,0.0881118881118881,0.0881118881118881,0.0699300699300699,0.0881118881118881,0.0699300699300699,0.106293706293706,0.0699300699300699,0.0699300699300699,0.0699300699300699,0.0699300699300699,0.0699300699300699,0.0699300699300699
"13630",0.0754147812971342,0.0950226244343891,0.0754147812971342,0.0754147812971342,0.0754147812971342,0.0754147812971342,0.0754147812971342,0.0754147812971342,0.0754147812971342,0.0754147812971342,0.0754147812971342,0.0754147812971342,0.0754147812971342
"12815",0.0725689404934688,0.0725689404934688,0.0725689404934688,0.0914368650217707,0.0725689404934688,0.0725689404934688,0.0725689404934688,0.0725689404934688,0.0725689404934688,0.0914368650217707,0.0725689404934688,0.0725689404934688,0.0914368650217707
"13711",0.0739644970414201,0.0739644970414201,0.0739644970414201,0.0739644970414201,0.0739644970414201,0.0739644970414201,0.0739644970414201,0.0739644970414201,0.0931952662721894,0.0739644970414201,0.0739644970414201,0.0739644970414201,0.0931952662721894
"3165",0.0663129973474801,0.0835543766578249,0.0663129973474801,0.0663129973474801,0.0663129973474801,0.0663129973474801,0.0663129973474801,0.0663129973474801,0.0835543766578249,0.0835543766578249,0.135278514588859,0.0663129973474801,0.0835543766578249
"189",0.142724745134384,0.0583873957367933,0.0945319740500463,0.0945319740500463,0.0704355885078777,0.0583873957367933,0.0704355885078777,0.046339202965709,0.0945319740500463,0.0583873957367933,0.046339202965709,0.0583873957367933,0.106580166821131
"5481",0.0739644970414201,0.0739644970414201,0.0739644970414201,0.0931952662721894,0.0739644970414201,0.0739644970414201,0.0739644970414201,0.0739644970414201,0.0739644970414201,0.0931952662721894,0.0739644970414201,0.0739644970414201,0.0739644970414201
"2902",0.0712250712250712,0.0712250712250712,0.0712250712250712,0.0897435897435898,0.0897435897435898,0.0712250712250712,0.0897435897435898,0.0712250712250712,0.0897435897435898,0.0712250712250712,0.0712250712250712,0.0712250712250712,0.0712250712250712
"13884",0.0754147812971342,0.0950226244343891,0.0754147812971342,0.0754147812971342,0.0754147812971342,0.0754147812971342,0.0754147812971342,0.0754147812971342,0.0754147812971342,0.0754147812971342,0.0754147812971342,0.0754147812971342,0.0754147812971342
"8577",0.0651890482398957,0.0651890482398957,0.0821382007822686,0.0651890482398957,0.0651890482398957,0.0821382007822686,0.0990873533246415,0.0821382007822686,0.0651890482398957,0.0821382007822686,0.116036505867014,0.0651890482398957,0.0651890482398957
"3114",0.0686813186813187,0.0686813186813187,0.0865384615384616,0.0686813186813187,0.0865384615384616,0.0865384615384616,0.0686813186813187,0.0686813186813187,0.0686813186813187,0.0865384615384616,0.0686813186813187,0.104395604395604,0.0686813186813187
"11842",0.0931952662721894,0.0739644970414201,0.0739644970414201,0.0739644970414201,0.0739644970414201,0.0739644970414201,0.0739644970414201,0.0739644970414201,0.0739644970414201,0.0739644970414201,0.0931952662721894,0.0739644970414201,0.0739644970414201
"5211",0.0674763832658569,0.0850202429149798,0.0850202429149798,0.0674763832658569,0.102564102564103,0.0674763832658569,0.0674763832658569,0.0850202429149798,0.0850202429149798,0.0674763832658569,0.0674763832658569,0.0674763832658569,0.0850202429149798
"11546",0.0725689404934688,0.0725689404934688,0.0725689404934688,0.0725689404934688,0.0725689404934688,0.0725689404934688,0.0914368650217707,0.0725689404934688,0.0914368650217707,0.0725689404934688,0.0914368650217707,0.0725689404934688,0.0725689404934688
"12608",0.0674763832658569,0.0674763832658569,0.0674763832658569,0.0674763832658569,0.0850202429149798,0.0674763832658569,0.0674763832658569,0.0674763832658569,0.0674763832658569,0.0674763832658569,0.155195681511471,0.0850202429149798,0.0674763832658569
"12674",0.0807692307692308,0.0641025641025641,0.0641025641025641,0.0807692307692308,0.0641025641025641,0.0641025641025641,0.114102564102564,0.0807692307692308,0.0641025641025641,0.0807692307692308,0.0807692307692308,0.0641025641025641,0.0974358974358975
"13866",0.0739644970414201,0.0739644970414201,0.0739644970414201,0.0931952662721894,0.0739644970414201,0.0739644970414201,0.0739644970414201,0.0739644970414201,0.0739644970414201,0.0739644970414201,0.0931952662721894,0.0739644970414201,0.0739644970414201
"8985",0.0914368650217707,0.0725689404934688,0.0725689404934688,0.0725689404934688,0.0725689404934688,0.0725689404934688,0.0725689404934688,0.0725689404934688,0.0725689404934688,0.0725689404934688,0.0725689404934688,0.110304789550073,0.0725689404934688
"10163",0.0663129973474801,0.0835543766578249,0.0663129973474801,0.0835543766578249,0.0835543766578249,0.0835543766578249,0.118037135278515,0.0663129973474801,0.0663129973474801,0.0663129973474801,0.0663129973474801,0.0835543766578249,0.0663129973474801
"8073",0.0574052812858783,0.146957520091848,0.0723306544202067,0.0723306544202067,0.0723306544202067,0.0723306544202067,0.0574052812858783,0.0574052812858783,0.0574052812858783,0.087256027554535,0.117106773823192,0.0723306544202067,0.0574052812858783
"13740",0.0754147812971342,0.0950226244343891,0.0754147812971342,0.0754147812971342,0.0754147812971342,0.0754147812971342,0.0754147812971342,0.0754147812971342,0.0754147812971342,0.0754147812971342,0.0754147812971342,0.0754147812971342,0.0754147812971342
"1894",0.0807692307692308,0.0974358974358975,0.0974358974358975,0.0641025641025641,0.0641025641025641,0.0974358974358975,0.0974358974358975,0.0641025641025641,0.0641025641025641,0.0641025641025641,0.0641025641025641,0.0641025641025641,0.0807692307692308
"11743",0.0725689404934688,0.0725689404934688,0.0725689404934688,0.0914368650217707,0.0725689404934688,0.0725689404934688,0.0914368650217707,0.0914368650217707,0.0725689404934688,0.0725689404934688,0.0725689404934688,0.0725689404934688,0.0725689404934688
"4659",0.0699300699300699,0.106293706293706,0.0699300699300699,0.0699300699300699,0.124475524475524,0.0699300699300699,0.0699300699300699,0.0699300699300699,0.0699300699300699,0.0699300699300699,0.0699300699300699,0.0699300699300699,0.0699300699300699
"1435",0.0990873533246415,0.0651890482398957,0.0821382007822686,0.0651890482398957,0.0651890482398957,0.0821382007822686,0.0651890482398957,0.0821382007822686,0.0651890482398957,0.0651890482398957,0.132985658409387,0.0651890482398957,0.0651890482398957
"10298",0.0686813186813187,0.0686813186813187,0.0686813186813187,0.0865384615384616,0.14010989010989,0.0686813186813187,0.0686813186813187,0.0865384615384616,0.0686813186813187,0.0686813186813187,0.0686813186813187,0.0686813186813187,0.0686813186813187
"3316",0.106293706293706,0.0699300699300699,0.0699300699300699,0.0699300699300699,0.0699300699300699,0.0881118881118881,0.0699300699300699,0.0699300699300699,0.0881118881118881,0.0699300699300699,0.0699300699300699,0.0881118881118881,0.0699300699300699
"12925",0.0712250712250712,0.0712250712250712,0.0897435897435898,0.0712250712250712,0.0712250712250712,0.0712250712250712,0.0712250712250712,0.0712250712250712,0.108262108262108,0.0897435897435898,0.0712250712250712,0.0712250712250712,0.0712250712250712
"4152",0.0990873533246415,0.0651890482398957,0.0990873533246415,0.0651890482398957,0.0651890482398957,0.0651890482398957,0.0821382007822686,0.0821382007822686,0.0651890482398957,0.0821382007822686,0.0821382007822686,0.0651890482398957,0.0821382007822686
"10908",0.0674763832658569,0.0674763832658569,0.0850202429149798,0.0850202429149798,0.0674763832658569,0.0674763832658569,0.102564102564103,0.102564102564103,0.0850202429149798,0.0674763832658569,0.0674763832658569,0.0674763832658569,0.0674763832658569
"6126",0.0821382007822686,0.0651890482398957,0.0990873533246415,0.0651890482398957,0.0990873533246415,0.0651890482398957,0.0990873533246415,0.0651890482398957,0.0651890482398957,0.0651890482398957,0.0651890482398957,0.0651890482398957,0.0990873533246415
"9230",0.0821382007822686,0.0651890482398957,0.0821382007822686,0.0651890482398957,0.0651890482398957,0.0651890482398957,0.116036505867014,0.0651890482398957,0.0821382007822686,0.0821382007822686,0.0821382007822686,0.0821382007822686,0.0651890482398957
"9887",0.0630517023959647,0.0794451450189155,0.0630517023959647,0.0958385876418663,0.112232030264817,0.0794451450189155,0.0794451450189155,0.0794451450189155,0.0630517023959647,0.0794451450189155,0.0630517023959647,0.0630517023959647,0.0794451450189155
"8706",0.0699300699300699,0.0881118881118881,0.0699300699300699,0.0881118881118881,0.0699300699300699,0.0699300699300699,0.0699300699300699,0.106293706293706,0.0699300699300699,0.0699300699300699,0.0699300699300699,0.0881118881118881,0.0699300699300699
"4124",0.0686813186813187,0.0686813186813187,0.0686813186813187,0.104395604395604,0.0686813186813187,0.0686813186813187,0.0686813186813187,0.0865384615384616,0.122252747252747,0.0686813186813187,0.0686813186813187,0.0686813186813187,0.0686813186813187
"1972",0.0663129973474801,0.118037135278515,0.0663129973474801,0.0663129973474801,0.0663129973474801,0.0663129973474801,0.0835543766578249,0.0835543766578249,0.0663129973474801,0.0663129973474801,0.0663129973474801,0.0663129973474801,0.118037135278515
"8120",0.077948717948718,0.0512820512820513,0.077948717948718,0.104615384615385,0.0912820512820513,0.131282051282051,0.0646153846153846,0.0912820512820513,0.0646153846153846,0.0512820512820513,0.0512820512820513,0.077948717948718,0.0646153846153846
"1178",0.0673076923076923,0.0673076923076923,0.0673076923076923,0.0950854700854701,0.0534188034188034,0.0811965811965812,0.0950854700854701,0.0673076923076923,0.0673076923076923,0.0950854700854701,0.122863247863248,0.0534188034188034,0.0673076923076923
"5240",0.0821382007822686,0.0821382007822686,0.0651890482398957,0.0821382007822686,0.0651890482398957,0.0651890482398957,0.0821382007822686,0.0651890482398957,0.0651890482398957,0.132985658409387,0.0651890482398957,0.0651890482398957,0.0821382007822686
"13861",0.0754147812971342,0.0754147812971342,0.0754147812971342,0.0950226244343891,0.0754147812971342,0.0754147812971342,0.0754147812971342,0.0754147812971342,0.0754147812971342,0.0754147812971342,0.0754147812971342,0.0754147812971342,0.0754147812971342
"9357",0.0686813186813187,0.0686813186813187,0.0865384615384616,0.0686813186813187,0.0686813186813187,0.0686813186813187,0.104395604395604,0.0865384615384616,0.0686813186813187,0.0686813186813187,0.104395604395604,0.0686813186813187,0.0686813186813187
"13388",0.0712250712250712,0.0712250712250712,0.0712250712250712,0.0712250712250712,0.0712250712250712,0.0712250712250712,0.0712250712250712,0.0897435897435898,0.108262108262108,0.0897435897435898,0.0712250712250712,0.0712250712250712,0.0712250712250712
"4183",0.0641025641025641,0.0974358974358975,0.0974358974358975,0.0641025641025641,0.0974358974358975,0.0641025641025641,0.0641025641025641,0.0807692307692308,0.0641025641025641,0.0974358974358975,0.0641025641025641,0.0807692307692308,0.0641025641025641
"11411",0.0686813186813187,0.0686813186813187,0.0865384615384616,0.0686813186813187,0.0686813186813187,0.0686813186813187,0.104395604395604,0.0686813186813187,0.0686813186813187,0.0686813186813187,0.0865384615384616,0.0865384615384616,0.0865384615384616
"5666",0.0897435897435898,0.0712250712250712,0.0897435897435898,0.0712250712250712,0.0712250712250712,0.0712250712250712,0.0712250712250712,0.0897435897435898,0.0712250712250712,0.0712250712250712,0.0712250712250712,0.0897435897435898,0.0712250712250712
"2854",0.0663129973474801,0.0663129973474801,0.0835543766578249,0.0663129973474801,0.0835543766578249,0.0835543766578249,0.0663129973474801,0.0663129973474801,0.0663129973474801,0.0835543766578249,0.135278514588859,0.0663129973474801,0.0663129973474801
"1048",0.0630517023959647,0.0630517023959647,0.0630517023959647,0.0630517023959647,0.0630517023959647,0.0794451450189155,0.112232030264817,0.0958385876418663,0.0794451450189155,0.0958385876418663,0.0794451450189155,0.0630517023959647,0.0794451450189155
"8601",0.0686813186813187,0.0686813186813187,0.0686813186813187,0.0686813186813187,0.0686813186813187,0.0865384615384616,0.104395604395604,0.0865384615384616,0.0686813186813187,0.0686813186813187,0.0865384615384616,0.0686813186813187,0.0865384615384616
"5740",0.0754147812971342,0.0950226244343891,0.0754147812971342,0.0754147812971342,0.0754147812971342,0.0754147812971342,0.0754147812971342,0.0754147812971342,0.0754147812971342,0.0754147812971342,0.0754147812971342,0.0754147812971342,0.0754147812971342
"12130",0.0739644970414201,0.0931952662721894,0.0739644970414201,0.0739644970414201,0.0931952662721894,0.0739644970414201,0.0739644970414201,0.0739644970414201,0.0739644970414201,0.0739644970414201,0.0739644970414201,0.0739644970414201,0.0739644970414201
"1073",0.102181400688863,0.0574052812858783,0.0574052812858783,0.0574052812858783,0.0574052812858783,0.0574052812858783,0.087256027554535,0.117106773823192,0.087256027554535,0.0574052812858783,0.102181400688863,0.0574052812858783,0.102181400688863
"3302",0.0821382007822686,0.0651890482398957,0.0651890482398957,0.0990873533246415,0.0821382007822686,0.0990873533246415,0.0821382007822686,0.0821382007822686,0.0651890482398957,0.0651890482398957,0.0651890482398957,0.0651890482398957,0.0821382007822686
"7952",0.0757211538461539,0.0913461538461539,0.0600961538461538,0.0757211538461539,0.0600961538461538,0.0600961538461538,0.0600961538461538,0.0600961538461538,0.138221153846154,0.138221153846154,0.0600961538461538,0.0600961538461538,0.0600961538461538
"7822",0.0591715976331361,0.105325443786982,0.0591715976331361,0.0899408284023669,0.0899408284023669,0.0745562130177515,0.0745562130177515,0.105325443786982,0.0745562130177515,0.0591715976331361,0.0591715976331361,0.0745562130177515,0.0745562130177515
"2319",0.0781637717121588,0.0620347394540943,0.0781637717121588,0.0781637717121588,0.0781637717121588,0.110421836228288,0.0620347394540943,0.0781637717121588,0.0620347394540943,0.0942928039702233,0.0620347394540943,0.0942928039702233,0.0620347394540943
"463",0.135576923076923,0.0730769230769231,0.123076923076923,0.0480769230769231,0.0480769230769231,0.0480769230769231,0.0730769230769231,0.0480769230769231,0.0605769230769231,0.0730769230769231,0.135576923076923,0.0605769230769231,0.0730769230769231
"30",0.0739644970414201,0.0739644970414201,0.0739644970414201,0.0739644970414201,0.0739644970414201,0.0739644970414201,0.0931952662721894,0.0739644970414201,0.0739644970414201,0.0739644970414201,0.0739644970414201,0.0739644970414201,0.0931952662721894
"951",0.0620347394540943,0.0781637717121588,0.0942928039702233,0.0781637717121588,0.0781637717121588,0.110421836228288,0.0620347394540943,0.0942928039702233,0.0781637717121588,0.0620347394540943,0.0620347394540943,0.0620347394540943,0.0781637717121588
"8864",0.0712250712250712,0.108262108262108,0.0712250712250712,0.0712250712250712,0.0712250712250712,0.0712250712250712,0.0712250712250712,0.0712250712250712,0.0897435897435898,0.0897435897435898,0.0712250712250712,0.0712250712250712,0.0712250712250712
"1814",0.0686813186813187,0.0686813186813187,0.0686813186813187,0.0686813186813187,0.0686813186813187,0.0686813186813187,0.0865384615384616,0.0686813186813187,0.0865384615384616,0.0686813186813187,0.0686813186813187,0.0686813186813187,0.14010989010989
"1129",0.0620347394540943,0.110421836228288,0.0620347394540943,0.0620347394540943,0.0620347394540943,0.0620347394540943,0.0942928039702233,0.0620347394540943,0.142679900744417,0.0781637717121588,0.0620347394540943,0.0620347394540943,0.0781637717121588
"14334",0.0712250712250712,0.0897435897435898,0.0712250712250712,0.0897435897435898,0.0712250712250712,0.0712250712250712,0.0712250712250712,0.0712250712250712,0.0712250712250712,0.108262108262108,0.0712250712250712,0.0712250712250712,0.0712250712250712
"11670",0.0651890482398957,0.0651890482398957,0.0651890482398957,0.0821382007822686,0.0821382007822686,0.0990873533246415,0.0651890482398957,0.0990873533246415,0.0651890482398957,0.0651890482398957,0.0651890482398957,0.0821382007822686,0.0990873533246415
"4769",0.0739644970414201,0.0739644970414201,0.0739644970414201,0.0739644970414201,0.0931952662721894,0.0739644970414201,0.0931952662721894,0.0739644970414201,0.0739644970414201,0.0739644970414201,0.0739644970414201,0.0739644970414201,0.0739644970414201
"6785",0.0754147812971342,0.0950226244343891,0.0754147812971342,0.0754147812971342,0.0754147812971342,0.0754147812971342,0.0754147812971342,0.0754147812971342,0.0754147812971342,0.0754147812971342,0.0754147812971342,0.0754147812971342,0.0754147812971342
"6053",0.0663129973474801,0.10079575596817,0.0663129973474801,0.0835543766578249,0.0663129973474801,0.0835543766578249,0.0663129973474801,0.0663129973474801,0.0835543766578249,0.0835543766578249,0.0663129973474801,0.0835543766578249,0.0835543766578249
"1051",0.149184149184149,0.0582750582750583,0.0734265734265734,0.0885780885780886,0.0582750582750583,0.103729603729604,0.0734265734265734,0.0582750582750583,0.0734265734265734,0.0734265734265734,0.0582750582750583,0.0734265734265734,0.0582750582750583
"5920",0.0990873533246415,0.0821382007822686,0.0821382007822686,0.0821382007822686,0.0651890482398957,0.0651890482398957,0.0651890482398957,0.0651890482398957,0.0651890482398957,0.0990873533246415,0.0990873533246415,0.0651890482398957,0.0651890482398957
"315",0.051975051975052,0.051975051975052,0.0925155925155925,0.0654885654885655,0.051975051975052,0.051975051975052,0.051975051975052,0.051975051975052,0.051975051975052,0.079002079002079,0.187110187110187,0.0654885654885655,0.146569646569647
"5346",0.0641025641025641,0.0641025641025641,0.0641025641025641,0.0974358974358975,0.0974358974358975,0.0641025641025641,0.0807692307692308,0.0641025641025641,0.114102564102564,0.0641025641025641,0.0807692307692308,0.0807692307692308,0.0641025641025641
"11633",0.0725689404934688,0.0725689404934688,0.0725689404934688,0.0725689404934688,0.0914368650217707,0.0725689404934688,0.0725689404934688,0.0725689404934688,0.0725689404934688,0.0725689404934688,0.0725689404934688,0.110304789550073,0.0725689404934688
"6286",0.0712250712250712,0.0897435897435898,0.0712250712250712,0.0897435897435898,0.0712250712250712,0.0712250712250712,0.0712250712250712,0.0712250712250712,0.0897435897435898,0.0712250712250712,0.0712250712250712,0.0712250712250712,0.0897435897435898
"13523",0.0754147812971342,0.0950226244343891,0.0754147812971342,0.0754147812971342,0.0754147812971342,0.0754147812971342,0.0754147812971342,0.0754147812971342,0.0754147812971342,0.0754147812971342,0.0754147812971342,0.0754147812971342,0.0754147812971342
"4846",0.0712250712250712,0.126780626780627,0.0897435897435898,0.0712250712250712,0.0712250712250712,0.0712250712250712,0.0712250712250712,0.0712250712250712,0.0712250712250712,0.0712250712250712,0.0712250712250712,0.0712250712250712,0.0712250712250712
"8001",0.0620347394540943,0.0781637717121588,0.110421836228288,0.0781637717121588,0.0620347394540943,0.0781637717121588,0.0781637717121588,0.0942928039702233,0.0620347394540943,0.0781637717121588,0.0620347394540943,0.0942928039702233,0.0620347394540943
"13551",0.0739644970414201,0.0739644970414201,0.0931952662721894,0.0739644970414201,0.0739644970414201,0.0739644970414201,0.0739644970414201,0.0739644970414201,0.0739644970414201,0.0931952662721894,0.0739644970414201,0.0739644970414201,0.0739644970414201
"14291",0.0692307692307692,0.0978021978021978,0.154945054945055,0.0549450549450549,0.0549450549450549,0.0549450549450549,0.0692307692307692,0.0835164835164835,0.0835164835164835,0.0549450549450549,0.112087912087912,0.0549450549450549,0.0549450549450549
"5935",0.0712669683257919,0.100678733031674,0.100678733031674,0.0565610859728507,0.0565610859728507,0.0565610859728507,0.0712669683257919,0.0565610859728507,0.0565610859728507,0.144796380090498,0.100678733031674,0.0712669683257919,0.0565610859728507
"3054",0.0699300699300699,0.0699300699300699,0.0699300699300699,0.0699300699300699,0.0881118881118881,0.0699300699300699,0.0699300699300699,0.124475524475524,0.0699300699300699,0.0699300699300699,0.0881118881118881,0.0699300699300699,0.0699300699300699
"1140",0.0781637717121588,0.0781637717121588,0.0620347394540943,0.0781637717121588,0.0781637717121588,0.0781637717121588,0.0781637717121588,0.110421836228288,0.0620347394540943,0.0942928039702233,0.0620347394540943,0.0620347394540943,0.0781637717121588
"3492",0.110421836228288,0.0942928039702233,0.0781637717121588,0.0620347394540943,0.0620347394540943,0.0620347394540943,0.126550868486352,0.0620347394540943,0.0620347394540943,0.0620347394540943,0.0620347394540943,0.0620347394540943,0.0942928039702233
"13062",0.0712250712250712,0.0897435897435898,0.0712250712250712,0.0712250712250712,0.0712250712250712,0.0712250712250712,0.0712250712250712,0.0712250712250712,0.0897435897435898,0.0897435897435898,0.0897435897435898,0.0712250712250712,0.0712250712250712
"13558",0.0739644970414201,0.0739644970414201,0.0739644970414201,0.0931952662721894,0.0931952662721894,0.0739644970414201,0.0739644970414201,0.0739644970414201,0.0739644970414201,0.0739644970414201,0.0739644970414201,0.0739644970414201,0.0739644970414201
"3505",0.0699300699300699,0.0699300699300699,0.0699300699300699,0.0699300699300699,0.0699300699300699,0.0699300699300699,0.0699300699300699,0.0699300699300699,0.0699300699300699,0.0881118881118881,0.124475524475524,0.0881118881118881,0.0699300699300699
"6037",0.0686813186813187,0.0686813186813187,0.0865384615384616,0.0865384615384616,0.0865384615384616,0.0686813186813187,0.0686813186813187,0.0686813186813187,0.0865384615384616,0.0686813186813187,0.104395604395604,0.0686813186813187,0.0686813186813187
"10233",0.0881118881118881,0.0881118881118881,0.0881118881118881,0.0699300699300699,0.0699300699300699,0.0699300699300699,0.0699300699300699,0.0699300699300699,0.0881118881118881,0.0881118881118881,0.0699300699300699,0.0699300699300699,0.0699300699300699
"4518",0.0712250712250712,0.0897435897435898,0.108262108262108,0.0712250712250712,0.0712250712250712,0.0712250712250712,0.0897435897435898,0.0712250712250712,0.0712250712250712,0.0712250712250712,0.0712250712250712,0.0712250712250712,0.0712250712250712
"6090",0.0600961538461538,0.0913461538461539,0.0757211538461539,0.0757211538461539,0.106971153846154,0.0600961538461538,0.0757211538461539,0.0600961538461538,0.0913461538461539,0.0600961538461538,0.0600961538461538,0.0757211538461539,0.106971153846154
"6174",0.0663129973474801,0.0663129973474801,0.0835543766578249,0.0663129973474801,0.10079575596817,0.0663129973474801,0.0835543766578249,0.0835543766578249,0.0835543766578249,0.0835543766578249,0.0663129973474801,0.0835543766578249,0.0663129973474801
"10515",0.0754147812971342,0.0754147812971342,0.0754147812971342,0.0754147812971342,0.0754147812971342,0.0754147812971342,0.0950226244343891,0.0754147812971342,0.0754147812971342,0.0754147812971342,0.0754147812971342,0.0754147812971342,0.0754147812971342
"7998",0.0757211538461539,0.0600961538461538,0.0600961538461538,0.106971153846154,0.0600961538461538,0.0757211538461539,0.106971153846154,0.0600961538461538,0.0757211538461539,0.0757211538461539,0.0757211538461539,0.106971153846154,0.0600961538461538
"2590",0.116036505867014,0.0990873533246415,0.0821382007822686,0.0651890482398957,0.0651890482398957,0.0651890482398957,0.0651890482398957,0.0990873533246415,0.0651890482398957,0.0651890482398957,0.0651890482398957,0.0651890482398957,0.0821382007822686
"2914",0.0674763832658569,0.0850202429149798,0.0850202429149798,0.0674763832658569,0.102564102564103,0.0674763832658569,0.0850202429149798,0.0850202429149798,0.0674763832658569,0.0850202429149798,0.0674763832658569,0.0674763832658569,0.0674763832658569
"4886",0.0754147812971342,0.0754147812971342,0.0754147812971342,0.0754147812971342,0.0754147812971342,0.0754147812971342,0.0754147812971342,0.0754147812971342,0.0754147812971342,0.0754147812971342,0.0754147812971342,0.0754147812971342,0.0950226244343891
"12444",0.0885780885780886,0.0734265734265734,0.0885780885780886,0.0885780885780886,0.0885780885780886,0.0885780885780886,0.0734265734265734,0.0885780885780886,0.0734265734265734,0.0582750582750583,0.0582750582750583,0.0734265734265734,0.0582750582750583
"2786",0.17780580075662,0.0630517023959647,0.0630517023959647,0.0630517023959647,0.0630517023959647,0.0794451450189155,0.0794451450189155,0.0794451450189155,0.0630517023959647,0.0630517023959647,0.0630517023959647,0.0794451450189155,0.0630517023959647
"11472",0.0686813186813187,0.0865384615384616,0.0686813186813187,0.0686813186813187,0.0865384615384616,0.0686813186813187,0.0686813186813187,0.104395604395604,0.0865384615384616,0.0865384615384616,0.0686813186813187,0.0686813186813187,0.0686813186813187
"11537",0.0674763832658569,0.102564102564103,0.0674763832658569,0.0674763832658569,0.102564102564103,0.0674763832658569,0.0850202429149798,0.0674763832658569,0.0850202429149798,0.0674763832658569,0.0850202429149798,0.0674763832658569,0.0674763832658569
"489",0.0823401950162514,0.0682556879739978,0.152762730227519,0.0682556879739978,0.0682556879739978,0.0541711809317443,0.0541711809317443,0.0682556879739978,0.0541711809317443,0.0682556879739978,0.0541711809317443,0.110509209100758,0.0964247020585049
"2145",0.0725689404934688,0.0914368650217707,0.0725689404934688,0.0725689404934688,0.0725689404934688,0.0725689404934688,0.0914368650217707,0.0914368650217707,0.0725689404934688,0.0725689404934688,0.0725689404934688,0.0725689404934688,0.0725689404934688
"12062",0.0754147812971342,0.0950226244343891,0.0754147812971342,0.0754147812971342,0.0754147812971342,0.0754147812971342,0.0754147812971342,0.0754147812971342,0.0754147812971342,0.0754147812971342,0.0754147812971342,0.0754147812971342,0.0754147812971342
"7738",0.0598290598290598,0.0721747388414055,0.0845204178537512,0.0968660968660969,0.0968660968660969,0.0845204178537512,0.109211775878443,0.0968660968660969,0.0474833808167142,0.0474833808167142,0.0598290598290598,0.0474833808167142,0.0968660968660969
"138",0.0704355885078777,0.0583873957367933,0.046339202965709,0.106580166821131,0.118628359592215,0.0704355885078777,0.0704355885078777,0.0945319740500463,0.0583873957367933,0.0704355885078777,0.082483781278962,0.0945319740500463,0.0583873957367933
"1553",0.117106773823192,0.0723306544202067,0.0574052812858783,0.0574052812858783,0.0723306544202067,0.102181400688863,0.0723306544202067,0.0574052812858783,0.0574052812858783,0.0723306544202067,0.0574052812858783,0.0723306544202067,0.13203214695752
"398",0.0745562130177515,0.0591715976331361,0.0591715976331361,0.0899408284023669,0.0591715976331361,0.0899408284023669,0.0745562130177515,0.105325443786982,0.120710059171598,0.0591715976331361,0.0591715976331361,0.0745562130177515,0.0745562130177515
"10309",0.0881118881118881,0.0881118881118881,0.0699300699300699,0.0699300699300699,0.0699300699300699,0.0699300699300699,0.0699300699300699,0.0699300699300699,0.0699300699300699,0.0699300699300699,0.106293706293706,0.0881118881118881,0.0699300699300699
"9158",0.0914368650217707,0.0725689404934688,0.0914368650217707,0.0725689404934688,0.0725689404934688,0.0725689404934688,0.0725689404934688,0.0725689404934688,0.0725689404934688,0.0725689404934688,0.0725689404934688,0.0914368650217707,0.0725689404934688
"13777",0.0754147812971342,0.0754147812971342,0.0754147812971342,0.0754147812971342,0.0754147812971342,0.0754147812971342,0.0950226244343891,0.0754147812971342,0.0754147812971342,0.0754147812971342,0.0754147812971342,0.0754147812971342,0.0754147812971342
"8211",0.0835543766578249,0.0663129973474801,0.118037135278515,0.0663129973474801,0.0663129973474801,0.0663129973474801,0.10079575596817,0.0663129973474801,0.0663129973474801,0.0663129973474801,0.0663129973474801,0.10079575596817,0.0663129973474801
"6717",0.0739644970414201,0.0739644970414201,0.0739644970414201,0.0739644970414201,0.0739644970414201,0.0739644970414201,0.0931952662721894,0.0931952662721894,0.0739644970414201,0.0739644970414201,0.0739644970414201,0.0739644970414201,0.0739644970414201
"14251",0.0914368650217707,0.0725689404934688,0.0725689404934688,0.0725689404934688,0.0725689404934688,0.0725689404934688,0.0725689404934688,0.0725689404934688,0.0725689404934688,0.0725689404934688,0.0914368650217707,0.0914368650217707,0.0725689404934688
"9303",0.0754147812971342,0.0754147812971342,0.0754147812971342,0.0950226244343891,0.0754147812971342,0.0754147812971342,0.0754147812971342,0.0754147812971342,0.0754147812971342,0.0754147812971342,0.0754147812971342,0.0754147812971342,0.0754147812971342
"12086",0.0725689404934688,0.0725689404934688,0.0725689404934688,0.0725689404934688,0.0725689404934688,0.0725689404934688,0.0914368650217707,0.0914368650217707,0.0914368650217707,0.0725689404934688,0.0725689404934688,0.0725689404934688,0.0725689404934688
"938",0.0942928039702233,0.0781637717121588,0.0942928039702233,0.0620347394540943,0.0781637717121588,0.0620347394540943,0.0620347394540943,0.0620347394540943,0.0781637717121588,0.0781637717121588,0.0942928039702233,0.0781637717121588,0.0781637717121588
"9859",0.0754147812971342,0.0754147812971342,0.0754147812971342,0.0754147812971342,0.0754147812971342,0.0754147812971342,0.0754147812971342,0.0754147812971342,0.0754147812971342,0.0754147812971342,0.0950226244343891,0.0754147812971342,0.0754147812971342
"3520",0.0754147812971342,0.0754147812971342,0.0754147812971342,0.0754147812971342,0.0950226244343891,0.0754147812971342,0.0754147812971342,0.0754147812971342,0.0754147812971342,0.0754147812971342,0.0754147812971342,0.0754147812971342,0.0754147812971342
"9653",0.0620347394540943,0.0620347394540943,0.0620347394540943,0.126550868486352,0.0620347394540943,0.126550868486352,0.0620347394540943,0.0620347394540943,0.0620347394540943,0.0781637717121588,0.0620347394540943,0.110421836228288,0.0620347394540943
"8929",0.0897435897435898,0.108262108262108,0.0712250712250712,0.0897435897435898,0.0712250712250712,0.0712250712250712,0.0712250712250712,0.0712250712250712,0.0712250712250712,0.0712250712250712,0.0712250712250712,0.0712250712250712,0.0712250712250712
"9206",0.0674763832658569,0.0674763832658569,0.0850202429149798,0.0674763832658569,0.0674763832658569,0.0850202429149798,0.0674763832658569,0.0674763832658569,0.0674763832658569,0.0674763832658569,0.137651821862348,0.0850202429149798,0.0674763832658569
"5015",0.0745562130177515,0.0745562130177515,0.0591715976331361,0.0899408284023669,0.0745562130177515,0.0745562130177515,0.0745562130177515,0.120710059171598,0.0745562130177515,0.0745562130177515,0.0591715976331361,0.0899408284023669,0.0591715976331361
"11096",0.0686813186813187,0.104395604395604,0.0686813186813187,0.0865384615384616,0.0865384615384616,0.0686813186813187,0.0865384615384616,0.0686813186813187,0.0686813186813187,0.0686813186813187,0.0686813186813187,0.0686813186813187,0.0865384615384616
"2295",0.0663129973474801,0.0835543766578249,0.0663129973474801,0.0835543766578249,0.0663129973474801,0.0835543766578249,0.10079575596817,0.0663129973474801,0.0835543766578249,0.0835543766578249,0.0835543766578249,0.0663129973474801,0.0663129973474801
"9407",0.0835543766578249,0.0663129973474801,0.0835543766578249,0.0663129973474801,0.0663129973474801,0.0663129973474801,0.0835543766578249,0.0835543766578249,0.0663129973474801,0.0835543766578249,0.10079575596817,0.0663129973474801,0.0835543766578249
"8353",0.0865384615384616,0.0686813186813187,0.0865384615384616,0.0686813186813187,0.0686813186813187,0.0865384615384616,0.0865384615384616,0.0686813186813187,0.104395604395604,0.0686813186813187,0.0686813186813187,0.0686813186813187,0.0686813186813187
"8711",0.0663129973474801,0.0663129973474801,0.0663129973474801,0.0663129973474801,0.0663129973474801,0.10079575596817,0.0835543766578249,0.152519893899204,0.0663129973474801,0.0663129973474801,0.0663129973474801,0.0663129973474801,0.0663129973474801
"10430",0.0734265734265734,0.0885780885780886,0.0734265734265734,0.103729603729604,0.0582750582750583,0.0734265734265734,0.0582750582750583,0.0885780885780886,0.0734265734265734,0.0734265734265734,0.103729603729604,0.0734265734265734,0.0582750582750583
"1877",0.0835543766578249,0.0835543766578249,0.0663129973474801,0.0663129973474801,0.0835543766578249,0.118037135278515,0.0663129973474801,0.0663129973474801,0.0835543766578249,0.0663129973474801,0.0663129973474801,0.0835543766578249,0.0663129973474801
"1666",0.0739644970414201,0.112426035502959,0.0739644970414201,0.0739644970414201,0.0739644970414201,0.0739644970414201,0.0739644970414201,0.0739644970414201,0.0739644970414201,0.0739644970414201,0.0739644970414201,0.0739644970414201,0.0739644970414201
"1627",0.0725689404934688,0.0914368650217707,0.0914368650217707,0.0725689404934688,0.0725689404934688,0.0725689404934688,0.0725689404934688,0.0725689404934688,0.0725689404934688,0.0914368650217707,0.0725689404934688,0.0725689404934688,0.0725689404934688
"7735",0.0651890482398957,0.116036505867014,0.0990873533246415,0.0990873533246415,0.0821382007822686,0.0821382007822686,0.0651890482398957,0.0651890482398957,0.0651890482398957,0.0651890482398957,0.0651890482398957,0.0651890482398957,0.0651890482398957
"11214",0.0641025641025641,0.0641025641025641,0.0641025641025641,0.0641025641025641,0.0641025641025641,0.130769230769231,0.0807692307692308,0.0974358974358975,0.0641025641025641,0.0641025641025641,0.0807692307692308,0.0974358974358975,0.0641025641025641
"5031",0.0663129973474801,0.0663129973474801,0.0835543766578249,0.0835543766578249,0.0663129973474801,0.0663129973474801,0.0663129973474801,0.118037135278515,0.0835543766578249,0.0663129973474801,0.0663129973474801,0.0663129973474801,0.10079575596817
"3353",0.0686813186813187,0.0686813186813187,0.0865384615384616,0.0865384615384616,0.0686813186813187,0.0686813186813187,0.0686813186813187,0.0686813186813187,0.0865384615384616,0.0686813186813187,0.0865384615384616,0.0686813186813187,0.104395604395604
"2747",0.0663129973474801,0.0663129973474801,0.0663129973474801,0.0663129973474801,0.0663129973474801,0.0663129973474801,0.0663129973474801,0.0663129973474801,0.118037135278515,0.0835543766578249,0.10079575596817,0.0663129973474801,0.10079575596817
"3735",0.0739644970414201,0.0739644970414201,0.0739644970414201,0.0739644970414201,0.0739644970414201,0.0739644970414201,0.0739644970414201,0.0739644970414201,0.0931952662721894,0.0931952662721894,0.0739644970414201,0.0739644970414201,0.0739644970414201
"3192",0.0754147812971342,0.0754147812971342,0.0754147812971342,0.0754147812971342,0.0754147812971342,0.0754147812971342,0.0754147812971342,0.0754147812971342,0.0754147812971342,0.0754147812971342,0.0950226244343891,0.0754147812971342,0.0754147812971342
"1722",0.0651890482398957,0.0651890482398957,0.0651890482398957,0.0651890482398957,0.0821382007822686,0.0651890482398957,0.0821382007822686,0.0821382007822686,0.0651890482398957,0.132985658409387,0.0990873533246415,0.0651890482398957,0.0651890482398957
"4149",0.0663129973474801,0.0663129973474801,0.152519893899204,0.0663129973474801,0.0663129973474801,0.0663129973474801,0.0663129973474801,0.0663129973474801,0.0663129973474801,0.10079575596817,0.0663129973474801,0.0663129973474801,0.0835543766578249
"9269",0.0651890482398957,0.0651890482398957,0.0651890482398957,0.0651890482398957,0.0990873533246415,0.0651890482398957,0.0990873533246415,0.116036505867014,0.0651890482398957,0.0651890482398957,0.0651890482398957,0.0990873533246415,0.0651890482398957
"1604",0.0745562130177515,0.105325443786982,0.0591715976331361,0.0745562130177515,0.0745562130177515,0.0591715976331361,0.0591715976331361,0.136094674556213,0.105325443786982,0.0591715976331361,0.0591715976331361,0.0745562130177515,0.0591715976331361
"1548",0.0942928039702233,0.0620347394540943,0.110421836228288,0.0620347394540943,0.0781637717121588,0.0781637717121588,0.0620347394540943,0.0620347394540943,0.0781637717121588,0.0620347394540943,0.110421836228288,0.0620347394540943,0.0781637717121588
"5436",0.084726867335563,0.0557413600891862,0.0557413600891862,0.0702341137123746,0.11371237458194,0.0992196209587514,0.0702341137123746,0.0557413600891862,0.084726867335563,0.0557413600891862,0.0557413600891862,0.0992196209587514,0.0992196209587514
"14194",0.0582750582750583,0.0582750582750583,0.0582750582750583,0.0734265734265734,0.0734265734265734,0.118881118881119,0.0885780885780886,0.0582750582750583,0.0885780885780886,0.0885780885780886,0.0582750582750583,0.0885780885780886,0.0885780885780886
"7336",0.0600961538461538,0.0913461538461539,0.0600961538461538,0.0600961538461538,0.0913461538461539,0.0600961538461538,0.0600961538461538,0.0757211538461539,0.106971153846154,0.0757211538461539,0.0757211538461539,0.0757211538461539,0.106971153846154
"6278",0.0754147812971342,0.0754147812971342,0.0754147812971342,0.0754147812971342,0.0754147812971342,0.0754147812971342,0.0754147812971342,0.0754147812971342,0.0950226244343891,0.0754147812971342,0.0754147812971342,0.0754147812971342,0.0754147812971342
"5080",0.0739644970414201,0.0739644970414201,0.0739644970414201,0.0739644970414201,0.0931952662721894,0.0739644970414201,0.0739644970414201,0.0931952662721894,0.0739644970414201,0.0739644970414201,0.0739644970414201,0.0739644970414201,0.0739644970414201
"13469",0.0725689404934688,0.0914368650217707,0.0725689404934688,0.0725689404934688,0.0725689404934688,0.0725689404934688,0.0725689404934688,0.0725689404934688,0.0725689404934688,0.0725689404934688,0.0914368650217707,0.0725689404934688,0.0914368650217707
"11279",0.0712250712250712,0.0897435897435898,0.0712250712250712,0.0897435897435898,0.0712250712250712,0.0712250712250712,0.0897435897435898,0.0712250712250712,0.0897435897435898,0.0712250712250712,0.0712250712250712,0.0712250712250712,0.0712250712250712
"7851",0.051975051975052,0.0654885654885655,0.051975051975052,0.0654885654885655,0.079002079002079,0.051975051975052,0.051975051975052,0.106029106029106,0.051975051975052,0.16008316008316,0.11954261954262,0.0654885654885655,0.079002079002079
"11556",0.0754147812971342,0.0754147812971342,0.0754147812971342,0.0754147812971342,0.0754147812971342,0.0754147812971342,0.0754147812971342,0.0754147812971342,0.0950226244343891,0.0754147812971342,0.0754147812971342,0.0754147812971342,0.0754147812971342
"2327",0.0739644970414201,0.0739644970414201,0.0739644970414201,0.0739644970414201,0.0931952662721894,0.0739644970414201,0.0931952662721894,0.0739644970414201,0.0739644970414201,0.0739644970414201,0.0739644970414201,0.0739644970414201,0.0739644970414201
"3994",0.0850202429149798,0.0674763832658569,0.0674763832658569,0.0850202429149798,0.102564102564103,0.0674763832658569,0.0850202429149798,0.0850202429149798,0.0674763832658569,0.0674763832658569,0.0674763832658569,0.0850202429149798,0.0674763832658569
"12260",0.0897435897435898,0.0712250712250712,0.0712250712250712,0.0712250712250712,0.0712250712250712,0.108262108262108,0.0712250712250712,0.0712250712250712,0.0712250712250712,0.0712250712250712,0.0712250712250712,0.0897435897435898,0.0712250712250712
"3097",0.104395604395604,0.0865384615384616,0.0686813186813187,0.0686813186813187,0.0865384615384616,0.0686813186813187,0.0686813186813187,0.0686813186813187,0.0686813186813187,0.0686813186813187,0.0686813186813187,0.104395604395604,0.0686813186813187
"11854",0.0699300699300699,0.0881118881118881,0.0699300699300699,0.0699300699300699,0.0699300699300699,0.0699300699300699,0.106293706293706,0.0881118881118881,0.0699300699300699,0.0699300699300699,0.0699300699300699,0.0881118881118881,0.0699300699300699
"7615",0.0630517023959647,0.0794451450189155,0.0630517023959647,0.0794451450189155,0.0794451450189155,0.0794451450189155,0.0794451450189155,0.0794451450189155,0.128625472887768,0.0630517023959647,0.0630517023959647,0.0630517023959647,0.0794451450189155
"6561",0.0725689404934688,0.0914368650217707,0.0725689404934688,0.0914368650217707,0.0725689404934688,0.0725689404934688,0.0725689404934688,0.0725689404934688,0.0725689404934688,0.0914368650217707,0.0725689404934688,0.0725689404934688,0.0725689404934688
"3249",0.0630517023959647,0.0630517023959647,0.0630517023959647,0.0794451450189155,0.0630517023959647,0.0794451450189155,0.0958385876418663,0.0630517023959647,0.0958385876418663,0.0630517023959647,0.0630517023959647,0.0794451450189155,0.128625472887768
"4775",0.116036505867014,0.0821382007822686,0.0651890482398957,0.0821382007822686,0.0821382007822686,0.0990873533246415,0.0821382007822686,0.0651890482398957,0.0651890482398957,0.0651890482398957,0.0651890482398957,0.0651890482398957,0.0651890482398957
"11974",0.0699300699300699,0.0881118881118881,0.0699300699300699,0.0881118881118881,0.106293706293706,0.0699300699300699,0.0699300699300699,0.0699300699300699,0.0699300699300699,0.0881118881118881,0.0699300699300699,0.0699300699300699,0.0699300699300699
"8258",0.085972850678733,0.085972850678733,0.0565610859728507,0.085972850678733,0.100678733031674,0.130090497737557,0.085972850678733,0.0712669683257919,0.0565610859728507,0.0712669683257919,0.0565610859728507,0.0565610859728507,0.0565610859728507
"3045",0.0641025641025641,0.0641025641025641,0.0641025641025641,0.114102564102564,0.0974358974358975,0.0974358974358975,0.0807692307692308,0.0807692307692308,0.0641025641025641,0.0807692307692308,0.0641025641025641,0.0641025641025641,0.0641025641025641
"13756",0.0739644970414201,0.0739644970414201,0.0739644970414201,0.0739644970414201,0.112426035502959,0.0739644970414201,0.0739644970414201,0.0739644970414201,0.0739644970414201,0.0739644970414201,0.0739644970414201,0.0739644970414201,0.0739644970414201
"53",0.111888111888112,0.0550699300699301,0.0777972027972028,0.0437062937062937,0.0437062937062937,0.214160839160839,0.0550699300699301,0.0550699300699301,0.0891608391608392,0.0550699300699301,0.0550699300699301,0.0664335664335664,0.0777972027972028
"11100",0.0674763832658569,0.0850202429149798,0.0850202429149798,0.0674763832658569,0.0850202429149798,0.0674763832658569,0.0850202429149798,0.0674763832658569,0.0850202429149798,0.0850202429149798,0.0674763832658569,0.0850202429149798,0.0674763832658569
"8399",0.0712250712250712,0.0712250712250712,0.0712250712250712,0.108262108262108,0.0712250712250712,0.0712250712250712,0.0897435897435898,0.0712250712250712,0.0712250712250712,0.0712250712250712,0.0712250712250712,0.0897435897435898,0.0712250712250712
"8131",0.0942928039702233,0.126550868486352,0.0620347394540943,0.0620347394540943,0.0942928039702233,0.0620347394540943,0.0942928039702233,0.0781637717121588,0.0781637717121588,0.0620347394540943,0.0620347394540943,0.0620347394540943,0.0620347394540943
"10508",0.0699300699300699,0.0699300699300699,0.0699300699300699,0.0881118881118881,0.106293706293706,0.0699300699300699,0.0699300699300699,0.0881118881118881,0.0881118881118881,0.0699300699300699,0.0699300699300699,0.0699300699300699,0.0699300699300699
"4398",0.0699300699300699,0.0699300699300699,0.0699300699300699,0.106293706293706,0.0881118881118881,0.0881118881118881,0.0881118881118881,0.0699300699300699,0.0699300699300699,0.0699300699300699,0.0699300699300699,0.0699300699300699,0.0699300699300699
"12427",0.108974358974359,0.0811965811965812,0.0811965811965812,0.0673076923076923,0.108974358974359,0.0950854700854701,0.0534188034188034,0.0534188034188034,0.0673076923076923,0.0673076923076923,0.0811965811965812,0.0811965811965812,0.0534188034188034
"6271",0.102564102564103,0.0850202429149798,0.0674763832658569,0.102564102564103,0.0674763832658569,0.0674763832658569,0.0674763832658569,0.0850202429149798,0.0674763832658569,0.0674763832658569,0.0674763832658569,0.0674763832658569,0.0850202429149798
"9256",0.061050061050061,0.0927960927960928,0.0769230769230769,0.061050061050061,0.061050061050061,0.108669108669109,0.0927960927960928,0.108669108669109,0.061050061050061,0.061050061050061,0.0927960927960928,0.061050061050061,0.061050061050061
"4360",0.0686813186813187,0.0686813186813187,0.0865384615384616,0.0865384615384616,0.0686813186813187,0.0686813186813187,0.104395604395604,0.0865384615384616,0.0686813186813187,0.0686813186813187,0.0686813186813187,0.0865384615384616,0.0686813186813187
"5683",0.0739644970414201,0.0739644970414201,0.0739644970414201,0.0739644970414201,0.0739644970414201,0.0739644970414201,0.0739644970414201,0.0739644970414201,0.0931952662721894,0.0739644970414201,0.0931952662721894,0.0739644970414201,0.0739644970414201
"8146",0.0913461538461539,0.0913461538461539,0.0757211538461539,0.0600961538461538,0.0913461538461539,0.0757211538461539,0.0913461538461539,0.0600961538461538,0.0757211538461539,0.0600961538461538,0.0600961538461538,0.0600961538461538,0.106971153846154
"10501",0.0641025641025641,0.0807692307692308,0.0974358974358975,0.0974358974358975,0.0641025641025641,0.0641025641025641,0.0641025641025641,0.0807692307692308,0.0641025641025641,0.0974358974358975,0.0641025641025641,0.0974358974358975,0.0641025641025641
"14054",0.087256027554535,0.0723306544202067,0.0723306544202067,0.0574052812858783,0.087256027554535,0.0574052812858783,0.0723306544202067,0.087256027554535,0.087256027554535,0.0723306544202067,0.102181400688863,0.0723306544202067,0.0723306544202067
"12840",0.0686813186813187,0.0865384615384616,0.0686813186813187,0.0686813186813187,0.0686813186813187,0.0686813186813187,0.0865384615384616,0.0686813186813187,0.104395604395604,0.0686813186813187,0.0686813186813187,0.0686813186813187,0.104395604395604
"11669",0.0725689404934688,0.0914368650217707,0.0725689404934688,0.0725689404934688,0.0725689404934688,0.0725689404934688,0.0725689404934688,0.0914368650217707,0.0914368650217707,0.0725689404934688,0.0725689404934688,0.0725689404934688,0.0725689404934688
"8903",0.0651890482398957,0.0651890482398957,0.0651890482398957,0.0651890482398957,0.0990873533246415,0.0651890482398957,0.0821382007822686,0.0990873533246415,0.0651890482398957,0.0990873533246415,0.0821382007822686,0.0651890482398957,0.0821382007822686
"5610",0.0725689404934688,0.0725689404934688,0.0914368650217707,0.0725689404934688,0.0725689404934688,0.0725689404934688,0.0725689404934688,0.0725689404934688,0.0725689404934688,0.0725689404934688,0.0725689404934688,0.0725689404934688,0.110304789550073
"8745",0.0574052812858783,0.087256027554535,0.0723306544202067,0.0723306544202067,0.087256027554535,0.087256027554535,0.102181400688863,0.0723306544202067,0.0574052812858783,0.087256027554535,0.0723306544202067,0.087256027554535,0.0574052812858783
"410",0.109211775878443,0.0845204178537512,0.0598290598290598,0.0598290598290598,0.0845204178537512,0.0721747388414055,0.0598290598290598,0.0721747388414055,0.109211775878443,0.0598290598290598,0.0721747388414055,0.0845204178537512,0.0721747388414055
"616",0.107481559536354,0.0526870389884089,0.0663856691253952,0.0663856691253952,0.0526870389884089,0.0800842992623815,0.107481559536354,0.0526870389884089,0.107481559536354,0.0937829293993678,0.0663856691253952,0.0800842992623815,0.0663856691253952
"6129",0.0674763832658569,0.0850202429149798,0.0850202429149798,0.0850202429149798,0.0850202429149798,0.0850202429149798,0.0674763832658569,0.0850202429149798,0.0674763832658569,0.0850202429149798,0.0674763832658569,0.0674763832658569,0.0674763832658569
"1170",0.108669108669109,0.0769230769230769,0.061050061050061,0.061050061050061,0.108669108669109,0.061050061050061,0.0769230769230769,0.061050061050061,0.0927960927960928,0.061050061050061,0.061050061050061,0.0927960927960928,0.0769230769230769
"5278",0.0980769230769231,0.0730769230769231,0.0730769230769231,0.0730769230769231,0.0605769230769231,0.0855769230769231,0.0855769230769231,0.0730769230769231,0.0605769230769231,0.0480769230769231,0.148076923076923,0.0605769230769231,0.0605769230769231
"5760",0.0821382007822686,0.0821382007822686,0.0651890482398957,0.0651890482398957,0.0990873533246415,0.0651890482398957,0.0821382007822686,0.0651890482398957,0.0990873533246415,0.0651890482398957,0.0651890482398957,0.0821382007822686,0.0821382007822686
"11608",0.0754147812971342,0.0754147812971342,0.0754147812971342,0.0950226244343891,0.0754147812971342,0.0754147812971342,0.0754147812971342,0.0754147812971342,0.0754147812971342,0.0754147812971342,0.0754147812971342,0.0754147812971342,0.0754147812971342
"7745",0.0620347394540943,0.0781637717121588,0.0620347394540943,0.0781637717121588,0.0620347394540943,0.0781637717121588,0.110421836228288,0.126550868486352,0.0781637717121588,0.0781637717121588,0.0620347394540943,0.0620347394540943,0.0620347394540943
"13051",0.0754147812971342,0.0754147812971342,0.0754147812971342,0.0754147812971342,0.0950226244343891,0.0754147812971342,0.0754147812971342,0.0754147812971342,0.0754147812971342,0.0754147812971342,0.0754147812971342,0.0754147812971342,0.0754147812971342
"123",0.148076923076923,0.0605769230769231,0.0980769230769231,0.0605769230769231,0.0730769230769231,0.0855769230769231,0.0605769230769231,0.0480769230769231,0.0605769230769231,0.0855769230769231,0.123076923076923,0.0480769230769231,0.0480769230769231
"10862",0.0712250712250712,0.0712250712250712,0.0897435897435898,0.0897435897435898,0.0897435897435898,0.0897435897435898,0.0712250712250712,0.0712250712250712,0.0712250712250712,0.0712250712250712,0.0712250712250712,0.0712250712250712,0.0712250712250712
"13482",0.0897435897435898,0.0712250712250712,0.0897435897435898,0.0712250712250712,0.0712250712250712,0.0712250712250712,0.0897435897435898,0.0712250712250712,0.0712250712250712,0.0712250712250712,0.0897435897435898,0.0712250712250712,0.0712250712250712
"521",0.169471153846154,0.0600961538461538,0.0600961538461538,0.0757211538461539,0.0913461538461539,0.0913461538461539,0.0600961538461538,0.0600961538461538,0.0600961538461538,0.0913461538461539,0.0600961538461538,0.0600961538461538,0.0600961538461538
"10375",0.0739644970414201,0.0931952662721894,0.0739644970414201,0.0739644970414201,0.0739644970414201,0.0739644970414201,0.0739644970414201,0.0739644970414201,0.0739644970414201,0.0931952662721894,0.0739644970414201,0.0739644970414201,0.0739644970414201
"3632",0.0663129973474801,0.10079575596817,0.0663129973474801,0.0663129973474801,0.0663129973474801,0.0663129973474801,0.0663129973474801,0.10079575596817,0.0835543766578249,0.0835543766578249,0.0663129973474801,0.0663129973474801,0.10079575596817
"4071",0.0641025641025641,0.0807692307692308,0.0807692307692308,0.0641025641025641,0.0974358974358975,0.0641025641025641,0.0641025641025641,0.0974358974358975,0.0974358974358975,0.0641025641025641,0.0641025641025641,0.0641025641025641,0.0974358974358975
"1676",0.108669108669109,0.0769230769230769,0.0927960927960928,0.0769230769230769,0.061050061050061,0.061050061050061,0.061050061050061,0.0927960927960928,0.061050061050061,0.0769230769230769,0.0769230769230769,0.0769230769230769,0.0769230769230769
"10497",0.0712250712250712,0.0712250712250712,0.0712250712250712,0.0712250712250712,0.0712250712250712,0.0712250712250712,0.0712250712250712,0.0897435897435898,0.126780626780627,0.0712250712250712,0.0712250712250712,0.0712250712250712,0.0712250712250712
"7872",0.0565610859728507,0.0712669683257919,0.0565610859728507,0.085972850678733,0.085972850678733,0.085972850678733,0.100678733031674,0.0712669683257919,0.100678733031674,0.0712669683257919,0.0565610859728507,0.100678733031674,0.0565610859728507
"5084",0.0699300699300699,0.0699300699300699,0.0699300699300699,0.0881118881118881,0.106293706293706,0.0699300699300699,0.0699300699300699,0.0881118881118881,0.0699300699300699,0.0881118881118881,0.0699300699300699,0.0699300699300699,0.0699300699300699
"8915",0.0865384615384616,0.0865384615384616,0.0686813186813187,0.0865384615384616,0.0686813186813187,0.0686813186813187,0.104395604395604,0.0865384615384616,0.0686813186813187,0.0686813186813187,0.0686813186813187,0.0686813186813187,0.0686813186813187
"13022",0.0712250712250712,0.0712250712250712,0.0712250712250712,0.0712250712250712,0.145299145299145,0.0712250712250712,0.0712250712250712,0.0712250712250712,0.0712250712250712,0.0712250712250712,0.0712250712250712,0.0712250712250712,0.0712250712250712
"6366",0.0674763832658569,0.0850202429149798,0.120107962213225,0.0674763832658569,0.0674763832658569,0.0674763832658569,0.0674763832658569,0.0850202429149798,0.0674763832658569,0.0850202429149798,0.0674763832658569,0.0850202429149798,0.0674763832658569
"13608",0.0725689404934688,0.0914368650217707,0.0725689404934688,0.110304789550073,0.0725689404934688,0.0725689404934688,0.0725689404934688,0.0725689404934688,0.0725689404934688,0.0725689404934688,0.0725689404934688,0.0725689404934688,0.0725689404934688
"8828",0.0739644970414201,0.0739644970414201,0.0739644970414201,0.0739644970414201,0.0931952662721894,0.0739644970414201,0.0739644970414201,0.0739644970414201,0.0931952662721894,0.0739644970414201,0.0739644970414201,0.0739644970414201,0.0739644970414201
"12065",0.0794451450189155,0.0958385876418663,0.0630517023959647,0.0794451450189155,0.0630517023959647,0.0630517023959647,0.0958385876418663,0.112232030264817,0.0794451450189155,0.0630517023959647,0.0630517023959647,0.0794451450189155,0.0630517023959647
"10433",0.0754147812971342,0.0754147812971342,0.0754147812971342,0.0754147812971342,0.0754147812971342,0.0754147812971342,0.0754147812971342,0.0754147812971342,0.0754147812971342,0.0754147812971342,0.0950226244343891,0.0754147812971342,0.0754147812971342
"4119",0.0821382007822686,0.0821382007822686,0.0821382007822686,0.0651890482398957,0.0821382007822686,0.0651890482398957,0.0821382007822686,0.0990873533246415,0.0651890482398957,0.0651890482398957,0.0651890482398957,0.0990873533246415,0.0651890482398957
"2017",0.0630517023959647,0.0958385876418663,0.0630517023959647,0.0794451450189155,0.0958385876418663,0.0958385876418663,0.0630517023959647,0.0794451450189155,0.0630517023959647,0.0630517023959647,0.0794451450189155,0.0958385876418663,0.0630517023959647
"4915",0.0663129973474801,0.0835543766578249,0.0835543766578249,0.0663129973474801,0.10079575596817,0.0663129973474801,0.0835543766578249,0.0835543766578249,0.0835543766578249,0.0663129973474801,0.0663129973474801,0.0835543766578249,0.0663129973474801
"10845",0.0781637717121588,0.0781637717121588,0.0942928039702233,0.0620347394540943,0.0942928039702233,0.0620347394540943,0.0781637717121588,0.0781637717121588,0.0620347394540943,0.0781637717121588,0.0781637717121588,0.0781637717121588,0.0781637717121588
"4802",0.0699300699300699,0.0699300699300699,0.0699300699300699,0.0881118881118881,0.0699300699300699,0.0699300699300699,0.0699300699300699,0.0699300699300699,0.0699300699300699,0.106293706293706,0.0881118881118881,0.0699300699300699,0.0881118881118881
"10048",0.0754147812971342,0.0754147812971342,0.0754147812971342,0.0754147812971342,0.0950226244343891,0.0754147812971342,0.0754147812971342,0.0754147812971342,0.0754147812971342,0.0754147812971342,0.0754147812971342,0.0754147812971342,0.0754147812971342
"13395",0.0712250712250712,0.0712250712250712,0.0897435897435898,0.0897435897435898,0.0712250712250712,0.0712250712250712,0.0712250712250712,0.0897435897435898,0.0897435897435898,0.0712250712250712,0.0712250712250712,0.0712250712250712,0.0712250712250712
"7178",0.0673076923076923,0.0673076923076923,0.0534188034188034,0.0811965811965812,0.0673076923076923,0.0673076923076923,0.0950854700854701,0.108974358974359,0.108974358974359,0.0673076923076923,0.0534188034188034,0.108974358974359,0.0534188034188034
"10199",0.0630517023959647,0.0630517023959647,0.0630517023959647,0.0630517023959647,0.0794451450189155,0.0630517023959647,0.0794451450189155,0.128625472887768,0.0958385876418663,0.0794451450189155,0.0630517023959647,0.0630517023959647,0.0958385876418663
"11121",0.0835543766578249,0.0663129973474801,0.0663129973474801,0.0663129973474801,0.0663129973474801,0.0835543766578249,0.0663129973474801,0.118037135278515,0.10079575596817,0.0663129973474801,0.0663129973474801,0.0835543766578249,0.0663129973474801
"5336",0.0745562130177515,0.0745562130177515,0.0591715976331361,0.0745562130177515,0.0745562130177515,0.0745562130177515,0.0591715976331361,0.0745562130177515,0.0899408284023669,0.0745562130177515,0.0745562130177515,0.0899408284023669,0.105325443786982
"14002",0.0807692307692308,0.0807692307692308,0.0807692307692308,0.0641025641025641,0.0641025641025641,0.0641025641025641,0.0807692307692308,0.0974358974358975,0.0807692307692308,0.0807692307692308,0.0807692307692308,0.0807692307692308,0.0641025641025641
"8576",0.0651890482398957,0.0651890482398957,0.0821382007822686,0.0651890482398957,0.0821382007822686,0.0990873533246415,0.0651890482398957,0.0821382007822686,0.0651890482398957,0.0651890482398957,0.132985658409387,0.0651890482398957,0.0651890482398957
"10015",0.0739644970414201,0.0739644970414201,0.0739644970414201,0.0739644970414201,0.0739644970414201,0.0739644970414201,0.0739644970414201,0.0931952662721894,0.0739644970414201,0.0739644970414201,0.0739644970414201,0.0931952662721894,0.0739644970414201
"2261",0.0663129973474801,0.0663129973474801,0.0663129973474801,0.0835543766578249,0.0835543766578249,0.0663129973474801,0.0663129973474801,0.0663129973474801,0.0663129973474801,0.0835543766578249,0.10079575596817,0.0663129973474801,0.118037135278515
"1704",0.110421836228288,0.0942928039702233,0.0620347394540943,0.0620347394540943,0.0781637717121588,0.0620347394540943,0.0781637717121588,0.0620347394540943,0.110421836228288,0.0620347394540943,0.0781637717121588,0.0620347394540943,0.0781637717121588
"14154",0.0565610859728507,0.0712669683257919,0.159502262443439,0.0565610859728507,0.085972850678733,0.0565610859728507,0.100678733031674,0.0565610859728507,0.0565610859728507,0.085972850678733,0.0565610859728507,0.0712669683257919,0.085972850678733
"4012",0.0674763832658569,0.102564102564103,0.0674763832658569,0.0850202429149798,0.0850202429149798,0.0674763832658569,0.0674763832658569,0.0850202429149798,0.0850202429149798,0.0674763832658569,0.0674763832658569,0.0674763832658569,0.0850202429149798
"8473",0.0699300699300699,0.0699300699300699,0.0699300699300699,0.106293706293706,0.0699300699300699,0.0699300699300699,0.0699300699300699,0.0881118881118881,0.0881118881118881,0.0699300699300699,0.0881118881118881,0.0699300699300699,0.0699300699300699
"8210",0.0723306544202067,0.0574052812858783,0.0723306544202067,0.102181400688863,0.117106773823192,0.0574052812858783,0.0574052812858783,0.102181400688863,0.102181400688863,0.0723306544202067,0.0574052812858783,0.0723306544202067,0.0574052812858783
"9533",0.0835543766578249,0.0663129973474801,0.0835543766578249,0.0835543766578249,0.0663129973474801,0.0663129973474801,0.10079575596817,0.0835543766578249,0.0835543766578249,0.0663129973474801,0.0835543766578249,0.0663129973474801,0.0663129973474801
"3551",0.135278514588859,0.0663129973474801,0.0835543766578249,0.0663129973474801,0.0835543766578249,0.0663129973474801,0.0835543766578249,0.0663129973474801,0.0835543766578249,0.0663129973474801,0.0663129973474801,0.0663129973474801,0.0663129973474801
"1911",0.0739644970414201,0.0739644970414201,0.0739644970414201,0.0739644970414201,0.0739644970414201,0.0739644970414201,0.0739644970414201,0.0739644970414201,0.0931952662721894,0.0931952662721894,0.0739644970414201,0.0739644970414201,0.0739644970414201
"6886",0.0794451450189155,0.0630517023959647,0.0630517023959647,0.0794451450189155,0.0794451450189155,0.0794451450189155,0.0958385876418663,0.0794451450189155,0.112232030264817,0.0794451450189155,0.0630517023959647,0.0630517023959647,0.0630517023959647
"4244",0.0739644970414201,0.0739644970414201,0.0739644970414201,0.0739644970414201,0.0931952662721894,0.0739644970414201,0.0739644970414201,0.0739644970414201,0.0739644970414201,0.0931952662721894,0.0739644970414201,0.0739644970414201,0.0739644970414201
"2391",0.0663129973474801,0.0663129973474801,0.0835543766578249,0.0663129973474801,0.10079575596817,0.0835543766578249,0.0835543766578249,0.0663129973474801,0.0663129973474801,0.0663129973474801,0.10079575596817,0.0663129973474801,0.0835543766578249
"9760",0.0757211538461539,0.0913461538461539,0.0757211538461539,0.0913461538461539,0.0757211538461539,0.0913461538461539,0.0913461538461539,0.0913461538461539,0.0600961538461538,0.0600961538461538,0.0600961538461538,0.0757211538461539,0.0600961538461538
"5793",0.178869323447637,0.082483781278962,0.0583873957367933,0.082483781278962,0.0704355885078777,0.0704355885078777,0.046339202965709,0.0704355885078777,0.082483781278962,0.0704355885078777,0.046339202965709,0.082483781278962,0.0583873957367933
"6026",0.0651890482398957,0.116036505867014,0.0990873533246415,0.0651890482398957,0.0651890482398957,0.0821382007822686,0.0651890482398957,0.0651890482398957,0.0651890482398957,0.0651890482398957,0.116036505867014,0.0651890482398957,0.0651890482398957
"176",0.077948717948718,0.0512820512820513,0.0646153846153846,0.0512820512820513,0.077948717948718,0.0912820512820513,0.0912820512820513,0.0646153846153846,0.0512820512820513,0.144615384615385,0.104615384615385,0.077948717948718,0.0512820512820513
"11791",0.0739644970414201,0.0739644970414201,0.0739644970414201,0.0739644970414201,0.0739644970414201,0.0739644970414201,0.0739644970414201,0.0931952662721894,0.0739644970414201,0.0739644970414201,0.0931952662721894,0.0739644970414201,0.0739644970414201
"10025",0.0712250712250712,0.0712250712250712,0.0712250712250712,0.0897435897435898,0.0897435897435898,0.0712250712250712,0.0897435897435898,0.0712250712250712,0.0712250712250712,0.0712250712250712,0.0897435897435898,0.0712250712250712,0.0712250712250712
"10116",0.0897435897435898,0.0712250712250712,0.0712250712250712,0.0712250712250712,0.0712250712250712,0.0897435897435898,0.0712250712250712,0.0712250712250712,0.0712250712250712,0.0897435897435898,0.0897435897435898,0.0712250712250712,0.0712250712250712
"1267",0.146957520091848,0.087256027554535,0.0723306544202067,0.0574052812858783,0.087256027554535,0.087256027554535,0.0574052812858783,0.0723306544202067,0.0574052812858783,0.0574052812858783,0.0574052812858783,0.087256027554535,0.0723306544202067
"12364",0.0591715976331361,0.0591715976331361,0.0899408284023669,0.0591715976331361,0.0591715976331361,0.0591715976331361,0.0899408284023669,0.0745562130177515,0.0899408284023669,0.151479289940828,0.0899408284023669,0.0591715976331361,0.0591715976331361
"6360",0.0865384615384616,0.0865384615384616,0.0865384615384616,0.0686813186813187,0.0686813186813187,0.0686813186813187,0.0686813186813187,0.0686813186813187,0.0686813186813187,0.0865384615384616,0.0686813186813187,0.0686813186813187,0.104395604395604
"3889",0.0663129973474801,0.0663129973474801,0.10079575596817,0.0663129973474801,0.0663129973474801,0.0835543766578249,0.0835543766578249,0.0663129973474801,0.0663129973474801,0.0835543766578249,0.0835543766578249,0.0835543766578249,0.0835543766578249
"4092",0.108262108262108,0.0712250712250712,0.0897435897435898,0.0712250712250712,0.0712250712250712,0.0712250712250712,0.0712250712250712,0.0712250712250712,0.0712250712250712,0.0712250712250712,0.0712250712250712,0.0712250712250712,0.0897435897435898
"9844",0.0725689404934688,0.0914368650217707,0.0725689404934688,0.0725689404934688,0.0725689404934688,0.0725689404934688,0.0725689404934688,0.0725689404934688,0.0725689404934688,0.0725689404934688,0.110304789550073,0.0725689404934688,0.0725689404934688
"5244",0.0600961538461538,0.0600961538461538,0.0757211538461539,0.122596153846154,0.0600961538461538,0.0757211538461539,0.0757211538461539,0.0600961538461538,0.0757211538461539,0.0757211538461539,0.106971153846154,0.0757211538461539,0.0757211538461539
"3944",0.0958385876418663,0.0958385876418663,0.0630517023959647,0.0630517023959647,0.0794451450189155,0.0794451450189155,0.0630517023959647,0.0630517023959647,0.0630517023959647,0.0794451450189155,0.0794451450189155,0.0794451450189155,0.0958385876418663
"8467",0.0557413600891862,0.0557413600891862,0.0702341137123746,0.11371237458194,0.0702341137123746,0.0557413600891862,0.084726867335563,0.0557413600891862,0.0557413600891862,0.084726867335563,0.157190635451505,0.084726867335563,0.0557413600891862
"2919",0.0641025641025641,0.114102564102564,0.0807692307692308,0.0807692307692308,0.0641025641025641,0.0641025641025641,0.114102564102564,0.0641025641025641,0.0641025641025641,0.0974358974358975,0.0641025641025641,0.0641025641025641,0.0641025641025641
"4525",0.0881118881118881,0.0699300699300699,0.106293706293706,0.0881118881118881,0.0699300699300699,0.0881118881118881,0.0699300699300699,0.0699300699300699,0.0699300699300699,0.0699300699300699,0.0699300699300699,0.0699300699300699,0.0699300699300699
"12484",0.0807692307692308,0.0974358974358975,0.0641025641025641,0.0641025641025641,0.0974358974358975,0.0641025641025641,0.0641025641025641,0.0641025641025641,0.114102564102564,0.0807692307692308,0.0641025641025641,0.0641025641025641,0.0807692307692308
"7486",0.0866601752677702,0.0613437195715677,0.0486854917234664,0.111976630963973,0.074001947419669,0.0866601752677702,0.111976630963973,0.0866601752677702,0.0486854917234664,0.0486854917234664,0.074001947419669,0.074001947419669,0.0866601752677702
"13323",0.0725689404934688,0.0914368650217707,0.0725689404934688,0.0725689404934688,0.0725689404934688,0.0725689404934688,0.0725689404934688,0.0725689404934688,0.0914368650217707,0.0914368650217707,0.0725689404934688,0.0725689404934688,0.0725689404934688
"4474",0.0725689404934688,0.0725689404934688,0.0725689404934688,0.0725689404934688,0.110304789550073,0.0725689404934688,0.0914368650217707,0.0725689404934688,0.0725689404934688,0.0725689404934688,0.0725689404934688,0.0725689404934688,0.0725689404934688
"13906",0.0739644970414201,0.0739644970414201,0.0739644970414201,0.0739644970414201,0.0739644970414201,0.0739644970414201,0.0739644970414201,0.0739644970414201,0.0931952662721894,0.0931952662721894,0.0739644970414201,0.0739644970414201,0.0739644970414201
"4424",0.0663129973474801,0.0663129973474801,0.0663129973474801,0.0663129973474801,0.0663129973474801,0.0663129973474801,0.0835543766578249,0.10079575596817,0.0835543766578249,0.0663129973474801,0.0663129973474801,0.0835543766578249,0.118037135278515
"6520",0.0725689404934688,0.0914368650217707,0.0725689404934688,0.0725689404934688,0.0725689404934688,0.0725689404934688,0.0725689404934688,0.0725689404934688,0.0914368650217707,0.0914368650217707,0.0725689404934688,0.0725689404934688,0.0725689404934688
"1643",0.0620347394540943,0.0781637717121588,0.0942928039702233,0.0620347394540943,0.0781637717121588,0.0620347394540943,0.126550868486352,0.0620347394540943,0.0781637717121588,0.0781637717121588,0.0942928039702233,0.0620347394540943,0.0620347394540943
"3536",0.0990873533246415,0.0651890482398957,0.0651890482398957,0.0651890482398957,0.0651890482398957,0.0651890482398957,0.0990873533246415,0.0821382007822686,0.0651890482398957,0.0990873533246415,0.0990873533246415,0.0651890482398957,0.0651890482398957
"5630",0.0663129973474801,0.0663129973474801,0.10079575596817,0.0835543766578249,0.0663129973474801,0.0835543766578249,0.0663129973474801,0.0835543766578249,0.10079575596817,0.0663129973474801,0.0663129973474801,0.0663129973474801,0.0835543766578249
"12430",0.0692307692307692,0.0549450549450549,0.112087912087912,0.0692307692307692,0.0692307692307692,0.0692307692307692,0.0549450549450549,0.0549450549450549,0.126373626373626,0.0978021978021978,0.0692307692307692,0.0835164835164835,0.0692307692307692
"3214",0.0835543766578249,0.0835543766578249,0.10079575596817,0.0663129973474801,0.0835543766578249,0.0835543766578249,0.0663129973474801,0.0835543766578249,0.0663129973474801,0.0663129973474801,0.0663129973474801,0.0663129973474801,0.0835543766578249
"7358",0.074001947419669,0.074001947419669,0.0486854917234664,0.0993184031158715,0.0486854917234664,0.0486854917234664,0.0613437195715677,0.0866601752677702,0.137293086660175,0.074001947419669,0.0486854917234664,0.124634858812074,0.074001947419669
"367",0.0749506903353057,0.0621301775147929,0.0749506903353057,0.0877712031558185,0.0621301775147929,0.0877712031558185,0.113412228796844,0.0493096646942801,0.0877712031558185,0.0749506903353057,0.0621301775147929,0.0621301775147929,0.100591715976331
"6082",0.0712250712250712,0.0712250712250712,0.0712250712250712,0.0897435897435898,0.0712250712250712,0.0712250712250712,0.0897435897435898,0.0712250712250712,0.0712250712250712,0.0897435897435898,0.0897435897435898,0.0712250712250712,0.0712250712250712
"10694",0.0641025641025641,0.0641025641025641,0.0641025641025641,0.114102564102564,0.0807692307692308,0.0807692307692308,0.114102564102564,0.0807692307692308,0.0807692307692308,0.0641025641025641,0.0641025641025641,0.0641025641025641,0.0641025641025641
"9656",0.0630517023959647,0.0958385876418663,0.0630517023959647,0.0630517023959647,0.112232030264817,0.0630517023959647,0.0958385876418663,0.0794451450189155,0.0794451450189155,0.0630517023959647,0.0794451450189155,0.0794451450189155,0.0630517023959647
"13802",0.0739644970414201,0.0739644970414201,0.0739644970414201,0.0739644970414201,0.0931952662721894,0.0739644970414201,0.0739644970414201,0.0739644970414201,0.0739644970414201,0.0931952662721894,0.0739644970414201,0.0739644970414201,0.0739644970414201
"9443",0.0897435897435898,0.0712250712250712,0.0712250712250712,0.108262108262108,0.0712250712250712,0.0712250712250712,0.0712250712250712,0.0897435897435898,0.0712250712250712,0.0712250712250712,0.0712250712250712,0.0712250712250712,0.0712250712250712
"11522",0.0699300699300699,0.0881118881118881,0.0881118881118881,0.0881118881118881,0.0881118881118881,0.0699300699300699,0.0699300699300699,0.0881118881118881,0.0699300699300699,0.0699300699300699,0.0699300699300699,0.0699300699300699,0.0699300699300699
"5266",0.0641025641025641,0.0807692307692308,0.0807692307692308,0.130769230769231,0.0974358974358975,0.0807692307692308,0.0641025641025641,0.0641025641025641,0.0807692307692308,0.0641025641025641,0.0641025641025641,0.0641025641025641,0.0641025641025641
"11778",0.0725689404934688,0.0725689404934688,0.0725689404934688,0.0725689404934688,0.110304789550073,0.0914368650217707,0.0725689404934688,0.0725689404934688,0.0725689404934688,0.0725689404934688,0.0725689404934688,0.0725689404934688,0.0725689404934688
"14250",0.0699300699300699,0.0699300699300699,0.0881118881118881,0.0699300699300699,0.106293706293706,0.0699300699300699,0.0881118881118881,0.0699300699300699,0.0881118881118881,0.0699300699300699,0.0699300699300699,0.0699300699300699,0.0699300699300699
"7299",0.0855769230769231,0.0480769230769231,0.0980769230769231,0.0730769230769231,0.0480769230769231,0.0980769230769231,0.0480769230769231,0.148076923076923,0.0855769230769231,0.0480769230769231,0.0730769230769231,0.0855769230769231,0.0605769230769231
"13204",0.0739644970414201,0.0739644970414201,0.0739644970414201,0.0739644970414201,0.0739644970414201,0.0739644970414201,0.0931952662721894,0.0739644970414201,0.0739644970414201,0.0931952662721894,0.0739644970414201,0.0739644970414201,0.0739644970414201
"6337",0.0881118881118881,0.0699300699300699,0.0881118881118881,0.0699300699300699,0.0699300699300699,0.0699300699300699,0.0699300699300699,0.0881118881118881,0.0881118881118881,0.0699300699300699,0.0881118881118881,0.0699300699300699,0.0699300699300699
"13505",0.0725689404934688,0.0914368650217707,0.0725689404934688,0.0725689404934688,0.0914368650217707,0.0725689404934688,0.0725689404934688,0.0725689404934688,0.0914368650217707,0.0725689404934688,0.0725689404934688,0.0725689404934688,0.0725689404934688
"2619",0.0663129973474801,0.0663129973474801,0.0663129973474801,0.0835543766578249,0.0663129973474801,0.0663129973474801,0.0663129973474801,0.0663129973474801,0.0663129973474801,0.152519893899204,0.0835543766578249,0.0663129973474801,0.0835543766578249
"2392",0.0974358974358975,0.0807692307692308,0.0807692307692308,0.0807692307692308,0.0807692307692308,0.0641025641025641,0.0807692307692308,0.0641025641025641,0.0641025641025641,0.0807692307692308,0.0641025641025641,0.0641025641025641,0.0974358974358975
"8911",0.0630517023959647,0.0630517023959647,0.0630517023959647,0.0794451450189155,0.0794451450189155,0.0958385876418663,0.0630517023959647,0.112232030264817,0.0794451450189155,0.0794451450189155,0.0794451450189155,0.0794451450189155,0.0630517023959647
"11562",0.0712250712250712,0.0897435897435898,0.0712250712250712,0.0897435897435898,0.0712250712250712,0.0897435897435898,0.0712250712250712,0.0712250712250712,0.0897435897435898,0.0712250712250712,0.0712250712250712,0.0712250712250712,0.0712250712250712
"506",0.061050061050061,0.0769230769230769,0.108669108669109,0.061050061050061,0.0769230769230769,0.061050061050061,0.0927960927960928,0.108669108669109,0.061050061050061,0.061050061050061,0.0769230769230769,0.0769230769230769,0.0769230769230769
"13572",0.0699300699300699,0.0881118881118881,0.0699300699300699,0.106293706293706,0.0699300699300699,0.0699300699300699,0.0699300699300699,0.0699300699300699,0.0881118881118881,0.0699300699300699,0.0699300699300699,0.0881118881118881,0.0699300699300699
"5927",0.0600961538461538,0.0757211538461539,0.106971153846154,0.0600961538461538,0.0757211538461539,0.0600961538461538,0.0600961538461538,0.0757211538461539,0.0757211538461539,0.0757211538461539,0.106971153846154,0.0913461538461539,0.0757211538461539
"2698",0.0663129973474801,0.118037135278515,0.0663129973474801,0.0835543766578249,0.0835543766578249,0.0663129973474801,0.0835543766578249,0.0663129973474801,0.0835543766578249,0.0663129973474801,0.0663129973474801,0.0835543766578249,0.0663129973474801
"5546",0.112087912087912,0.0549450549450549,0.0978021978021978,0.0692307692307692,0.0692307692307692,0.0835164835164835,0.0692307692307692,0.0549450549450549,0.0549450549450549,0.112087912087912,0.0835164835164835,0.0835164835164835,0.0549450549450549
"448",0.0811965811965812,0.0950854700854701,0.122863247863248,0.0534188034188034,0.0534188034188034,0.0950854700854701,0.0534188034188034,0.0673076923076923,0.0534188034188034,0.0950854700854701,0.0673076923076923,0.0811965811965812,0.0811965811965812
"1017",0.0663129973474801,0.118037135278515,0.0663129973474801,0.0663129973474801,0.0663129973474801,0.0663129973474801,0.0663129973474801,0.0835543766578249,0.10079575596817,0.0835543766578249,0.0663129973474801,0.0663129973474801,0.0835543766578249
"5203",0.0757211538461539,0.0600961538461538,0.0913461538461539,0.0600961538461538,0.0913461538461539,0.0913461538461539,0.0757211538461539,0.0600961538461538,0.0600961538461538,0.0757211538461539,0.122596153846154,0.0600961538461538,0.0757211538461539
"4731",0.0914368650217707,0.0725689404934688,0.0914368650217707,0.0725689404934688,0.0725689404934688,0.0725689404934688,0.0725689404934688,0.0914368650217707,0.0725689404934688,0.0725689404934688,0.0725689404934688,0.0725689404934688,0.0725689404934688
"9232",0.0620347394540943,0.126550868486352,0.0620347394540943,0.0620347394540943,0.0620347394540943,0.0620347394540943,0.0942928039702233,0.0781637717121588,0.110421836228288,0.0620347394540943,0.0942928039702233,0.0620347394540943,0.0620347394540943
"2423",0.0865384615384616,0.0686813186813187,0.0865384615384616,0.0865384615384616,0.0686813186813187,0.0686813186813187,0.0686813186813187,0.0686813186813187,0.0686813186813187,0.0865384615384616,0.0865384615384616,0.0686813186813187,0.0865384615384616
"12554",0.0582750582750583,0.0885780885780886,0.0885780885780886,0.0885780885780886,0.0734265734265734,0.0734265734265734,0.0734265734265734,0.0734265734265734,0.0734265734265734,0.0582750582750583,0.0734265734265734,0.0734265734265734,0.103729603729604
"9204",0.0682556879739978,0.0682556879739978,0.0964247020585049,0.110509209100758,0.0682556879739978,0.110509209100758,0.0541711809317443,0.0682556879739978,0.0823401950162514,0.0682556879739978,0.0541711809317443,0.0964247020585049,0.0541711809317443
"12903",0.0699300699300699,0.0699300699300699,0.0699300699300699,0.0881118881118881,0.0699300699300699,0.0881118881118881,0.0881118881118881,0.0699300699300699,0.0699300699300699,0.0881118881118881,0.0699300699300699,0.0699300699300699,0.0881118881118881
"11684",0.0754147812971342,0.0754147812971342,0.0754147812971342,0.0754147812971342,0.0754147812971342,0.0754147812971342,0.0754147812971342,0.0754147812971342,0.0950226244343891,0.0754147812971342,0.0754147812971342,0.0754147812971342,0.0754147812971342
"6080",0.0821382007822686,0.116036505867014,0.0651890482398957,0.0651890482398957,0.0821382007822686,0.0821382007822686,0.0821382007822686,0.0651890482398957,0.0651890482398957,0.0821382007822686,0.0651890482398957,0.0651890482398957,0.0821382007822686
"10721",0.0630517023959647,0.0958385876418663,0.0794451450189155,0.0794451450189155,0.0794451450189155,0.0630517023959647,0.0958385876418663,0.0630517023959647,0.112232030264817,0.0794451450189155,0.0630517023959647,0.0630517023959647,0.0630517023959647
"10717",0.0754147812971342,0.0950226244343891,0.0754147812971342,0.0754147812971342,0.0754147812971342,0.0754147812971342,0.0754147812971342,0.0754147812971342,0.0754147812971342,0.0754147812971342,0.0754147812971342,0.0754147812971342,0.0754147812971342
"9416",0.0850202429149798,0.0674763832658569,0.0674763832658569,0.102564102564103,0.0674763832658569,0.0674763832658569,0.0674763832658569,0.0674763832658569,0.0674763832658569,0.0850202429149798,0.0674763832658569,0.120107962213225,0.0674763832658569
"7408",0.0486854917234664,0.0993184031158715,0.0866601752677702,0.0613437195715677,0.0486854917234664,0.074001947419669,0.149951314508277,0.0613437195715677,0.074001947419669,0.0486854917234664,0.111976630963973,0.0866601752677702,0.0486854917234664
"5936",0.112232030264817,0.0794451450189155,0.0630517023959647,0.0958385876418663,0.0630517023959647,0.0630517023959647,0.0630517023959647,0.0794451450189155,0.0630517023959647,0.0958385876418663,0.0630517023959647,0.0630517023959647,0.0958385876418663
"5655",0.0950226244343891,0.0754147812971342,0.0754147812971342,0.0754147812971342,0.0754147812971342,0.0754147812971342,0.0754147812971342,0.0754147812971342,0.0754147812971342,0.0754147812971342,0.0754147812971342,0.0754147812971342,0.0754147812971342
"6298",0.108262108262108,0.0712250712250712,0.0712250712250712,0.0897435897435898,0.0712250712250712,0.0712250712250712,0.0712250712250712,0.0897435897435898,0.0712250712250712,0.0712250712250712,0.0712250712250712,0.0712250712250712,0.0712250712250712
"9517",0.0897435897435898,0.0712250712250712,0.0712250712250712,0.0712250712250712,0.0897435897435898,0.0897435897435898,0.0712250712250712,0.0712250712250712,0.0897435897435898,0.0712250712250712,0.0712250712250712,0.0712250712250712,0.0712250712250712
"13392",0.0754147812971342,0.0754147812971342,0.0754147812971342,0.0754147812971342,0.0950226244343891,0.0754147812971342,0.0754147812971342,0.0754147812971342,0.0754147812971342,0.0754147812971342,0.0754147812971342,0.0754147812971342,0.0754147812971342
"5528",0.0807692307692308,0.0974358974358975,0.0641025641025641,0.0641025641025641,0.0974358974358975,0.0641025641025641,0.0641025641025641,0.0974358974358975,0.0807692307692308,0.0807692307692308,0.0641025641025641,0.0641025641025641,0.0807692307692308
"12611",0.0794451450189155,0.0630517023959647,0.112232030264817,0.0630517023959647,0.0630517023959647,0.0794451450189155,0.0630517023959647,0.0630517023959647,0.0630517023959647,0.0958385876418663,0.112232030264817,0.0630517023959647,0.0794451450189155
"10708",0.0781637717121588,0.126550868486352,0.0781637717121588,0.0781637717121588,0.0620347394540943,0.0620347394540943,0.0781637717121588,0.0942928039702233,0.0781637717121588,0.0781637717121588,0.0620347394540943,0.0620347394540943,0.0620347394540943
"1832",0.0712250712250712,0.0897435897435898,0.0712250712250712,0.0712250712250712,0.0897435897435898,0.0712250712250712,0.0897435897435898,0.0712250712250712,0.0712250712250712,0.0712250712250712,0.0897435897435898,0.0712250712250712,0.0712250712250712
"13631",0.0754147812971342,0.0754147812971342,0.0754147812971342,0.0754147812971342,0.0754147812971342,0.0754147812971342,0.0754147812971342,0.0754147812971342,0.0950226244343891,0.0754147812971342,0.0754147812971342,0.0754147812971342,0.0754147812971342
"13498",0.0712250712250712,0.0712250712250712,0.0712250712250712,0.0712250712250712,0.0712250712250712,0.0712250712250712,0.0712250712250712,0.0712250712250712,0.0712250712250712,0.0897435897435898,0.0897435897435898,0.0897435897435898,0.0897435897435898
"11683",0.0712250712250712,0.0712250712250712,0.0712250712250712,0.0712250712250712,0.0712250712250712,0.0897435897435898,0.0712250712250712,0.108262108262108,0.0897435897435898,0.0712250712250712,0.0712250712250712,0.0712250712250712,0.0712250712250712
"1675",0.0821382007822686,0.0651890482398957,0.0651890482398957,0.0821382007822686,0.0821382007822686,0.0651890482398957,0.0651890482398957,0.0821382007822686,0.0651890482398957,0.0821382007822686,0.0990873533246415,0.0821382007822686,0.0821382007822686
"3722",0.10079575596817,0.0663129973474801,0.0835543766578249,0.0663129973474801,0.0835543766578249,0.0663129973474801,0.0835543766578249,0.0835543766578249,0.0663129973474801,0.0663129973474801,0.0663129973474801,0.0835543766578249,0.0835543766578249
"14326",0.0897435897435898,0.0712250712250712,0.0712250712250712,0.0712250712250712,0.0712250712250712,0.0897435897435898,0.0712250712250712,0.0712250712250712,0.0712250712250712,0.0897435897435898,0.0897435897435898,0.0712250712250712,0.0712250712250712
"10263",0.0754147812971342,0.0754147812971342,0.0754147812971342,0.0754147812971342,0.0754147812971342,0.0754147812971342,0.0754147812971342,0.0754147812971342,0.0754147812971342,0.0754147812971342,0.0754147812971342,0.0754147812971342,0.0950226244343891
"10353",0.0914368650217707,0.0725689404934688,0.0725689404934688,0.0725689404934688,0.0725689404934688,0.0725689404934688,0.0725689404934688,0.0725689404934688,0.110304789550073,0.0725689404934688,0.0725689404934688,0.0725689404934688,0.0725689404934688
"5309",0.0641025641025641,0.0807692307692308,0.0641025641025641,0.0641025641025641,0.0974358974358975,0.0641025641025641,0.0974358974358975,0.0641025641025641,0.0974358974358975,0.0807692307692308,0.0641025641025641,0.0641025641025641,0.0974358974358975
"9082",0.0881118881118881,0.0699300699300699,0.0699300699300699,0.0881118881118881,0.106293706293706,0.0699300699300699,0.0699300699300699,0.0881118881118881,0.0699300699300699,0.0699300699300699,0.0699300699300699,0.0699300699300699,0.0699300699300699
"9532",0.0725689404934688,0.0914368650217707,0.0725689404934688,0.0725689404934688,0.0914368650217707,0.0725689404934688,0.0725689404934688,0.0725689404934688,0.0725689404934688,0.0725689404934688,0.0725689404934688,0.0914368650217707,0.0725689404934688
"8053",0.0865384615384616,0.0686813186813187,0.0686813186813187,0.0865384615384616,0.0686813186813187,0.0686813186813187,0.0686813186813187,0.122252747252747,0.0865384615384616,0.0686813186813187,0.0686813186813187,0.0686813186813187,0.0686813186813187
"4249",0.0674763832658569,0.0674763832658569,0.0674763832658569,0.102564102564103,0.0850202429149798,0.0674763832658569,0.0850202429149798,0.0850202429149798,0.0674763832658569,0.0674763832658569,0.0674763832658569,0.0674763832658569,0.102564102564103
"4627",0.0897435897435898,0.0712250712250712,0.0897435897435898,0.0712250712250712,0.0712250712250712,0.0712250712250712,0.0897435897435898,0.0897435897435898,0.0712250712250712,0.0712250712250712,0.0712250712250712,0.0712250712250712,0.0712250712250712
"9829",0.0865384615384616,0.0686813186813187,0.0686813186813187,0.104395604395604,0.0865384615384616,0.0686813186813187,0.0686813186813187,0.0686813186813187,0.0686813186813187,0.0865384615384616,0.0686813186813187,0.0686813186813187,0.0865384615384616
"2431",0.0591715976331361,0.120710059171598,0.0899408284023669,0.0745562130177515,0.0745562130177515,0.0745562130177515,0.0745562130177515,0.0899408284023669,0.0591715976331361,0.0899408284023669,0.0745562130177515,0.0591715976331361,0.0591715976331361
"7254",0.131868131868132,0.0461538461538462,0.0366300366300366,0.0747252747252747,0.0366300366300366,0.0652014652014652,0.131868131868132,0.103296703296703,0.16996336996337,0.0461538461538462,0.0556776556776557,0.0556776556776557,0.0461538461538462
"7742",0.0591715976331361,0.0899408284023669,0.0745562130177515,0.105325443786982,0.0745562130177515,0.0591715976331361,0.120710059171598,0.0899408284023669,0.0745562130177515,0.0591715976331361,0.0745562130177515,0.0591715976331361,0.0591715976331361
"13231",0.0754147812971342,0.0754147812971342,0.0754147812971342,0.0950226244343891,0.0754147812971342,0.0754147812971342,0.0754147812971342,0.0754147812971342,0.0754147812971342,0.0754147812971342,0.0754147812971342,0.0754147812971342,0.0754147812971342
"9301",0.0897435897435898,0.0712250712250712,0.0712250712250712,0.0897435897435898,0.0712250712250712,0.0897435897435898,0.0712250712250712,0.0712250712250712,0.0712250712250712,0.0712250712250712,0.0712250712250712,0.0712250712250712,0.0897435897435898
"354",0.0486854917234664,0.0486854917234664,0.0613437195715677,0.0613437195715677,0.0613437195715677,0.0866601752677702,0.0613437195715677,0.0866601752677702,0.074001947419669,0.162609542356378,0.0993184031158715,0.0613437195715677,0.0866601752677702
"8898",0.0630517023959647,0.0794451450189155,0.0794451450189155,0.0794451450189155,0.0630517023959647,0.0794451450189155,0.0794451450189155,0.0630517023959647,0.0958385876418663,0.0794451450189155,0.0630517023959647,0.112232030264817,0.0630517023959647
"3106",0.0699300699300699,0.0699300699300699,0.0881118881118881,0.0881118881118881,0.0699300699300699,0.0699300699300699,0.0699300699300699,0.0699300699300699,0.0881118881118881,0.0699300699300699,0.0699300699300699,0.0699300699300699,0.106293706293706
"4598",0.0663129973474801,0.0663129973474801,0.10079575596817,0.0663129973474801,0.0663129973474801,0.0663129973474801,0.0663129973474801,0.0835543766578249,0.0663129973474801,0.10079575596817,0.0663129973474801,0.118037135278515,0.0663129973474801
"6884",0.0600961538461538,0.0600961538461538,0.0600961538461538,0.0757211538461539,0.0757211538461539,0.0600961538461538,0.0913461538461539,0.0757211538461539,0.122596153846154,0.0757211538461539,0.0600961538461538,0.0757211538461539,0.106971153846154
"11777",0.0712250712250712,0.0712250712250712,0.0712250712250712,0.0712250712250712,0.0712250712250712,0.0712250712250712,0.108262108262108,0.0712250712250712,0.0897435897435898,0.0897435897435898,0.0712250712250712,0.0712250712250712,0.0712250712250712
"7232",0.0646153846153846,0.0646153846153846,0.0912820512820513,0.0912820512820513,0.0912820512820513,0.0646153846153846,0.0646153846153846,0.131282051282051,0.077948717948718,0.0646153846153846,0.0646153846153846,0.0646153846153846,0.0646153846153846
"5724",0.0651890482398957,0.0651890482398957,0.0651890482398957,0.0821382007822686,0.0651890482398957,0.0651890482398957,0.0990873533246415,0.0821382007822686,0.0990873533246415,0.0651890482398957,0.0990873533246415,0.0821382007822686,0.0651890482398957
"4861",0.0754147812971342,0.0754147812971342,0.0754147812971342,0.0754147812971342,0.0754147812971342,0.0754147812971342,0.0754147812971342,0.0754147812971342,0.0950226244343891,0.0754147812971342,0.0754147812971342,0.0754147812971342,0.0754147812971342
"8863",0.0807692307692308,0.0641025641025641,0.0641025641025641,0.0641025641025641,0.0974358974358975,0.0807692307692308,0.0641025641025641,0.0641025641025641,0.0807692307692308,0.0807692307692308,0.0641025641025641,0.0807692307692308,0.114102564102564
"14064",0.0781637717121588,0.0781637717121588,0.0781637717121588,0.0620347394540943,0.0620347394540943,0.0942928039702233,0.0781637717121588,0.0620347394540943,0.0620347394540943,0.0942928039702233,0.0942928039702233,0.0942928039702233,0.0620347394540943
"1487",0.0897435897435898,0.0712250712250712,0.0712250712250712,0.0897435897435898,0.108262108262108,0.0712250712250712,0.0712250712250712,0.0712250712250712,0.0712250712250712,0.0712250712250712,0.0712250712250712,0.0712250712250712,0.0712250712250712
"238",0.079002079002079,0.106029106029106,0.051975051975052,0.0925155925155925,0.0654885654885655,0.0654885654885655,0.106029106029106,0.0654885654885655,0.079002079002079,0.0925155925155925,0.051975051975052,0.0654885654885655,0.079002079002079
"948",0.0682556879739978,0.0823401950162514,0.0541711809317443,0.0682556879739978,0.0823401950162514,0.0682556879739978,0.0541711809317443,0.0823401950162514,0.0682556879739978,0.152762730227519,0.0682556879739978,0.0823401950162514,0.0682556879739978
"8851",0.0526870389884089,0.0663856691253952,0.0526870389884089,0.0526870389884089,0.0800842992623815,0.0937829293993678,0.0800842992623815,0.12118018967334,0.107481559536354,0.0800842992623815,0.0526870389884089,0.0937829293993678,0.0663856691253952
"6247",0.0630517023959647,0.0630517023959647,0.0630517023959647,0.0630517023959647,0.0630517023959647,0.0630517023959647,0.0958385876418663,0.128625472887768,0.0630517023959647,0.0958385876418663,0.0958385876418663,0.0794451450189155,0.0630517023959647
"12534",0.100678733031674,0.0565610859728507,0.115384615384615,0.0565610859728507,0.085972850678733,0.0565610859728507,0.0712669683257919,0.0712669683257919,0.0565610859728507,0.0712669683257919,0.0712669683257919,0.085972850678733,0.100678733031674
"3022",0.0641025641025641,0.0807692307692308,0.147435897435897,0.0641025641025641,0.0807692307692308,0.0641025641025641,0.0641025641025641,0.0974358974358975,0.0641025641025641,0.0807692307692308,0.0641025641025641,0.0641025641025641,0.0641025641025641
"444",0.108669108669109,0.108669108669109,0.061050061050061,0.108669108669109,0.061050061050061,0.0927960927960928,0.0927960927960928,0.061050061050061,0.061050061050061,0.061050061050061,0.061050061050061,0.061050061050061,0.061050061050061
"936",0.0745562130177515,0.0745562130177515,0.0591715976331361,0.0745562130177515,0.105325443786982,0.0591715976331361,0.0745562130177515,0.0745562130177515,0.0899408284023669,0.0745562130177515,0.0745562130177515,0.0591715976331361,0.105325443786982
"4109",0.0835543766578249,0.0663129973474801,0.0663129973474801,0.10079575596817,0.0663129973474801,0.0835543766578249,0.0663129973474801,0.0663129973474801,0.10079575596817,0.0663129973474801,0.0663129973474801,0.10079575596817,0.0663129973474801
"12480",0.085972850678733,0.115384615384615,0.0712669683257919,0.0565610859728507,0.0565610859728507,0.0565610859728507,0.0565610859728507,0.0712669683257919,0.085972850678733,0.0712669683257919,0.144796380090498,0.0712669683257919,0.0565610859728507
"7471",0.0646153846153846,0.0512820512820513,0.0912820512820513,0.0912820512820513,0.0646153846153846,0.077948717948718,0.077948717948718,0.0912820512820513,0.0912820512820513,0.0912820512820513,0.077948717948718,0.077948717948718,0.0512820512820513
"12589",0.0651890482398957,0.0651890482398957,0.0821382007822686,0.0821382007822686,0.0821382007822686,0.0651890482398957,0.0821382007822686,0.0821382007822686,0.0651890482398957,0.0821382007822686,0.0651890482398957,0.0821382007822686,0.0990873533246415
"5384",0.0699300699300699,0.106293706293706,0.0881118881118881,0.0699300699300699,0.0699300699300699,0.0699300699300699,0.0881118881118881,0.0699300699300699,0.0699300699300699,0.0699300699300699,0.0881118881118881,0.0699300699300699,0.0699300699300699
"13039",0.0725689404934688,0.0725689404934688,0.0725689404934688,0.0914368650217707,0.0725689404934688,0.0725689404934688,0.0914368650217707,0.0725689404934688,0.0725689404934688,0.0725689404934688,0.0914368650217707,0.0725689404934688,0.0725689404934688
"4944",0.110304789550073,0.0725689404934688,0.0725689404934688,0.0725689404934688,0.0725689404934688,0.0725689404934688,0.0725689404934688,0.0725689404934688,0.0725689404934688,0.0914368650217707,0.0725689404934688,0.0725689404934688,0.0725689404934688
"2442",0.120107962213225,0.0850202429149798,0.0850202429149798,0.0850202429149798,0.0674763832658569,0.0674763832658569,0.0674763832658569,0.0850202429149798,0.0674763832658569,0.0674763832658569,0.0674763832658569,0.0674763832658569,0.0674763832658569
"2394",0.0739644970414201,0.0739644970414201,0.0739644970414201,0.0931952662721894,0.0739644970414201,0.0931952662721894,0.0739644970414201,0.0739644970414201,0.0739644970414201,0.0739644970414201,0.0739644970414201,0.0739644970414201,0.0739644970414201
"1417",0.0897435897435898,0.0712250712250712,0.0712250712250712,0.0712250712250712,0.126780626780627,0.0712250712250712,0.0712250712250712,0.0712250712250712,0.0712250712250712,0.0712250712250712,0.0712250712250712,0.0712250712250712,0.0712250712250712
"143",0.0968660968660969,0.0598290598290598,0.0721747388414055,0.0721747388414055,0.0474833808167142,0.0968660968660969,0.0598290598290598,0.0598290598290598,0.109211775878443,0.133903133903134,0.0721747388414055,0.0474833808167142,0.0721747388414055
"12040",0.0725689404934688,0.0725689404934688,0.0725689404934688,0.0914368650217707,0.0725689404934688,0.0725689404934688,0.0914368650217707,0.0725689404934688,0.0725689404934688,0.0914368650217707,0.0725689404934688,0.0725689404934688,0.0725689404934688
"2413",0.0794451450189155,0.0630517023959647,0.0630517023959647,0.0630517023959647,0.0794451450189155,0.0958385876418663,0.0630517023959647,0.0958385876418663,0.128625472887768,0.0630517023959647,0.0630517023959647,0.0630517023959647,0.0794451450189155
"11912",0.0686813186813187,0.0865384615384616,0.0686813186813187,0.0686813186813187,0.0686813186813187,0.0686813186813187,0.0865384615384616,0.0865384615384616,0.0865384615384616,0.0686813186813187,0.0686813186813187,0.0865384615384616,0.0865384615384616
"1497",0.0821382007822686,0.0651890482398957,0.116036505867014,0.0651890482398957,0.0651890482398957,0.0651890482398957,0.0651890482398957,0.0651890482398957,0.0651890482398957,0.0821382007822686,0.116036505867014,0.0651890482398957,0.0821382007822686
"8728",0.0865384615384616,0.0686813186813187,0.0686813186813187,0.0686813186813187,0.0686813186813187,0.0865384615384616,0.0865384615384616,0.0686813186813187,0.0686813186813187,0.0865384615384616,0.0865384615384616,0.0865384615384616,0.0686813186813187
"3569",0.0686813186813187,0.0686813186813187,0.0686813186813187,0.0686813186813187,0.0865384615384616,0.0865384615384616,0.0686813186813187,0.0686813186813187,0.0686813186813187,0.0686813186813187,0.14010989010989,0.0686813186813187,0.0686813186813187
"4662",0.0712250712250712,0.0897435897435898,0.0712250712250712,0.0712250712250712,0.0712250712250712,0.0712250712250712,0.0712250712250712,0.0897435897435898,0.0897435897435898,0.0712250712250712,0.0897435897435898,0.0712250712250712,0.0712250712250712
"1146",0.0630517023959647,0.0630517023959647,0.0630517023959647,0.112232030264817,0.0794451450189155,0.0630517023959647,0.0630517023959647,0.0630517023959647,0.0630517023959647,0.0630517023959647,0.16141235813367,0.0794451450189155,0.0630517023959647
"668",0.108974358974359,0.0950854700854701,0.0811965811965812,0.0673076923076923,0.0811965811965812,0.0534188034188034,0.0673076923076923,0.0811965811965812,0.0673076923076923,0.0950854700854701,0.0673076923076923,0.0673076923076923,0.0673076923076923
"2461",0.14010989010989,0.0686813186813187,0.0865384615384616,0.0686813186813187,0.0686813186813187,0.0686813186813187,0.0686813186813187,0.0686813186813187,0.0686813186813187,0.0865384615384616,0.0686813186813187,0.0686813186813187,0.0686813186813187
"9255",0.0651890482398957,0.116036505867014,0.0651890482398957,0.0651890482398957,0.0821382007822686,0.0651890482398957,0.116036505867014,0.0651890482398957,0.0651890482398957,0.0990873533246415,0.0651890482398957,0.0651890482398957,0.0651890482398957
"3847",0.0663129973474801,0.0835543766578249,0.10079575596817,0.0663129973474801,0.0663129973474801,0.0663129973474801,0.0663129973474801,0.0663129973474801,0.10079575596817,0.0663129973474801,0.0663129973474801,0.0835543766578249,0.10079575596817
"13322",0.0739644970414201,0.0739644970414201,0.0931952662721894,0.0739644970414201,0.0739644970414201,0.0739644970414201,0.0739644970414201,0.0739644970414201,0.0931952662721894,0.0739644970414201,0.0739644970414201,0.0739644970414201,0.0739644970414201
"13849",0.0754147812971342,0.0950226244343891,0.0754147812971342,0.0754147812971342,0.0754147812971342,0.0754147812971342,0.0754147812971342,0.0754147812971342,0.0754147812971342,0.0754147812971342,0.0754147812971342,0.0754147812971342,0.0754147812971342
"6810",0.0754147812971342,0.0754147812971342,0.0754147812971342,0.0950226244343891,0.0754147812971342,0.0754147812971342,0.0754147812971342,0.0754147812971342,0.0754147812971342,0.0754147812971342,0.0754147812971342,0.0754147812971342,0.0754147812971342
"10480",0.0725689404934688,0.0725689404934688,0.0725689404934688,0.0725689404934688,0.0914368650217707,0.0725689404934688,0.0914368650217707,0.0725689404934688,0.0725689404934688,0.0914368650217707,0.0725689404934688,0.0725689404934688,0.0725689404934688
"1100",0.0582750582750583,0.0582750582750583,0.0582750582750583,0.0582750582750583,0.0582750582750583,0.0734265734265734,0.0582750582750583,0.0734265734265734,0.0582750582750583,0.103729603729604,0.164335664335664,0.0885780885780886,0.0885780885780886
"6653",0.0725689404934688,0.0725689404934688,0.0725689404934688,0.0725689404934688,0.0725689404934688,0.0725689404934688,0.0914368650217707,0.0725689404934688,0.0914368650217707,0.0914368650217707,0.0725689404934688,0.0725689404934688,0.0725689404934688
"6206",0.0674763832658569,0.120107962213225,0.0674763832658569,0.0674763832658569,0.0850202429149798,0.0674763832658569,0.0674763832658569,0.0674763832658569,0.0850202429149798,0.102564102564103,0.0674763832658569,0.0674763832658569,0.0674763832658569
"12125",0.0754147812971342,0.0754147812971342,0.0754147812971342,0.0754147812971342,0.0950226244343891,0.0754147812971342,0.0754147812971342,0.0754147812971342,0.0754147812971342,0.0754147812971342,0.0754147812971342,0.0754147812971342,0.0754147812971342
"309",0.148076923076923,0.135576923076923,0.0480769230769231,0.0605769230769231,0.0730769230769231,0.0480769230769231,0.110576923076923,0.0480769230769231,0.0480769230769231,0.0730769230769231,0.0605769230769231,0.0855769230769231,0.0605769230769231
"13461",0.0739644970414201,0.0739644970414201,0.0739644970414201,0.0739644970414201,0.0739644970414201,0.0739644970414201,0.0739644970414201,0.0739644970414201,0.0739644970414201,0.0931952662721894,0.0931952662721894,0.0739644970414201,0.0739644970414201
"452",0.0712669683257919,0.0565610859728507,0.100678733031674,0.0565610859728507,0.0565610859728507,0.0712669683257919,0.0565610859728507,0.100678733031674,0.0712669683257919,0.130090497737557,0.100678733031674,0.0565610859728507,0.0712669683257919
"1546",0.0913461538461539,0.138221153846154,0.0600961538461538,0.0600961538461538,0.0913461538461539,0.0600961538461538,0.0757211538461539,0.0757211538461539,0.0757211538461539,0.0600961538461538,0.0600961538461538,0.0913461538461539,0.0600961538461538
"7907",0.0702341137123746,0.0702341137123746,0.0992196209587514,0.084726867335563,0.0557413600891862,0.0702341137123746,0.0557413600891862,0.0557413600891862,0.0702341137123746,0.0702341137123746,0.128205128205128,0.0992196209587514,0.0702341137123746
"6154",0.0641025641025641,0.0807692307692308,0.0974358974358975,0.0641025641025641,0.0807692307692308,0.0807692307692308,0.0641025641025641,0.0641025641025641,0.0807692307692308,0.0807692307692308,0.0641025641025641,0.0974358974358975,0.0807692307692308
"10970",0.0686813186813187,0.122252747252747,0.0686813186813187,0.0686813186813187,0.0686813186813187,0.0686813186813187,0.0865384615384616,0.0686813186813187,0.0865384615384616,0.0686813186813187,0.0686813186813187,0.0865384615384616,0.0686813186813187
"2015",0.14010989010989,0.0686813186813187,0.0686813186813187,0.0686813186813187,0.0686813186813187,0.0686813186813187,0.0865384615384616,0.0865384615384616,0.0686813186813187,0.0686813186813187,0.0686813186813187,0.0686813186813187,0.0686813186813187
"11469",0.0865384615384616,0.0686813186813187,0.104395604395604,0.0686813186813187,0.0686813186813187,0.0686813186813187,0.0686813186813187,0.0865384615384616,0.0686813186813187,0.0686813186813187,0.104395604395604,0.0686813186813187,0.0686813186813187
"160",0.0565610859728507,0.0712669683257919,0.085972850678733,0.0565610859728507,0.100678733031674,0.085972850678733,0.0712669683257919,0.0712669683257919,0.085972850678733,0.085972850678733,0.0565610859728507,0.0712669683257919,0.100678733031674
"1305",0.087256027554535,0.0574052812858783,0.0723306544202067,0.0574052812858783,0.0723306544202067,0.0574052812858783,0.0574052812858783,0.0723306544202067,0.117106773823192,0.102181400688863,0.0723306544202067,0.0574052812858783,0.117106773823192
"14200",0.0757211538461539,0.0600961538461538,0.0600961538461538,0.0600961538461538,0.0600961538461538,0.0600961538461538,0.0600961538461538,0.0913461538461539,0.0600961538461538,0.106971153846154,0.122596153846154,0.0757211538461539,0.106971153846154
"8088",0.0807692307692308,0.0807692307692308,0.0641025641025641,0.0807692307692308,0.0641025641025641,0.0807692307692308,0.0807692307692308,0.0807692307692308,0.0974358974358975,0.0807692307692308,0.0807692307692308,0.0641025641025641,0.0641025641025641
